timestamp,pod_name,cpu_pct,mem_pct,request_rate
2026-01-01 00:00:00,app-pod-1,29.44541290936422,49.73671361763906,107.09982721678487
2026-01-01 00:00:15,app-pod-1,27.979027978111464,44.63274485208262,127.87783115123963
2026-01-01 00:00:30,app-pod-1,33.71125721270882,50.19442329183185,109.80559512592816
2026-01-01 00:00:45,app-pod-1,29.601861283924126,46.80438019273994,122.12160794791785
2026-01-01 00:01:00,app-pod-1,28.80228271920561,42.946178667264256,114.55042698423436
2026-01-01 00:01:15,app-pod-1,29.05268188595559,41.98208625922354,135.6181451966881
2026-01-01 00:01:30,app-pod-1,31.727826316007082,44.908794393587996,147.83658335860397
2026-01-01 00:01:45,app-pod-1,31.24904701860807,45.55441012874212,110.85825970522318
2026-01-01 00:02:00,app-pod-1,31.412728544755442,38.28091994869682,128.1660847111464
2026-01-01 00:02:15,app-pod-1,31.48880939576664,45.7019602235972,117.39617244944345
2026-01-01 00:02:30,app-pod-1,36.64310463249503,52.94325747923161,142.17250775637902
2026-01-01 00:02:45,app-pod-1,29.020731964277147,39.282650233348846,125.3437444754782
2026-01-01 00:03:00,app-pod-1,28.725063724212276,38.541305680339605,109.87684306547013
2026-01-01 00:03:15,app-pod-1,27.8422883131699,41.87233336541226,114.27803510059996
2026-01-01 00:03:30,app-pod-1,32.153359014659976,39.2590635582213,142.97251853783635
2026-01-01 00:03:45,app-pod-1,33.71415151069241,37.015812974347156,157.58403189970852
2026-01-01 00:04:00,app-pod-1,30.007205755781047,46.74363922957262,124.359025195266
2026-01-01 00:04:15,app-pod-1,27.850391778737578,37.24051794499914,113.1680482205524
2026-01-01 00:04:30,app-pod-1,27.91923020213885,39.63570403509824,95.06756841632769
2026-01-01 00:04:45,app-pod-1,32.366264385026874,39.605759864478486,153.2520343517683
2026-01-01 00:05:00,app-pod-1,32.66606021430155,49.25001622457608,138.09975687462844
2026-01-01 00:05:15,app-pod-1,32.08757166558953,46.72718095733274,130.3936635296585
2026-01-01 00:05:30,app-pod-1,28.483390353681497,38.73467554180854,115.2092997476764
2026-01-01 00:05:45,app-pod-1,31.19821348855959,35.93926261817795,130.20265605756717
2026-01-01 00:06:00,app-pod-1,30.87359639357965,39.87686845121475,135.0712429225296
2026-01-01 00:06:15,app-pod-1,31.201413580177405,44.69175300587275,138.23891227266853
2026-01-01 00:06:30,app-pod-1,33.18144229875214,44.17018812952532,156.88779763210763
2026-01-01 00:06:45,app-pod-1,31.25975011128331,42.427315300158256,128.67932807282247
2026-01-01 00:07:00,app-pod-1,32.64751095341214,43.91175146473755,156.9030621026296
2026-01-01 00:07:15,app-pod-1,30.835313545137648,45.37870063908715,139.20710337278902
2026-01-01 00:07:30,app-pod-1,31.521739852505473,41.85592187642861,125.18498869247978
2026-01-01 00:07:45,app-pod-1,32.570050875059316,45.04910286483903,105.26959757358739
2026-01-01 00:08:00,app-pod-1,26.32652247448302,33.49396969341262,106.58952386238683
2026-01-01 00:08:15,app-pod-1,29.760779190938067,53.601799318533274,142.4202838371071
2026-01-01 00:08:30,app-pod-1,29.330476926601623,39.11203725203986,105.69296075442334
2026-01-01 00:08:45,app-pod-1,28.846762511787606,41.21069879767121,116.6239897590887
2026-01-01 00:09:00,app-pod-1,29.95976956150132,43.80416631698198,122.31736188583193
2026-01-01 00:09:15,app-pod-1,35.29181957323404,42.65032113926112,155.29917717040416
2026-01-01 00:09:30,app-pod-1,28.231300656547056,39.801034430830256,107.10802940943877
2026-01-01 00:09:45,app-pod-1,33.7554264453055,43.607174884997725,121.98094955439267
2026-01-01 00:10:00,app-pod-1,25.823778432459306,33.50645443985463,111.84514599819325
2026-01-01 00:10:15,app-pod-1,29.889527985060685,43.11561671724067,108.4073066546787
2026-01-01 00:10:30,app-pod-1,31.40423653404543,33.73685638253815,98.08436585405008
2026-01-01 00:10:45,app-pod-1,32.69643750658852,51.65104846669503,158.39132889277207
2026-01-01 00:11:00,app-pod-1,33.09324230980545,47.13012404175578,146.27842917128507
2026-01-01 00:11:15,app-pod-1,33.36139519214814,46.54858842277058,161.69639754985036
2026-01-01 00:11:30,app-pod-1,29.956968018200556,32.28666705057418,132.93806336803527
2026-01-01 00:11:45,app-pod-1,29.637876411697825,36.783870121723375,128.75697947217807
2026-01-01 00:12:00,app-pod-1,33.62064676863034,50.48117834206651,140.0256215758267
2026-01-01 00:12:15,app-pod-1,30.494592239878074,62.102421553112656,119.18794473607812
2026-01-01 00:12:30,app-pod-1,27.26323106274636,45.05772406920761,116.73452297956189
2026-01-01 00:12:45,app-pod-1,27.71221191163805,44.58326538940139,102.55036038094067
2026-01-01 00:13:00,app-pod-1,28.375498893262716,42.48772036585484,97.4635579858626
2026-01-01 00:13:15,app-pod-1,32.6471188318597,38.615497203750934,125.60508807362268
2026-01-01 00:13:30,app-pod-1,31.604693281235477,47.099155712866484,145.79115749521281
2026-01-01 00:13:45,app-pod-1,33.270650207531325,37.783418459787285,114.59650052624654
2026-01-01 00:14:00,app-pod-1,29.939212851687536,34.90452317048201,101.50910164474865
2026-01-01 00:14:15,app-pod-1,31.718365056448995,35.835208912321846,135.74309766648832
2026-01-01 00:14:30,app-pod-1,33.141290878884625,48.0775168477272,126.3389829489885
2026-01-01 00:14:45,app-pod-1,30.358252286918905,40.963706326205724,128.7154348250676
2026-01-01 00:15:00,app-pod-1,32.6783882972751,43.37916230761447,145.56141466729207
2026-01-01 00:15:15,app-pod-1,29.344053883447206,40.463818033159626,124.29920279765699
2026-01-01 00:15:30,app-pod-1,30.262437706613966,35.555123688638645,111.56606714627915
2026-01-01 00:15:45,app-pod-1,30.228151495692487,37.80605151689772,140.15661311069903
2026-01-01 00:16:00,app-pod-1,27.807610538115387,36.363196345413506,122.36228239151421
2026-01-01 00:16:15,app-pod-1,32.877809554353426,35.98810945192059,131.91365603025739
2026-01-01 00:16:30,app-pod-1,30.03044604252622,38.5002617532666,119.79804196162841
2026-01-01 00:16:45,app-pod-1,31.497894658585075,36.641993979028356,131.60146672649515
2026-01-01 00:17:00,app-pod-1,32.924409780625716,45.93546499077296,127.0178836186283
2026-01-01 00:17:15,app-pod-1,32.84351906985263,46.295318668730964,106.90600585860963
2026-01-01 00:17:30,app-pod-1,33.521834816997405,36.99708875869874,145.33970546191472
2026-01-01 00:17:45,app-pod-1,31.25197516944318,40.393223797370226,135.36904597584035
2026-01-01 00:18:00,app-pod-1,30.29928697842444,50.48980029148063,86.68115842824689
2026-01-01 00:18:15,app-pod-1,31.351775706235262,37.04242850597322,133.06724496479984
2026-01-01 00:18:30,app-pod-1,26.550673568411344,40.718660586863265,132.54994735699105
2026-01-01 00:18:45,app-pod-1,27.293084065404102,39.632768515797295,92.25776096401331
2026-01-01 00:19:00,app-pod-1,27.688065313180882,44.84608350843115,109.65289188936286
2026-01-01 00:19:15,app-pod-1,28.6861643643213,41.55764926181194,112.01492274527432
2026-01-01 00:19:30,app-pod-1,32.89896622761914,40.87279896971465,156.5020439260398
2026-01-01 00:19:45,app-pod-1,29.00494305926603,40.63728074885064,132.83397789941853
2026-01-01 00:20:00,app-pod-1,30.608627192834994,41.83288875475317,109.25826657365351
2026-01-01 00:20:15,app-pod-1,35.66253230376559,44.505296701221795,147.78190706544024
2026-01-01 00:20:30,app-pod-1,30.717785952664794,34.90689289024527,157.41122579482206
2026-01-01 00:20:45,app-pod-1,34.02085290082215,50.030040068564965,126.71279311617153
2026-01-01 00:21:00,app-pod-1,29.029179333238417,45.652593472588514,115.94941057806369
2026-01-01 00:21:15,app-pod-1,31.235443699935423,36.64386545560551,132.644384352056
2026-01-01 00:21:30,app-pod-1,29.0234120056503,38.81276024303644,106.94282977681235
2026-01-01 00:21:45,app-pod-1,30.878098510250535,40.489240610404295,149.96044031589332
2026-01-01 00:22:00,app-pod-1,34.437839462776665,38.32389362144575,130.66133334685384
2026-01-01 00:22:15,app-pod-1,26.756668812320086,29.395686829812725,86.19114831241743
2026-01-01 00:22:30,app-pod-1,33.26361373722878,39.931566356498465,125.17972436517078
2026-01-01 00:22:45,app-pod-1,32.69526000564733,41.104670302697166,140.57634131538185
2026-01-01 00:23:00,app-pod-1,30.221311365151138,33.9487512887857,108.91263357429075
2026-01-01 00:23:15,app-pod-1,27.687293318368305,40.26599414328521,115.28216410647975
2026-01-01 00:23:30,app-pod-1,32.263558643840724,48.39877256727021,137.4924911774879
2026-01-01 00:23:45,app-pod-1,30.480392796721517,45.5468556885314,103.78756055569126
2026-01-01 00:24:00,app-pod-1,32.78859789941718,42.31859026379843,122.69885833375534
2026-01-01 00:24:15,app-pod-1,32.177821555770755,33.32241660643354,133.94584911615402
2026-01-01 00:24:30,app-pod-1,36.939295133601604,49.43601829681636,158.29336293445914
2026-01-01 00:24:45,app-pod-1,31.43758237843611,42.73826851022807,117.66856921722987
2026-01-01 00:25:00,app-pod-1,29.106845019173694,42.496547059511684,118.70396473041521
2026-01-01 00:25:15,app-pod-1,32.73685004725303,52.59630903458969,126.6883564428257
2026-01-01 00:25:30,app-pod-1,32.88069622300085,38.892429208447325,142.4405374540123
2026-01-01 00:25:45,app-pod-1,36.319949283064126,31.049884832534673,153.07100081974062
2026-01-01 00:26:00,app-pod-1,34.76939801310187,39.071305720122524,133.47534682447238
2026-01-01 00:26:15,app-pod-1,33.35635247678545,45.779672075088925,140.6020676750842
2026-01-01 00:26:30,app-pod-1,36.697320277146524,45.82275370274277,140.60030553169562
2026-01-01 00:26:45,app-pod-1,28.76279199905418,34.05577375134452,121.9115973115639
2026-01-01 00:27:00,app-pod-1,30.431493350907513,34.203458429753105,128.79539158379887
2026-01-01 00:27:15,app-pod-1,29.592684114891764,38.94183380133725,153.93643438809468
2026-01-01 00:27:30,app-pod-1,31.224643696631944,35.62677723823333,119.85464115496612
2026-01-01 00:27:45,app-pod-1,28.285672981685693,42.40313817845261,111.02366462229038
2026-01-01 00:28:00,app-pod-1,34.34283970854616,41.98285335285097,127.66288482830277
2026-01-01 00:28:15,app-pod-1,31.792371320279866,39.11907050253735,111.67712981428154
2026-01-01 00:28:30,app-pod-1,28.068270145501735,35.85640708723618,105.42617317812065
2026-01-01 00:28:45,app-pod-1,29.45559845101976,41.9345325486168,127.7989042323976
2026-01-01 00:29:00,app-pod-1,33.464520925067184,43.63821076634721,144.92000667050831
2026-01-01 00:29:15,app-pod-1,35.05999977116141,45.55178618912595,144.67519675495558
2026-01-01 00:29:30,app-pod-1,38.55745039825224,47.89086249780563,149.7933283850603
2026-01-01 00:29:45,app-pod-1,41.330479722087546,48.57035812247775,157.92129409938804
2026-01-01 00:30:00,app-pod-1,33.85375214422902,38.53197358366986,121.6625509199857
2026-01-01 00:30:15,app-pod-1,29.663537898348096,37.112575895187355,110.3008375789473
2026-01-01 00:30:30,app-pod-1,26.25763869826371,36.40697256308991,85.60363390607071
2026-01-01 00:30:45,app-pod-1,33.47853405174221,53.760950026661156,154.28201088510377
2026-01-01 00:31:00,app-pod-1,30.258195319543482,34.43655512159638,148.5900535730046
2026-01-01 00:31:15,app-pod-1,31.47256255648523,39.93591127295521,96.85230892344201
2026-01-01 00:31:30,app-pod-1,30.903956436459936,42.1241048060744,127.9547803135989
2026-01-01 00:31:45,app-pod-1,32.33948341035357,41.120974620885036,133.4483129717547
2026-01-01 00:32:00,app-pod-1,35.98140271156424,50.55682960528366,147.05774269010897
2026-01-01 00:32:15,app-pod-1,33.276210359061956,41.750857598829036,124.2136766180527
2026-01-01 00:32:30,app-pod-1,32.35075944535529,41.47282461599565,144.7407471627565
2026-01-01 00:32:45,app-pod-1,29.74129863425889,44.89205161206281,125.12235406071396
2026-01-01 00:33:00,app-pod-1,27.84580360571052,48.545620838589244,126.89504073229956
2026-01-01 00:33:15,app-pod-1,31.432517844819923,49.040254361115586,114.66739168808762
2026-01-01 00:33:30,app-pod-1,32.751679611241194,42.24290630732312,110.25897637509583
2026-01-01 00:33:45,app-pod-1,38.23839922984688,46.51930840223079,159.4771798631178
2026-01-01 00:34:00,app-pod-1,33.34701178701087,43.576504474828624,118.94389126076969
2026-01-01 00:34:15,app-pod-1,35.92598197154347,45.883184422393356,159.52292197368197
2026-01-01 00:34:30,app-pod-1,31.50144831546344,37.81427324908533,94.10647354620126
2026-01-01 00:34:45,app-pod-1,29.466071915492552,45.30921933512198,110.83618923843731
2026-01-01 00:35:00,app-pod-1,30.147117437101215,42.13602784458478,111.34964203360886
2026-01-01 00:35:15,app-pod-1,30.888350418977907,41.39756434920797,118.56775204842918
2026-01-01 00:35:30,app-pod-1,39.47099505275407,41.273969654132486,161.80046629046436
2026-01-01 00:35:45,app-pod-1,30.64297938906418,41.76151661479798,128.51545359627767
2026-01-01 00:36:00,app-pod-1,35.64415691201365,35.484848322305524,152.17269168277502
2026-01-01 00:36:15,app-pod-1,30.441453917746877,38.40077102226165,133.09061113533198
2026-01-01 00:36:30,app-pod-1,35.96649689333207,42.36105929293646,141.29310356325183
2026-01-01 00:36:45,app-pod-1,34.34816938159281,45.478694532553064,169.02324295196811
2026-01-01 00:37:00,app-pod-1,32.744937619102245,52.320706458098044,151.7861054857638
2026-01-01 00:37:15,app-pod-1,33.114094737082404,46.03940364428487,127.7765557134092
2026-01-01 00:37:30,app-pod-1,31.29354638160361,49.14749283030059,123.12108014428476
2026-01-01 00:37:45,app-pod-1,34.61764934811656,47.458415409199475,133.47488050196245
2026-01-01 00:38:00,app-pod-1,31.936001676191214,47.98046862177193,133.19348591267354
2026-01-01 00:38:15,app-pod-1,29.64565027161356,50.03759195484503,104.0035336343115
2026-01-01 00:38:30,app-pod-1,29.51016633221526,36.9979322710394,106.19760341500177
2026-01-01 00:38:45,app-pod-1,33.883250321559544,39.73275305443416,103.02250760502253
2026-01-01 00:39:00,app-pod-1,38.12426384621179,50.03103919473486,146.5171534532495
2026-01-01 00:39:15,app-pod-1,33.88846439606907,43.70353280693712,151.52524534388633
2026-01-01 00:39:30,app-pod-1,33.07406999958583,44.25361816374488,130.01476469610134
2026-01-01 00:39:45,app-pod-1,34.30895473791067,42.77293385600066,135.79338982944768
2026-01-01 00:40:00,app-pod-1,37.39096877845908,43.19238455979777,153.736262271669
2026-01-01 00:40:15,app-pod-1,34.152594159145856,52.010639255277226,121.57681514465652
2026-01-01 00:40:30,app-pod-1,32.28314390618588,37.098895165230545,129.51186881440708
2026-01-01 00:40:45,app-pod-1,36.85626648885862,49.23134783840875,160.78000838791687
2026-01-01 00:41:00,app-pod-1,34.84514022486168,47.012739586055424,143.97900839862643
2026-01-01 00:41:15,app-pod-1,38.187605201520626,38.83625715321321,167.42289177500814
2026-01-01 00:41:30,app-pod-1,34.151502592969116,39.752150165110415,155.56798896590635
2026-01-01 00:41:45,app-pod-1,29.949849956089608,37.651442164513384,129.73824624892555
2026-01-01 00:42:00,app-pod-1,29.540232912105957,43.501083605057126,107.46042628572295
2026-01-01 00:42:15,app-pod-1,38.61894342824494,45.198084870118706,149.31374325867586
2026-01-01 00:42:30,app-pod-1,38.85860155320316,46.773072054188184,184.40673900731215
2026-01-01 00:42:45,app-pod-1,33.17048712238402,35.931104200745175,137.39447618946355
2026-01-01 00:43:00,app-pod-1,32.58091875676673,54.43620171331328,133.03802387365286
2026-01-01 00:43:15,app-pod-1,38.1362451159016,47.0513496748286,139.6455903579971
2026-01-01 00:43:30,app-pod-1,30.452202247600642,43.81154605980517,120.43689165617273
2026-01-01 00:43:45,app-pod-1,31.110580801479244,39.07427911820936,135.18792699820878
2026-01-01 00:44:00,app-pod-1,35.74616029159803,41.75917556877936,143.20732682383914
2026-01-01 00:44:15,app-pod-1,32.653778047219255,52.42106790782114,122.8244386661173
2026-01-01 00:44:30,app-pod-1,33.843636757507724,34.10693769522226,131.06375458581962
2026-01-01 00:44:45,app-pod-1,33.390078012092346,44.76628995061853,151.43769181861086
2026-01-01 00:45:00,app-pod-1,34.91453008671937,38.382651605164085,149.67483253684102
2026-01-01 00:45:15,app-pod-1,38.14564711411535,44.67694720789572,160.59319185939492
2026-01-01 00:45:30,app-pod-1,34.21634667246776,40.760970332357324,143.47861877410097
2026-01-01 00:45:45,app-pod-1,35.89779405946538,40.19856742452953,125.84572684933318
2026-01-01 00:46:00,app-pod-1,27.83684238525088,39.66299831820725,115.43260584224251
2026-01-01 00:46:15,app-pod-1,33.86257974665806,30.86366008613031,151.4704311450841
2026-01-01 00:46:30,app-pod-1,31.50041563563373,40.472848535350124,122.08783942423123
2026-01-01 00:46:45,app-pod-1,30.395033963834663,40.82507389793439,136.24155679075102
2026-01-01 00:47:00,app-pod-1,31.4383779220173,35.210481813382046,133.93191246588762
2026-01-01 00:47:15,app-pod-1,33.09182173208516,50.73036881970653,144.78237956669122
2026-01-01 00:47:30,app-pod-1,36.86325184091274,42.83198441465234,148.21705466200717
2026-01-01 00:47:45,app-pod-1,30.15771332314899,39.922978113880106,133.92963671085835
2026-01-01 00:48:00,app-pod-1,34.250128294138435,41.01399398632339,115.03028897524415
2026-01-01 00:48:15,app-pod-1,32.72706290841098,42.50111343373475,131.4054374362446
2026-01-01 00:48:30,app-pod-1,33.21788434406177,49.79323950837349,143.5667602924099
2026-01-01 00:48:45,app-pod-1,37.23050452309312,58.42643218578255,153.36651098606177
2026-01-01 00:49:00,app-pod-1,35.8578997541407,48.82872584640178,159.86595385662335
2026-01-01 00:49:15,app-pod-1,38.27706511195298,52.23391441322594,150.75177806986974
2026-01-01 00:49:30,app-pod-1,33.822666023551314,52.25800362387133,127.07883499912938
2026-01-01 00:49:45,app-pod-1,32.219662397785896,43.79811906228241,104.29252460370819
2026-01-01 00:50:00,app-pod-1,33.65721582812056,51.41130544774374,130.5343658068888
2026-01-01 00:50:15,app-pod-1,35.0775795476593,48.516311345313525,148.06344239293662
2026-01-01 00:50:30,app-pod-1,34.90110096806843,45.15070747420576,151.01953157851037
2026-01-01 00:50:45,app-pod-1,31.139503193311683,43.54935740757551,103.57022904840642
2026-01-01 00:51:00,app-pod-1,34.68541804531364,35.172707814880425,156.37154907615405
2026-01-01 00:51:15,app-pod-1,35.11990972905587,46.04453311256985,125.86332659927778
2026-01-01 00:51:30,app-pod-1,42.008917611924346,41.68750472611556,166.21844832827745
2026-01-01 00:51:45,app-pod-1,40.108294791014984,39.94946059565495,151.90093343919685
2026-01-01 00:52:00,app-pod-1,31.93929103520084,43.321897169766714,134.01591239828917
2026-01-01 00:52:15,app-pod-1,33.65812577849937,37.99029506894929,136.04362387712516
2026-01-01 00:52:30,app-pod-1,30.151199255176454,41.07027072210663,130.7743253512534
2026-01-01 00:52:45,app-pod-1,32.790648212323624,43.64562634537586,158.81966206716027
2026-01-01 00:53:00,app-pod-1,35.530822829219304,45.78682398453918,148.09107841197843
2026-01-01 00:53:15,app-pod-1,38.22280179078275,42.23535421833742,144.2410125836173
2026-01-01 00:53:30,app-pod-1,32.43921704472702,47.200863843714906,136.67290359224143
2026-01-01 00:53:45,app-pod-1,32.6852513625053,42.433499771423314,159.91809415108185
2026-01-01 00:54:00,app-pod-1,28.227040187902144,41.96430653238731,122.75326470904295
2026-01-01 00:54:15,app-pod-1,34.20212055430551,37.95928631827887,150.9938863531219
2026-01-01 00:54:30,app-pod-1,31.52408053835711,41.17521859287004,102.19267540495517
2026-01-01 00:54:45,app-pod-1,33.144205343773976,48.687416156992384,138.38000035945655
2026-01-01 00:55:00,app-pod-1,32.1231355120207,47.337083017458,124.472275799198
2026-01-01 00:55:15,app-pod-1,34.49211874791268,40.1580197089169,127.76660206056445
2026-01-01 00:55:30,app-pod-1,29.522904119030436,37.93824193044708,117.75685656723782
2026-01-01 00:55:45,app-pod-1,30.416130732434684,36.34785786238518,123.29403264919597
2026-01-01 00:56:00,app-pod-1,41.226179248078246,45.57626088235036,155.5388384624334
2026-01-01 00:56:15,app-pod-1,30.997335854243182,34.70279739443758,126.81629982010365
2026-01-01 00:56:30,app-pod-1,31.59040676627421,41.42240537434958,123.75932059811355
2026-01-01 00:56:45,app-pod-1,40.41265818249743,51.45455271866242,172.18721584773147
2026-01-01 00:57:00,app-pod-1,43.63826736830108,46.62152283880536,177.9666920855129
2026-01-01 00:57:15,app-pod-1,31.42950837913665,41.54762445208977,131.35688389928606
2026-01-01 00:57:30,app-pod-1,33.86059791711023,42.599926503820384,150.13321119874087
2026-01-01 00:57:45,app-pod-1,36.01114205383576,50.48339309567613,152.36890611293126
2026-01-01 00:58:00,app-pod-1,40.19369301430561,45.07762592599182,160.6835061680855
2026-01-01 00:58:15,app-pod-1,32.068147567276895,39.57162275883957,96.96871601886158
2026-01-01 00:58:30,app-pod-1,34.31399800247683,39.78969296027197,144.96191191683246
2026-01-01 00:58:45,app-pod-1,37.40295099737642,40.494518097771056,135.93295445565005
2026-01-01 00:59:00,app-pod-1,36.396337187510404,48.12336098849213,144.2917813795372
2026-01-01 00:59:15,app-pod-1,33.98466538626299,43.1137117887317,141.50436632394866
2026-01-01 00:59:30,app-pod-1,34.732753258070524,44.586976579765874,158.92644838915027
2026-01-01 00:59:45,app-pod-1,31.03061716890315,48.09463779920919,151.75731069736594
2026-01-01 01:00:00,app-pod-1,34.461859670126415,50.78370539872785,124.02916437743443
2026-01-01 01:00:15,app-pod-1,34.39828858062479,35.84763046726333,117.85521117706219
2026-01-01 01:00:30,app-pod-1,35.91502468362395,48.3796906440146,148.54585627229815
2026-01-01 01:00:45,app-pod-1,33.5735911128097,44.62974840752273,137.93078076180723
2026-01-01 01:01:00,app-pod-1,36.67523985679491,43.36471290402675,128.67282125831812
2026-01-01 01:01:15,app-pod-1,38.31981700283345,48.46229033712313,153.03022298238255
2026-01-01 01:01:30,app-pod-1,35.76899650787356,36.40638137940756,152.0391002176956
2026-01-01 01:01:45,app-pod-1,36.37901041580517,52.778519004945615,127.0637658305368
2026-01-01 01:02:00,app-pod-1,35.504233564298744,47.427683980368656,127.0981533752313
2026-01-01 01:02:15,app-pod-1,35.36604067199567,40.43023974623367,131.8017636575489
2026-01-01 01:02:30,app-pod-1,33.22212697843597,40.32843777580756,129.70460417869265
2026-01-01 01:02:45,app-pod-1,36.35729104061002,36.934371350689815,155.83873674907207
2026-01-01 01:03:00,app-pod-1,35.13694920206102,43.02607819226144,135.65058670461522
2026-01-01 01:03:15,app-pod-1,41.729308206001434,46.79685585799808,167.7469852143733
2026-01-01 01:03:30,app-pod-1,40.19085578375897,41.50804711301248,194.45609058863525
2026-01-01 01:03:45,app-pod-1,36.64931202136815,49.538029583506585,132.25259384529136
2026-01-01 01:04:00,app-pod-1,33.22357548725568,49.64048878955135,123.0994009895034
2026-01-01 01:04:15,app-pod-1,32.19648089334889,42.40073417512183,138.95725668775927
2026-01-01 01:04:30,app-pod-1,39.12810577689244,45.861439629592866,171.33307097456117
2026-01-01 01:04:45,app-pod-1,36.36387959181903,47.62963872493229,151.67753147196603
2026-01-01 01:05:00,app-pod-1,37.03701049079467,45.827712531081055,175.2825554946587
2026-01-01 01:05:15,app-pod-1,30.38376402450326,35.85773873599635,126.29689512109289
2026-01-01 01:05:30,app-pod-1,38.420772450551375,43.63115078244965,124.04153454955839
2026-01-01 01:05:45,app-pod-1,37.02264633170507,44.433672398453396,149.54552063853066
2026-01-01 01:06:00,app-pod-1,32.349014840835025,43.88524336096799,120.83130500187745
2026-01-01 01:06:15,app-pod-1,34.28664728968157,44.04733669215943,157.9037653915604
2026-01-01 01:06:30,app-pod-1,36.513281359103644,46.61114385130813,160.52248639963997
2026-01-01 01:06:45,app-pod-1,35.90043136627648,37.50616203997393,119.75636381819676
2026-01-01 01:07:00,app-pod-1,34.88741180527112,47.74727698411443,159.80441817489762
2026-01-01 01:07:15,app-pod-1,35.474348091395846,44.84912308401965,155.98790889756458
2026-01-01 01:07:30,app-pod-1,35.04976141046859,57.298378258078785,135.33211370536196
2026-01-01 01:07:45,app-pod-1,36.28425482262962,43.46080652495867,143.9603908750326
2026-01-01 01:08:00,app-pod-1,40.2619100134342,49.800629484950804,181.93029567078463
2026-01-01 01:08:15,app-pod-1,28.16831862186324,53.86391884634678,83.10059575082866
2026-01-01 01:08:30,app-pod-1,35.178596018578986,45.595475360521185,147.39535414991138
2026-01-01 01:08:45,app-pod-1,36.43952993611172,45.169518258898115,162.15926427132237
2026-01-01 01:09:00,app-pod-1,36.81881346857272,40.83855995424764,145.94455841361037
2026-01-01 01:09:15,app-pod-1,34.83591952589893,52.02647550417417,149.06232530072256
2026-01-01 01:09:30,app-pod-1,30.7023226108248,35.69611789669451,124.35660849166656
2026-01-01 01:09:45,app-pod-1,36.97729199106746,48.01970897798783,136.14857891859108
2026-01-01 01:10:00,app-pod-1,41.19616663257802,46.46954003626271,152.6492162690983
2026-01-01 01:10:15,app-pod-1,31.43333506923053,41.05665323557126,136.41227928760878
2026-01-01 01:10:30,app-pod-1,38.64719943794606,39.93337826351195,145.05319686871195
2026-01-01 01:10:45,app-pod-1,35.09092863458889,51.279286152881696,117.49500046241917
2026-01-01 01:11:00,app-pod-1,35.91331294307367,43.750332530560186,145.48923214811717
2026-01-01 01:11:15,app-pod-1,32.95936486981922,36.99610711440828,124.14123816474918
2026-01-01 01:11:30,app-pod-1,35.135459026282774,50.8582743035984,122.55521422653544
2026-01-01 01:11:45,app-pod-1,40.05972116420403,45.5211207497563,161.31509615283443
2026-01-01 01:12:00,app-pod-1,37.928305613462065,48.22285038807705,163.2223735551532
2026-01-01 01:12:15,app-pod-1,41.39801985706197,53.18569581061521,165.89433039111915
2026-01-01 01:12:30,app-pod-1,39.7540584823549,50.19801259052003,143.02262108843337
2026-01-01 01:12:45,app-pod-1,37.5598132233806,35.308691503871245,157.46630632957567
2026-01-01 01:13:00,app-pod-1,41.495079708178366,52.52333930061379,181.50766456386026
2026-01-01 01:13:15,app-pod-1,37.600971096227596,45.817610954033675,183.5993968343642
2026-01-01 01:13:30,app-pod-1,38.78866416334657,45.50692143032593,176.7823171073715
2026-01-01 01:13:45,app-pod-1,35.43568728325824,44.259606353404656,126.66237328005259
2026-01-01 01:14:00,app-pod-1,36.54573057567946,37.53184743327021,159.05416337413678
2026-01-01 01:14:15,app-pod-1,34.27450709115016,44.95300953711413,140.94588717446462
2026-01-01 01:14:30,app-pod-1,39.35620822188054,40.72738888676983,140.14334547448297
2026-01-01 01:14:45,app-pod-1,32.87321580528739,41.582052515918015,135.74979139847912
2026-01-01 01:15:00,app-pod-1,38.77584033331621,47.9244103910124,183.8835118018712
2026-01-01 01:15:15,app-pod-1,35.877491115287526,50.484429220639335,161.44792762193768
2026-01-01 01:15:30,app-pod-1,39.98383287567565,43.89061721367438,144.73358440915302
2026-01-01 01:15:45,app-pod-1,38.74333817010063,54.37827357830038,155.17911093367658
2026-01-01 01:16:00,app-pod-1,41.973301562083535,54.11557736103421,175.26832270293684
2026-01-01 01:16:15,app-pod-1,38.724311299848374,44.95996919744118,128.9486911748063
2026-01-01 01:16:30,app-pod-1,31.836482824274146,36.74179164497889,101.91436484175279
2026-01-01 01:16:45,app-pod-1,36.37235264032116,38.24156593707271,147.80882822291457
2026-01-01 01:17:00,app-pod-1,33.077791327471296,44.5132231868956,134.82629105889546
2026-01-01 01:17:15,app-pod-1,35.059566278341926,40.85527564713527,112.65598111142643
2026-01-01 01:17:30,app-pod-1,41.16867613489721,54.81485732083662,170.49430742520323
2026-01-01 01:17:45,app-pod-1,38.568169402333346,43.60009943249199,170.57711816180964
2026-01-01 01:18:00,app-pod-1,34.57934589893918,39.70218722899756,135.04285856293905
2026-01-01 01:18:15,app-pod-1,33.65554635637579,44.72701420568462,135.51936221837082
2026-01-01 01:18:30,app-pod-1,36.81559803686763,42.34068434001022,155.8335678977342
2026-01-01 01:18:45,app-pod-1,33.08811661970101,43.20443160063472,138.93790562321487
2026-01-01 01:19:00,app-pod-1,34.7449135278768,49.25138611980636,113.95031657902894
2026-01-01 01:19:15,app-pod-1,37.714892025121436,46.98657107592862,137.28275021878147
2026-01-01 01:19:30,app-pod-1,40.26532090293997,48.7905469355716,155.12348206893074
2026-01-01 01:19:45,app-pod-1,38.646182304778016,48.0780611578867,141.67232345731927
2026-01-01 01:20:00,app-pod-1,29.966534340719072,32.51107908707638,141.8706648325333
2026-01-01 01:20:15,app-pod-1,37.773999892537574,48.40098867442875,160.61313864416104
2026-01-01 01:20:30,app-pod-1,37.09748910021327,46.76790025377876,131.7440753139041
2026-01-01 01:20:45,app-pod-1,38.143539723457955,51.16496444133767,149.35912252691426
2026-01-01 01:21:00,app-pod-1,41.770970186503476,52.268733136238026,184.03976280176883
2026-01-01 01:21:15,app-pod-1,30.75309034837105,40.51742008583216,113.31877052265898
2026-01-01 01:21:30,app-pod-1,35.18995067912241,49.794929932939134,153.5335605316535
2026-01-01 01:21:45,app-pod-1,38.75642741332072,45.6663457012609,175.77340501169272
2026-01-01 01:22:00,app-pod-1,32.25936442682752,43.81734061916779,147.27957217700856
2026-01-01 01:22:15,app-pod-1,41.45242561528151,47.46095077830027,168.51576462988348
2026-01-01 01:22:30,app-pod-1,38.15007079652664,49.013838582184704,171.3656581458359
2026-01-01 01:22:45,app-pod-1,39.60516702032965,45.84116800104195,150.58709783253894
2026-01-01 01:23:00,app-pod-1,35.37298977538893,52.99885088748009,178.78017917074715
2026-01-01 01:23:15,app-pod-1,39.54750909550695,57.77007005298306,161.8027795035459
2026-01-01 01:23:30,app-pod-1,40.332021503457625,52.60210632335036,178.52999844547892
2026-01-01 01:23:45,app-pod-1,37.845621225751515,54.1984181050962,145.95235201777936
2026-01-01 01:24:00,app-pod-1,37.87056166900209,38.81332076400623,158.97346467478076
2026-01-01 01:24:15,app-pod-1,37.99875200579302,39.49223768768014,160.14696023309273
2026-01-01 01:24:30,app-pod-1,34.61804123801684,42.624826033455726,124.53965983809212
2026-01-01 01:24:45,app-pod-1,36.78583715882604,45.95624083747261,132.7666980866278
2026-01-01 01:25:00,app-pod-1,36.79119316831696,44.76279812732354,144.0972343269297
2026-01-01 01:25:15,app-pod-1,38.419271299476364,38.682813661468685,170.2570733555953
2026-01-01 01:25:30,app-pod-1,40.28888273831387,53.96017644843794,133.68411629558022
2026-01-01 01:25:45,app-pod-1,34.1341133690608,54.66487052512724,131.09371518085277
2026-01-01 01:26:00,app-pod-1,36.95499744352721,52.27343660633216,167.46807911710158
2026-01-01 01:26:15,app-pod-1,41.794685374870994,54.683896106342054,148.6968005979187
2026-01-01 01:26:30,app-pod-1,35.13983949663441,45.728485673372106,159.36786793537388
2026-01-01 01:26:45,app-pod-1,34.92413081201118,40.23190471477214,122.77962859952963
2026-01-01 01:27:00,app-pod-1,38.0180673256903,46.97528739116305,138.3241450914952
2026-01-01 01:27:15,app-pod-1,39.96456338935482,58.50313455675589,157.64992688927953
2026-01-01 01:27:30,app-pod-1,37.48593620956404,44.48021478415954,178.0456308639702
2026-01-01 01:27:45,app-pod-1,41.4587811723613,46.746360581533196,156.23501674326045
2026-01-01 01:28:00,app-pod-1,40.06251381601782,53.58027796673204,134.25561343863785
2026-01-01 01:28:15,app-pod-1,40.03781562128114,53.89490118862477,139.12222177293768
2026-01-01 01:28:30,app-pod-1,39.1949195378365,43.19693464761153,170.75890100543364
2026-01-01 01:28:45,app-pod-1,44.53573498506269,49.86759142335677,157.82183566386652
2026-01-01 01:29:00,app-pod-1,36.95748728045053,43.3607136168082,165.64941775401962
2026-01-01 01:29:15,app-pod-1,31.582593122705113,42.45626208119903,127.37723480732953
2026-01-01 01:29:30,app-pod-1,42.42610170012232,55.21670454484308,169.2203384012651
2026-01-01 01:29:45,app-pod-1,36.26040988016612,41.36214931047583,149.50120321005636
2026-01-01 01:30:00,app-pod-1,37.9773099803309,52.03244104741631,139.89543488287202
2026-01-01 01:30:15,app-pod-1,41.60247206895887,49.62998669287775,168.47796709826335
2026-01-01 01:30:30,app-pod-1,32.887183627107945,54.65198922054695,113.65263955737596
2026-01-01 01:30:45,app-pod-1,33.959153688738205,45.36556200397111,156.0699786997638
2026-01-01 01:31:00,app-pod-1,32.93038542137985,42.56667694681957,116.31211323685937
2026-01-01 01:31:15,app-pod-1,35.37192506130214,47.63392117849146,148.070909769064
2026-01-01 01:31:30,app-pod-1,39.0933492210989,45.679613265333174,140.85214235048642
2026-01-01 01:31:45,app-pod-1,39.36709915225949,38.58060378982252,149.47032781166683
2026-01-01 01:32:00,app-pod-1,38.64344510777113,45.847805704084294,148.96629991868735
2026-01-01 01:32:15,app-pod-1,33.59640256536202,42.23601375040729,179.10582997526834
2026-01-01 01:32:30,app-pod-1,30.92445823179355,33.68553345950642,123.48114162614594
2026-01-01 01:32:45,app-pod-1,38.037888276034174,46.26134584425145,139.82860614853362
2026-01-01 01:33:00,app-pod-1,36.479549026770336,35.200133195692246,139.24986193047317
2026-01-01 01:33:15,app-pod-1,39.293074656451005,45.766718083738304,134.60221034899112
2026-01-01 01:33:30,app-pod-1,40.04080901552823,49.24654627109312,157.72144724028706
2026-01-01 01:33:45,app-pod-1,38.36969378671627,47.34376653639255,181.24507511299808
2026-01-01 01:34:00,app-pod-1,40.25538063463248,46.12341907980864,166.06211550323033
2026-01-01 01:34:15,app-pod-1,38.682617899291365,46.650180519763595,168.28148584306828
2026-01-01 01:34:30,app-pod-1,39.60517077886722,43.8032973578179,144.7715285183923
2026-01-01 01:34:45,app-pod-1,35.92094022145551,45.19874075213153,140.63362834719644
2026-01-01 01:35:00,app-pod-1,37.51609955568036,46.5517017219351,153.122937751564
2026-01-01 01:35:15,app-pod-1,38.66522628959541,42.56440851320924,143.78130270198787
2026-01-01 01:35:30,app-pod-1,40.55643801991117,49.7280026164833,168.22585313061094
2026-01-01 01:35:45,app-pod-1,36.93357403885992,47.160765102604216,156.96572238327118
2026-01-01 01:36:00,app-pod-1,39.698234628712335,46.957714672193276,166.93565927739743
2026-01-01 01:36:15,app-pod-1,37.3571421121386,58.255234659931105,147.1623192884792
2026-01-01 01:36:30,app-pod-1,37.82194790894571,45.77185160284046,167.65146114557126
2026-01-01 01:36:45,app-pod-1,40.68303773302612,47.0819551862532,158.86788935432727
2026-01-01 01:37:00,app-pod-1,32.23519593910707,40.452671611336285,123.70847193976911
2026-01-01 01:37:15,app-pod-1,34.34484673897772,39.186696601902405,159.00247206241778
2026-01-01 01:37:30,app-pod-1,33.807584403759435,47.09479588184862,118.6258431195291
2026-01-01 01:37:45,app-pod-1,31.273159287730582,38.45997666131416,99.54810333914013
2026-01-01 01:38:00,app-pod-1,36.25907153265925,42.54160933787271,132.01904138706558
2026-01-01 01:38:15,app-pod-1,40.56201388919064,45.70220192474045,168.05668445693314
2026-01-01 01:38:30,app-pod-1,37.478897435159105,41.31051062536881,169.16945495761425
2026-01-01 01:38:45,app-pod-1,38.946747408243766,38.50730652304702,145.87921201025082
2026-01-01 01:39:00,app-pod-1,41.640847240880944,46.83389373282069,193.78595176788008
2026-01-01 01:39:15,app-pod-1,42.376060772519764,54.02991910432529,169.91220340422376
2026-01-01 01:39:30,app-pod-1,38.20538620957487,47.72866937402863,151.08860163032662
2026-01-01 01:39:45,app-pod-1,42.49334531000908,57.54821806794698,157.22430912774297
2026-01-01 01:40:00,app-pod-1,38.728745210116315,50.86490317202734,184.18530836999977
2026-01-01 01:40:15,app-pod-1,35.959938099276606,47.79178072086384,141.5854192268216
2026-01-01 01:40:30,app-pod-1,36.70868916901806,55.10932753157621,126.85493628319657
2026-01-01 01:40:45,app-pod-1,34.07002803817514,43.36329165170653,173.14514218515745
2026-01-01 01:41:00,app-pod-1,35.86697323682821,45.422259633304506,149.37294435509804
2026-01-01 01:41:15,app-pod-1,37.477051804382356,46.17661415476696,161.89066397659363
2026-01-01 01:41:30,app-pod-1,40.98157382226195,56.406035331501116,189.14969860165866
2026-01-01 01:41:45,app-pod-1,43.752834954627254,50.63956105053453,184.22827855532563
2026-01-01 01:42:00,app-pod-1,34.46367739003478,40.883187302638824,152.47804991580597
2026-01-01 01:42:15,app-pod-1,39.808390570578624,50.80425108921929,160.04843836723532
2026-01-01 01:42:30,app-pod-1,35.52795230913072,40.788267561106366,153.11779354805122
2026-01-01 01:42:45,app-pod-1,40.09334106055623,50.73269630545899,159.8609970238755
2026-01-01 01:43:00,app-pod-1,38.295645196025156,48.876156307926784,152.87942949648468
2026-01-01 01:43:15,app-pod-1,33.215832684437764,42.304069540073954,134.65908208576025
2026-01-01 01:43:30,app-pod-1,41.513075788172294,51.88821091215473,160.10007596199645
2026-01-01 01:43:45,app-pod-1,36.93280694075809,38.41401520698891,155.29689529307115
2026-01-01 01:44:00,app-pod-1,37.16572222066088,46.83081616108755,156.19056651087013
2026-01-01 01:44:15,app-pod-1,35.57776912605081,42.590611464901905,154.5948255026221
2026-01-01 01:44:30,app-pod-1,36.84376949821025,60.101956535169776,156.9691757183731
2026-01-01 01:44:45,app-pod-1,40.10987313961153,48.85603654592911,190.4401383326865
2026-01-01 01:45:00,app-pod-1,38.278040781570816,43.81266829818239,168.90160922083177
2026-01-01 01:45:15,app-pod-1,39.85132127239116,41.0044162104084,156.29650673334572
2026-01-01 01:45:30,app-pod-1,39.97065173952798,54.506487201640915,166.67867951550062
2026-01-01 01:45:45,app-pod-1,42.86641148429387,48.256324441386816,192.65611764957572
2026-01-01 01:46:00,app-pod-1,37.89559780960303,42.570158131345025,137.33279340317915
2026-01-01 01:46:15,app-pod-1,34.51290193742602,45.84052742624351,168.26523464644666
2026-01-01 01:46:30,app-pod-1,42.1646511215004,52.763849942078544,157.0390129797543
2026-01-01 01:46:45,app-pod-1,37.98801717415474,49.76137668795596,165.45619959518558
2026-01-01 01:47:00,app-pod-1,42.345746154480835,49.74077442343339,169.4819912212907
2026-01-01 01:47:15,app-pod-1,40.17157657905048,48.91605428976894,159.92232031748532
2026-01-01 01:47:30,app-pod-1,38.647498332924364,48.21343421145057,135.04630022698007
2026-01-01 01:47:45,app-pod-1,40.10669353181912,49.75666680041775,174.03927555108623
2026-01-01 01:48:00,app-pod-1,44.93284767516983,53.57741935212629,160.40601792409424
2026-01-01 01:48:15,app-pod-1,45.33018492289096,57.203393202551396,159.67918619863804
2026-01-01 01:48:30,app-pod-1,39.326809254770886,47.810840788468866,174.70278229518217
2026-01-01 01:48:45,app-pod-1,39.61864929255964,43.64903817563994,185.31868110713475
2026-01-01 01:49:00,app-pod-1,42.38619877473829,48.94888062679663,159.53610860548827
2026-01-01 01:49:15,app-pod-1,36.63988509717744,49.41682366169919,161.6061787435383
2026-01-01 01:49:30,app-pod-1,40.19545828681196,39.204181008844145,172.72972844821302
2026-01-01 01:49:45,app-pod-1,39.13802665585145,38.492857682236206,155.1793261967336
2026-01-01 01:50:00,app-pod-1,40.17669689907334,52.71506843631296,180.74404082035673
2026-01-01 01:50:15,app-pod-1,36.75421192303879,53.32856243038379,144.56251498800668
2026-01-01 01:50:30,app-pod-1,34.50495092532495,37.827465472630095,145.78281588108516
2026-01-01 01:50:45,app-pod-1,33.07402712681435,43.65411534293452,113.48956025711752
2026-01-01 01:51:00,app-pod-1,35.96013806753341,43.17437108268831,125.67510781786754
2026-01-01 01:51:15,app-pod-1,37.95556644259513,45.26474594860847,169.3579402422122
2026-01-01 01:51:30,app-pod-1,38.47130832460708,48.457570871007036,162.1533114720295
2026-01-01 01:51:45,app-pod-1,45.181856232257175,45.16294821752628,178.5905717899599
2026-01-01 01:52:00,app-pod-1,42.70741136543971,44.35910045334579,199.44732347622596
2026-01-01 01:52:15,app-pod-1,36.52241524484822,44.05943480678763,174.54939605687397
2026-01-01 01:52:30,app-pod-1,40.47106009387282,47.602864076240174,168.47176037189328
2026-01-01 01:52:45,app-pod-1,38.225934951706186,41.128378937773476,131.06891303332657
2026-01-01 01:53:00,app-pod-1,38.61330182957658,50.97754965464952,152.77922249830127
2026-01-01 01:53:15,app-pod-1,40.041582710710735,45.94130303194234,147.67760339290643
2026-01-01 01:53:30,app-pod-1,41.36232024512542,46.84453614125356,166.79198484269605
2026-01-01 01:53:45,app-pod-1,38.506221264401105,48.36764883623027,139.98042755894141
2026-01-01 01:54:00,app-pod-1,42.73472980339525,49.26976948203917,152.9955303471819
2026-01-01 01:54:15,app-pod-1,36.136527660368344,49.48295342678691,110.60691198559009
2026-01-01 01:54:30,app-pod-1,39.60051528114293,43.05324800779672,160.91092082708627
2026-01-01 01:54:45,app-pod-1,47.39366362796772,46.188631554260034,155.0932077601845
2026-01-01 01:55:00,app-pod-1,40.28901460626358,46.653372405391465,156.3524485437877
2026-01-01 01:55:15,app-pod-1,43.93854038173073,51.058159131886576,186.17011612588735
2026-01-01 01:55:30,app-pod-1,39.93256741052037,41.74901746687665,148.8988343340206
2026-01-01 01:55:45,app-pod-1,41.41943668390349,42.05483787023115,149.4053190406219
2026-01-01 01:56:00,app-pod-1,39.52584282174867,48.57957888691399,157.08566692361413
2026-01-01 01:56:15,app-pod-1,39.20404513083419,43.65392875500912,144.3870975962035
2026-01-01 01:56:30,app-pod-1,37.395884593239906,38.91456063023333,152.36840721784517
2026-01-01 01:56:45,app-pod-1,41.04428818638311,53.55770819203849,148.6847047628559
2026-01-01 01:57:00,app-pod-1,37.217813262381796,42.89349591903179,147.30384415678182
2026-01-01 01:57:15,app-pod-1,41.7882096309856,55.00080476101671,161.956527696343
2026-01-01 01:57:30,app-pod-1,43.06633237652389,50.28878661911386,172.0925052734216
2026-01-01 01:57:45,app-pod-1,40.929071352444254,50.12414425698749,188.2435593200348
2026-01-01 01:58:00,app-pod-1,38.98972500140226,46.23530877049731,158.95606312936644
2026-01-01 01:58:15,app-pod-1,41.22935029252132,35.58473398203644,172.48406300397068
2026-01-01 01:58:30,app-pod-1,38.96040499908366,41.58835104409003,146.4697237386049
2026-01-01 01:58:45,app-pod-1,42.71202438927443,49.26986977389848,174.19694384049794
2026-01-01 01:59:00,app-pod-1,34.4301118208588,45.92472396106468,133.5983956803162
2026-01-01 01:59:15,app-pod-1,38.93644322069715,38.307140142547404,156.19061349341396
2026-01-01 01:59:30,app-pod-1,33.98975275962248,43.52481839243343,145.6931946014731
2026-01-01 01:59:45,app-pod-1,35.495917820129534,39.235822038020515,134.48016367681416
2026-01-01 02:00:00,app-pod-1,44.091586689441726,52.037211508057474,170.395665217641
2026-01-01 02:00:15,app-pod-1,42.70444273598713,49.79610598669186,163.52155090472027
2026-01-01 02:00:30,app-pod-1,37.87932295869818,50.23303408323659,143.93149718368804
2026-01-01 02:00:45,app-pod-1,35.54911721485814,50.218496701338296,144.7949973180368
2026-01-01 02:01:00,app-pod-1,31.18189302738557,44.12227461554004,119.26784322970293
2026-01-01 02:01:15,app-pod-1,38.463832986111534,51.22665103513094,176.32467739812475
2026-01-01 02:01:30,app-pod-1,47.3743925043019,51.41036237339214,229.68501068512012
2026-01-01 02:01:45,app-pod-1,41.43661620584861,63.121218400429754,157.22733054558475
2026-01-01 02:02:00,app-pod-1,38.47205040106561,40.836339798271524,158.29824447733284
2026-01-01 02:02:15,app-pod-1,41.56479967695492,46.45658088432184,181.82931234864824
2026-01-01 02:02:30,app-pod-1,35.505463677833504,49.36061748821791,138.03561878097435
2026-01-01 02:02:45,app-pod-1,39.315136213863525,51.284201874009426,142.3446777658681
2026-01-01 02:03:00,app-pod-1,40.52429414058825,50.80395099412352,188.1697762343244
2026-01-01 02:03:15,app-pod-1,39.98630301779023,51.3670054024187,170.23757147823895
2026-01-01 02:03:30,app-pod-1,42.63575439986084,39.42724230687239,175.32337439403923
2026-01-01 02:03:45,app-pod-1,41.31599056257259,56.86768686648998,187.02179825225443
2026-01-01 02:04:00,app-pod-1,42.305739552525075,48.594562892434475,180.77645581745634
2026-01-01 02:04:15,app-pod-1,38.25433900884906,53.0075082175486,152.2983304959873
2026-01-01 02:04:30,app-pod-1,43.0315841588722,39.95447601637076,157.47687364918596
2026-01-01 02:04:45,app-pod-1,45.243618553140685,52.95337550460443,173.57449804619802
2026-01-01 02:05:00,app-pod-1,37.46501660425619,43.40800022725509,167.93241449710249
2026-01-01 02:05:15,app-pod-1,37.731023303121304,49.27231707009143,161.15537803463445
2026-01-01 02:05:30,app-pod-1,44.42009601820704,52.679419475089155,174.88038478216305
2026-01-01 02:05:45,app-pod-1,39.85733139789802,49.73037096602451,185.92777350902378
2026-01-01 02:06:00,app-pod-1,44.66143547051865,45.968296388205594,176.28742258621241
2026-01-01 02:06:15,app-pod-1,39.14095966043532,47.113826158211666,171.37660805270866
2026-01-01 02:06:30,app-pod-1,44.85228657004702,50.495765359386205,182.70973198948911
2026-01-01 02:06:45,app-pod-1,40.90017785799219,51.106674709131696,192.59500699331002
2026-01-01 02:07:00,app-pod-1,41.29896494300548,53.85576043727117,176.49154207794183
2026-01-01 02:07:15,app-pod-1,45.23697808054679,52.41826426642582,181.64030454038308
2026-01-01 02:07:30,app-pod-1,39.47604558067485,41.2523704645294,155.2221601411968
2026-01-01 02:07:45,app-pod-1,37.756511155620714,46.967451856768335,150.79545710655015
2026-01-01 02:08:00,app-pod-1,39.25269266057904,60.532266004451635,146.12981157518104
2026-01-01 02:08:15,app-pod-1,41.97388236671961,57.61174429164265,147.3949824037992
2026-01-01 02:08:30,app-pod-1,35.938085895224624,30.28466231286874,148.3833744325362
2026-01-01 02:08:45,app-pod-1,42.56624576155275,50.11308780156115,162.26220534574537
2026-01-01 02:09:00,app-pod-1,39.055976365458996,51.99978108209802,148.18127719715517
2026-01-01 02:09:15,app-pod-1,44.13417286614289,49.98228594346013,175.20408791636126
2026-01-01 02:09:30,app-pod-1,33.52638581384046,41.1680154689689,134.88889483132087
2026-01-01 02:09:45,app-pod-1,38.36788850486651,45.52270087798911,153.58219419323962
2026-01-01 02:10:00,app-pod-1,35.68658771323417,47.74155882643718,168.8207811300634
2026-01-01 02:10:15,app-pod-1,38.285697317820514,41.05763825059931,163.0784812899531
2026-01-01 02:10:30,app-pod-1,41.52576416154683,55.01147817112963,197.7202903211417
2026-01-01 02:10:45,app-pod-1,40.26345449263864,47.9044531863567,154.4689624225868
2026-01-01 02:11:00,app-pod-1,40.05935672051583,43.36642833380333,171.99323652898698
2026-01-01 02:11:15,app-pod-1,40.36027699735485,53.873944705141874,155.68991987997157
2026-01-01 02:11:30,app-pod-1,41.46632562142762,41.30077340944113,157.4483246168371
2026-01-01 02:11:45,app-pod-1,37.848869143938586,43.71815791574909,183.5786159718499
2026-01-01 02:12:00,app-pod-1,43.013329622997695,47.250955409672564,160.53109445106102
2026-01-01 02:12:15,app-pod-1,42.89906908054266,60.74905804756051,138.12026627383182
2026-01-01 02:12:30,app-pod-1,42.08446246822917,46.0340198845632,157.71861023544386
2026-01-01 02:12:45,app-pod-1,42.617213464429724,39.05722332260028,140.34399893150834
2026-01-01 02:13:00,app-pod-1,41.855118592824255,46.38950743858127,153.15060685521948
2026-01-01 02:13:15,app-pod-1,47.08932290440349,55.24027777010633,175.47730430486365
2026-01-01 02:13:30,app-pod-1,40.74104581875233,52.439154806044655,163.49340974778258
2026-01-01 02:13:45,app-pod-1,40.09929092080675,59.45220211177858,129.65321427402122
2026-01-01 02:14:00,app-pod-1,38.778156965169025,54.17919773054772,173.05191125189307
2026-01-01 02:14:15,app-pod-1,37.96013768981305,47.511709352444896,123.70401180813347
2026-01-01 02:14:30,app-pod-1,37.34168317728371,41.68210088622471,147.45047036932664
2026-01-01 02:14:45,app-pod-1,38.426866260545474,55.018943539118624,148.8451428773672
2026-01-01 02:15:00,app-pod-1,40.89936351543582,46.78673670917392,175.97770946026267
2026-01-01 02:15:15,app-pod-1,42.132423284448834,46.201910118041155,173.80284226130595
2026-01-01 02:15:30,app-pod-1,41.301084070008706,46.82538983823574,183.00743009894626
2026-01-01 02:15:45,app-pod-1,38.869158792731305,40.946969960427865,150.05483579125482
2026-01-01 02:16:00,app-pod-1,43.88441176147483,48.3939877771775,168.56644610087832
2026-01-01 02:16:15,app-pod-1,43.42017622290896,49.22858170614419,179.87256966743357
2026-01-01 02:16:30,app-pod-1,40.74106009101415,52.17202509277049,178.40226855697367
2026-01-01 02:16:45,app-pod-1,39.27931003574515,45.55507534951651,169.4932765842114
2026-01-01 02:17:00,app-pod-1,42.901382316390766,43.693671412280956,176.432742467577
2026-01-01 02:17:15,app-pod-1,41.83804600675865,41.26777142844756,170.8421215610516
2026-01-01 02:17:30,app-pod-1,36.947756741240866,46.91127845648418,147.24669010795643
2026-01-01 02:17:45,app-pod-1,41.10619759007098,49.13746758039581,170.57374282751297
2026-01-01 02:18:00,app-pod-1,42.114232174719795,46.708398966238015,198.9809453660673
2026-01-01 02:18:15,app-pod-1,38.647013280037946,44.715626993566204,150.9494523967986
2026-01-01 02:18:30,app-pod-1,41.93358721816401,51.295945716710655,162.26699645142472
2026-01-01 02:18:45,app-pod-1,37.0175354618046,52.86500609170996,141.45430385792076
2026-01-01 02:19:00,app-pod-1,45.40849355196257,47.88522256565386,187.4745655796865
2026-01-01 02:19:15,app-pod-1,45.16170397653637,52.057706964652624,148.8206368696912
2026-01-01 02:19:30,app-pod-1,40.678207201643346,53.26609706117696,160.68690325955833
2026-01-01 02:19:45,app-pod-1,42.54401379372021,45.90023820461789,183.3857579436305
2026-01-01 02:20:00,app-pod-1,34.2417628296213,43.891073407918384,129.0735894105519
2026-01-01 02:20:15,app-pod-1,38.020350042936855,46.42426701461747,154.88196961895514
2026-01-01 02:20:30,app-pod-1,40.62590688862546,41.88165864682022,194.1436595040987
2026-01-01 02:20:45,app-pod-1,38.308681517546674,47.658571036110786,158.20872419486784
2026-01-01 02:21:00,app-pod-1,43.686093248636645,50.73798866706781,141.15597367524015
2026-01-01 02:21:15,app-pod-1,47.55260287687004,56.06224326178932,169.0621460091205
2026-01-01 02:21:30,app-pod-1,38.0486648539918,40.699633024490694,148.42961064462995
2026-01-01 02:21:45,app-pod-1,39.083900750274694,47.40858245149841,144.2782143779139
2026-01-01 02:22:00,app-pod-1,42.320404219148585,56.532953271683056,170.83236496360396
2026-01-01 02:22:15,app-pod-1,46.46516189170161,62.913112483752556,181.44200723257995
2026-01-01 02:22:30,app-pod-1,37.98243099973634,52.98834804467348,169.42079699141485
2026-01-01 02:22:45,app-pod-1,42.41438893348989,43.80471472519171,153.28758402631138
2026-01-01 02:23:00,app-pod-1,47.14888986518801,55.25948631584974,185.48306872809948
2026-01-01 02:23:15,app-pod-1,36.74741471028051,43.30745742239078,150.24853615024983
2026-01-01 02:23:30,app-pod-1,37.87716945118038,47.93352158147587,156.62569445725097
2026-01-01 02:23:45,app-pod-1,40.46722822302137,44.46597622723034,164.07099177075554
2026-01-01 02:24:00,app-pod-1,40.193939807283236,39.568390655836765,124.60665787876114
2026-01-01 02:24:15,app-pod-1,44.21115192430525,49.225220153514506,178.09398886734195
2026-01-01 02:24:30,app-pod-1,42.515956226457334,53.37418284157021,167.8025093127005
2026-01-01 02:24:45,app-pod-1,36.48370586379764,46.9785928820274,158.8964697488834
2026-01-01 02:25:00,app-pod-1,43.372424175974075,52.37543622275362,184.33425133243736
2026-01-01 02:25:15,app-pod-1,40.1111631576272,49.15956582523593,164.05732029540854
2026-01-01 02:25:30,app-pod-1,45.68469422988846,54.00192333515047,187.4362388456402
2026-01-01 02:25:45,app-pod-1,39.99614861516262,50.644862826047344,180.27034094909547
2026-01-01 02:26:00,app-pod-1,39.98660988572012,46.61721977523099,177.20088114931585
2026-01-01 02:26:15,app-pod-1,43.53738092226226,50.89061945268166,178.27950372296644
2026-01-01 02:26:30,app-pod-1,44.22028171509014,59.67048907491154,209.06240117475062
2026-01-01 02:26:45,app-pod-1,43.29330234068471,51.015466783484996,163.75026449438394
2026-01-01 02:27:00,app-pod-1,36.90970005925875,46.049607523750716,129.8571536156366
2026-01-01 02:27:15,app-pod-1,43.59806885466642,51.03307073439849,174.22970531534125
2026-01-01 02:27:30,app-pod-1,38.89850064346643,46.1394078588454,149.98685464197595
2026-01-01 02:27:45,app-pod-1,42.72469811622683,47.73050886275477,133.91867282288587
2026-01-01 02:28:00,app-pod-1,37.76509715684379,47.47896063161781,141.27467647750436
2026-01-01 02:28:15,app-pod-1,43.39268326511459,47.84630227578445,178.72451036752997
2026-01-01 02:28:30,app-pod-1,39.65132212614931,47.028350840918435,157.73487231826698
2026-01-01 02:28:45,app-pod-1,38.240602541310615,42.815848246285995,141.31548898982908
2026-01-01 02:29:00,app-pod-1,44.24734017030509,51.51319714188514,177.62424347456144
2026-01-01 02:29:15,app-pod-1,42.84817218972615,52.91469525368844,173.23877594755166
2026-01-01 02:29:30,app-pod-1,40.29865265877199,47.14948256158581,171.9207263930081
2026-01-01 02:29:45,app-pod-1,46.5114496020471,42.51612253698639,176.4232887252595
2026-01-01 02:30:00,app-pod-1,40.853271315465186,51.549147641102984,176.5209371196076
2026-01-01 02:30:15,app-pod-1,42.28885263983104,50.20311606168053,152.795765945434
2026-01-01 02:30:30,app-pod-1,43.016556490664506,45.14543229339785,164.51557217466288
2026-01-01 02:30:45,app-pod-1,40.368090346350485,52.1240144540617,186.9572594094126
2026-01-01 02:31:00,app-pod-1,43.65775448088878,43.568302133042906,159.27285140959734
2026-01-01 02:31:15,app-pod-1,40.66123144145765,53.6899000856427,152.76341607636851
2026-01-01 02:31:30,app-pod-1,41.0439018083587,48.44389816761502,145.37894132452
2026-01-01 02:31:45,app-pod-1,46.38395837576539,41.12444548614912,173.12683775338294
2026-01-01 02:32:00,app-pod-1,39.19147134897587,48.32567788059929,158.841332766335
2026-01-01 02:32:15,app-pod-1,35.09207291222691,42.53348919810416,150.9664260415519
2026-01-01 02:32:30,app-pod-1,47.18039461644978,50.242029772399164,188.44200646301903
2026-01-01 02:32:45,app-pod-1,50.01272252309987,51.32027695888881,195.18054235408948
2026-01-01 02:33:00,app-pod-1,41.16607118984869,48.180170878594716,146.02267646759515
2026-01-01 02:33:15,app-pod-1,36.58849045191155,43.185999910502375,135.447004979917
2026-01-01 02:33:30,app-pod-1,41.484663479039355,39.755813219385615,142.74811693534315
2026-01-01 02:33:45,app-pod-1,41.574542617879544,55.462519265901705,177.34656484478626
2026-01-01 02:34:00,app-pod-1,41.880521209685625,48.094576566970915,179.6131828184507
2026-01-01 02:34:15,app-pod-1,39.12719505758897,43.72936146092096,155.90206624038268
2026-01-01 02:34:30,app-pod-1,44.22309422632979,45.3140475457042,183.51414166358822
2026-01-01 02:34:45,app-pod-1,44.07496968495825,54.70613911673538,189.44336734004142
2026-01-01 02:35:00,app-pod-1,38.035252584223265,40.13251696347366,153.65914365213115
2026-01-01 02:35:15,app-pod-1,44.63306662747405,51.913083148521665,199.4364267697826
2026-01-01 02:35:30,app-pod-1,48.71052345082548,51.17912140620992,179.48520335967643
2026-01-01 02:35:45,app-pod-1,43.08532663856853,47.53263034418631,167.11125313352238
2026-01-01 02:36:00,app-pod-1,41.574432334791226,43.584304979474354,159.28159681845077
2026-01-01 02:36:15,app-pod-1,42.17734538079993,46.42254460395165,178.41795293364234
2026-01-01 02:36:30,app-pod-1,44.4660575310746,51.170302229286506,156.35211018440722
2026-01-01 02:36:45,app-pod-1,37.44518960276652,47.38819385368153,171.50037751778433
2026-01-01 02:37:00,app-pod-1,43.147278680182225,46.27513266971266,181.01573042815468
2026-01-01 02:37:15,app-pod-1,41.499601817554854,48.59504926010132,192.25282435948898
2026-01-01 02:37:30,app-pod-1,48.23134072214105,58.20421066035084,192.31679468779342
2026-01-01 02:37:45,app-pod-1,42.182204401748116,41.21440029647832,160.47402812223612
2026-01-01 02:38:00,app-pod-1,47.72522723891384,53.37631419928039,200.7575003020698
2026-01-01 02:38:15,app-pod-1,39.4271689770635,42.84509855693358,173.1671520769681
2026-01-01 02:38:30,app-pod-1,44.51698007811184,45.89846519409563,167.35160770537422
2026-01-01 02:38:45,app-pod-1,43.73019969880659,51.91619735415511,144.95685118147154
2026-01-01 02:39:00,app-pod-1,40.18163829601735,45.40088946387435,133.33257230565528
2026-01-01 02:39:15,app-pod-1,43.33773429818258,44.2523983775523,177.27171108043504
2026-01-01 02:39:30,app-pod-1,46.45985314195797,59.14331315972051,208.9422533859182
2026-01-01 02:39:45,app-pod-1,41.86765693839426,53.90780742853513,147.95804776270685
2026-01-01 02:40:00,app-pod-1,37.7798642462215,36.7843751905592,147.03396183648965
2026-01-01 02:40:15,app-pod-1,42.8197685595655,42.60169735168551,166.0523309547829
2026-01-01 02:40:30,app-pod-1,40.18187728280041,51.09459945455369,189.5354901395744
2026-01-01 02:40:45,app-pod-1,41.878797942420384,47.890789394506925,201.3956280659927
2026-01-01 02:41:00,app-pod-1,42.67771628380391,57.37727462043752,177.07765545945463
2026-01-01 02:41:15,app-pod-1,37.822166402650595,49.557198474560465,164.75867111442463
2026-01-01 02:41:30,app-pod-1,38.10877609415937,48.173470885181544,165.48808929138542
2026-01-01 02:41:45,app-pod-1,44.418564263922676,45.983681525618685,158.46943351115556
2026-01-01 02:42:00,app-pod-1,41.42080487809463,51.45176488898859,176.1610647439165
2026-01-01 02:42:15,app-pod-1,35.31130969468321,38.33909701252591,125.95114170923148
2026-01-01 02:42:30,app-pod-1,45.37664110806338,58.28987144269471,178.93352699760428
2026-01-01 02:42:45,app-pod-1,43.85576904699621,52.809731277988554,192.5191318642318
2026-01-01 02:43:00,app-pod-1,40.913570577145,44.515346520213534,164.86828219568284
2026-01-01 02:43:15,app-pod-1,39.121224149631644,51.40824404540372,173.02234321443217
2026-01-01 02:43:30,app-pod-1,45.59564265111522,63.12457430146233,201.87152223428936
2026-01-01 02:43:45,app-pod-1,44.15275943539475,49.818846105729065,150.25703231164107
2026-01-01 02:44:00,app-pod-1,50.26898742786236,57.940357147960114,168.41048626824002
2026-01-01 02:44:15,app-pod-1,44.39820377503563,48.919596044069934,195.02420192260928
2026-01-01 02:44:30,app-pod-1,44.317189169068705,51.44879350643981,195.30486722576782
2026-01-01 02:44:45,app-pod-1,42.66972206918568,42.332632648272735,174.52780752128862
2026-01-01 02:45:00,app-pod-1,45.63724390360375,51.9434231649933,188.43221586847199
2026-01-01 02:45:15,app-pod-1,45.07856665697013,51.77288330903215,193.70998209912187
2026-01-01 02:45:30,app-pod-1,46.974865119371536,61.877394467783816,201.015594147764
2026-01-01 02:45:45,app-pod-1,41.672084647950754,40.195443690048776,162.12557885292213
2026-01-01 02:46:00,app-pod-1,41.946178545482866,47.95790768629911,182.12246771202462
2026-01-01 02:46:15,app-pod-1,41.831423242844274,55.722582359146166,162.1285957500688
2026-01-01 02:46:30,app-pod-1,45.6574539217626,50.75136026624004,186.28308219952433
2026-01-01 02:46:45,app-pod-1,47.79647227372658,52.60082292668361,194.18622592762605
2026-01-01 02:47:00,app-pod-1,41.94111184056878,45.192483163987276,154.87286088291913
2026-01-01 02:47:15,app-pod-1,42.0595806570103,44.778679558593424,157.0935133349063
2026-01-01 02:47:30,app-pod-1,44.29238616620635,41.87540148717868,210.68117781654786
2026-01-01 02:47:45,app-pod-1,42.62910676326088,46.69429849606184,157.1381407614298
2026-01-01 02:48:00,app-pod-1,46.23877308659684,47.420365885057166,190.50448134622042
2026-01-01 02:48:15,app-pod-1,36.64348519507115,46.24063380483517,155.2709284272837
2026-01-01 02:48:30,app-pod-1,40.934890922519834,44.71608263364522,162.92631932085084
2026-01-01 02:48:45,app-pod-1,41.08393009505603,46.36079614129669,174.40806941067146
2026-01-01 02:49:00,app-pod-1,36.486268111534926,43.27936071278614,150.87982143722994
2026-01-01 02:49:15,app-pod-1,40.57256186619762,48.159967394886465,149.23647424302985
2026-01-01 02:49:30,app-pod-1,40.734133882028175,45.871282435395514,170.98879494019144
2026-01-01 02:49:45,app-pod-1,42.892397256735286,44.715747630029036,163.39899268577588
2026-01-01 02:50:00,app-pod-1,46.850701827293996,53.22432349884499,213.51284505919836
2026-01-01 02:50:15,app-pod-1,42.79269905290897,55.292305418359334,177.60767536989215
2026-01-01 02:50:30,app-pod-1,40.45150060285191,48.9583814009502,151.30369952012884
2026-01-01 02:50:45,app-pod-1,43.38912278111461,47.32328375558711,178.69083443368808
2026-01-01 02:51:00,app-pod-1,46.723535774982885,52.09074301701989,173.02132651628725
2026-01-01 02:51:15,app-pod-1,40.664150813959075,38.21174171798866,166.52328945574018
2026-01-01 02:51:30,app-pod-1,40.87629878887244,47.91639540451638,160.1197283104921
2026-01-01 02:51:45,app-pod-1,45.29965030444644,49.70798336766014,168.7955336918839
2026-01-01 02:52:00,app-pod-1,42.975358854057575,45.41544940780774,159.30981449817563
2026-01-01 02:52:15,app-pod-1,45.59836881764833,48.158366410693986,218.91748914303957
2026-01-01 02:52:30,app-pod-1,43.63090566507154,48.490461457851836,175.89450688581147
2026-01-01 02:52:45,app-pod-1,45.79275201137437,57.01721778799451,176.69492057605953
2026-01-01 02:53:00,app-pod-1,40.59842546440526,53.87919990898414,153.31992286149332
2026-01-01 02:53:15,app-pod-1,43.683288287439055,45.93767599341828,181.800644693295
2026-01-01 02:53:30,app-pod-1,43.10333830494753,47.5819499472463,162.83591270149122
2026-01-01 02:53:45,app-pod-1,40.103585340034954,45.60955995158157,143.9950718567336
2026-01-01 02:54:00,app-pod-1,39.076657670269014,51.40138794693893,155.82041472751254
2026-01-01 02:54:15,app-pod-1,45.84015563960383,52.81564171088076,182.76108622114532
2026-01-01 02:54:30,app-pod-1,42.74585200658686,50.386045717816,164.72788335295098
2026-01-01 02:54:45,app-pod-1,40.747652508514584,51.204669823066155,149.62122584246347
2026-01-01 02:55:00,app-pod-1,43.54172430487539,47.49713997135811,168.30232320744915
2026-01-01 02:55:15,app-pod-1,47.2300689930929,59.88048116693532,181.87571550764164
2026-01-01 02:55:30,app-pod-1,37.01953371479694,45.90495031325685,138.95267222319427
2026-01-01 02:55:45,app-pod-1,39.38754951681554,43.291722430811305,161.6976990908426
2026-01-01 02:56:00,app-pod-1,41.12450808349414,47.6389544394567,197.8914520785901
2026-01-01 02:56:15,app-pod-1,48.292389300353214,59.96431413128661,213.14603475647334
2026-01-01 02:56:30,app-pod-1,44.77228238965615,49.21488699284044,208.21792159795228
2026-01-01 02:56:45,app-pod-1,46.242125334037304,57.11727672905027,176.4531317006386
2026-01-01 02:57:00,app-pod-1,40.535326439454906,45.24799954376083,187.26162931988748
2026-01-01 02:57:15,app-pod-1,40.61282054902166,44.600655900428634,165.86041944162415
2026-01-01 02:57:30,app-pod-1,45.330471678235476,55.02931722773629,196.11733908873833
2026-01-01 02:57:45,app-pod-1,44.17743923077681,46.55434465831506,183.57531629382956
2026-01-01 02:58:00,app-pod-1,45.6644017425894,56.07778247062105,177.50859872720537
2026-01-01 02:58:15,app-pod-1,43.47072468083583,52.187637271701824,184.67536300243398
2026-01-01 02:58:30,app-pod-1,44.88370450170092,47.050623478852685,186.8087763110808
2026-01-01 02:58:45,app-pod-1,44.53914952837382,50.820190949890005,151.63380062230183
2026-01-01 02:59:00,app-pod-1,46.413596656374146,49.74564620666422,183.79252315879967
2026-01-01 02:59:15,app-pod-1,46.51680479610682,54.30664614062007,199.15328198310146
2026-01-01 02:59:30,app-pod-1,39.251632655518954,56.91513408364036,161.16785481998414
2026-01-01 02:59:45,app-pod-1,37.384894869953015,44.31590339453,156.581644044779
2026-01-01 03:00:00,app-pod-1,47.14737181668547,55.67204164097236,177.31812985956765
2026-01-01 03:00:15,app-pod-1,47.7207291633798,53.52671362270344,194.72607574958943
2026-01-01 03:00:30,app-pod-1,41.111086238678325,48.898048882390725,162.99920578684922
2026-01-01 03:00:45,app-pod-1,38.608833626640774,46.20015793499092,151.38353598751647
2026-01-01 03:01:00,app-pod-1,44.50081197548731,46.86348115108335,167.8144014814486
2026-01-01 03:01:15,app-pod-1,47.0115729565479,54.58380081599581,201.76922714613903
2026-01-01 03:01:30,app-pod-1,49.62717569040637,53.29531423368751,203.6907315043107
2026-01-01 03:01:45,app-pod-1,45.79860174734547,47.535020804448195,186.86262361347207
2026-01-01 03:02:00,app-pod-1,43.149858893326545,55.27576753657007,203.36120551067984
2026-01-01 03:02:15,app-pod-1,41.60090009627078,49.615678180901256,173.51058792784505
2026-01-01 03:02:30,app-pod-1,44.329911821692896,49.89044348846883,195.32709760142248
2026-01-01 03:02:45,app-pod-1,43.413012810229375,57.08939204089205,177.74604365433396
2026-01-01 03:03:00,app-pod-1,41.28083515130664,39.71617692824966,159.82588528505119
2026-01-01 03:03:15,app-pod-1,50.48752072096993,61.705368523324395,186.06302305921434
2026-01-01 03:03:30,app-pod-1,49.71195680965812,50.39743002107959,202.4686791585992
2026-01-01 03:03:45,app-pod-1,47.77977840626024,54.503507581459765,151.16677055569335
2026-01-01 03:04:00,app-pod-1,41.62424481334564,46.19665259873839,170.58398539175042
2026-01-01 03:04:15,app-pod-1,46.967000511827344,48.26189515601702,192.59897794223232
2026-01-01 03:04:30,app-pod-1,46.335951162552085,59.00459844362863,182.08029095250217
2026-01-01 03:04:45,app-pod-1,45.75982104675115,61.31295756970223,181.6537887731239
2026-01-01 03:05:00,app-pod-1,48.19627504232644,52.631264276373116,174.01755739841937
2026-01-01 03:05:15,app-pod-1,46.36847054584878,54.13530289306562,206.257936484456
2026-01-01 03:05:30,app-pod-1,46.69746049332017,52.97317860363662,181.73107763163782
2026-01-01 03:05:45,app-pod-1,46.40318007481752,61.13476023913654,171.03132910321958
2026-01-01 03:06:00,app-pod-1,45.52986164425207,41.30515091370877,190.28936255551065
2026-01-01 03:06:15,app-pod-1,39.17166296401937,49.305781281164656,158.34799347293247
2026-01-01 03:06:30,app-pod-1,44.78835123782176,47.71621429575556,173.77838318337317
2026-01-01 03:06:45,app-pod-1,42.883886483144124,38.23890043084499,164.57504544966488
2026-01-01 03:07:00,app-pod-1,40.727896524727946,46.70687708016335,162.8270057077921
2026-01-01 03:07:15,app-pod-1,49.62780895956452,63.979710226247924,218.69847539628856
2026-01-01 03:07:30,app-pod-1,49.78426747661382,51.568741281627666,206.18026606375344
2026-01-01 03:07:45,app-pod-1,48.68984823766254,58.03672129918683,194.24326874303782
2026-01-01 03:08:00,app-pod-1,45.392714282951026,57.76826098338255,194.3573652676227
2026-01-01 03:08:15,app-pod-1,48.69381958592288,54.0221896970484,195.18825671061515
2026-01-01 03:08:30,app-pod-1,44.69295653293146,51.88734766510848,184.7951102692561
2026-01-01 03:08:45,app-pod-1,45.280024149586495,43.114527372004986,183.38701257814603
2026-01-01 03:09:00,app-pod-1,41.406036077327755,45.40340593826619,174.4708505795187
2026-01-01 03:09:15,app-pod-1,45.89222449645219,56.65959526916651,176.9067353727047
2026-01-01 03:09:30,app-pod-1,44.89719126928112,51.73142937368212,162.49862212368586
2026-01-01 03:09:45,app-pod-1,40.82284252377659,50.412696973862026,176.89409235132834
2026-01-01 03:10:00,app-pod-1,44.591955400752695,51.88015667894214,200.94174637020524
2026-01-01 03:10:15,app-pod-1,44.52108836065629,62.12478157394156,161.7061371862297
2026-01-01 03:10:30,app-pod-1,50.16767330475885,52.96477215738818,203.36006833123395
2026-01-01 03:10:45,app-pod-1,47.47232496203045,61.257677688352864,183.1562470085576
2026-01-01 03:11:00,app-pod-1,44.83869886701103,52.05460531794138,192.60547584805556
2026-01-01 03:11:15,app-pod-1,45.56538443650243,60.36676397845569,185.96122376843545
2026-01-01 03:11:30,app-pod-1,44.96630196544638,45.35152092952171,229.7772921582347
2026-01-01 03:11:45,app-pod-1,44.239547550030736,51.890944323175816,172.4366879204653
2026-01-01 03:12:00,app-pod-1,41.61561491738302,47.16249652255076,189.52184472415902
2026-01-01 03:12:15,app-pod-1,44.42433019632348,51.794392816676634,202.21678046556093
2026-01-01 03:12:30,app-pod-1,42.653762675888984,55.969515186452924,178.6190125893069
2026-01-01 03:12:45,app-pod-1,41.15566472554627,50.703013334672114,165.17890869285802
2026-01-01 03:13:00,app-pod-1,46.45481294487659,58.620282511548304,187.2418172418568
2026-01-01 03:13:15,app-pod-1,46.10945988510431,48.92551645320329,184.5909123220021
2026-01-01 03:13:30,app-pod-1,39.5900440031477,43.59885851458481,175.35967169878793
2026-01-01 03:13:45,app-pod-1,44.59659546733614,51.29814219282163,165.2968374131789
2026-01-01 03:14:00,app-pod-1,47.966218573479814,53.383092109480444,189.45011469775082
2026-01-01 03:14:15,app-pod-1,48.17123284460436,52.79056614710209,188.45214201256482
2026-01-01 03:14:30,app-pod-1,48.085501527692394,48.86669244103125,166.44908979391016
2026-01-01 03:14:45,app-pod-1,45.139142132678586,57.59065744213445,193.44029217715052
2026-01-01 03:15:00,app-pod-1,42.50166016567209,47.93697611280302,185.95043138358847
2026-01-01 03:15:15,app-pod-1,41.800075412651374,56.39044339991937,157.687025147182
2026-01-01 03:15:30,app-pod-1,46.099344444557424,52.33325793721048,199.84936462805086
2026-01-01 03:15:45,app-pod-1,46.21770974233288,55.59454147370324,161.11597315377225
2026-01-01 03:16:00,app-pod-1,48.956184939270635,57.05787767230785,196.18405730511907
2026-01-01 03:16:15,app-pod-1,48.40843455994488,49.76453049020715,191.7398611794487
2026-01-01 03:16:30,app-pod-1,44.72609566601294,53.1442815739715,180.22061329004563
2026-01-01 03:16:45,app-pod-1,41.404432030937194,58.62476714399156,166.85590567753022
2026-01-01 03:17:00,app-pod-1,44.193979896648294,52.19384719315559,175.62029463827201
2026-01-01 03:17:15,app-pod-1,45.81722526356531,56.57844138229409,177.45230732302082
2026-01-01 03:17:30,app-pod-1,44.57349588877503,54.66780634510344,176.66339402823365
2026-01-01 03:17:45,app-pod-1,43.46025918396318,51.95742972059916,194.28935532237395
2026-01-01 03:18:00,app-pod-1,45.966773756910314,53.10913521846095,175.18631077900773
2026-01-01 03:18:15,app-pod-1,43.71040579525449,53.33386185228464,208.67172337881496
2026-01-01 03:18:30,app-pod-1,43.35222236262833,54.16296838621789,163.8814226598147
2026-01-01 03:18:45,app-pod-1,46.18490258103808,45.56861152147129,188.34049857790603
2026-01-01 03:19:00,app-pod-1,44.05867165526296,52.07758460416635,184.80278416860028
2026-01-01 03:19:15,app-pod-1,46.01104971652387,51.28734539783012,179.66786028579384
2026-01-01 03:19:30,app-pod-1,46.112417591736374,50.32105809595692,205.18511855371105
2026-01-01 03:19:45,app-pod-1,41.88856929640859,55.80182040262888,175.73245393630444
2026-01-01 03:20:00,app-pod-1,43.87716549078333,47.048284603229064,172.43512657687415
2026-01-01 03:20:15,app-pod-1,49.648234014320614,47.779918508474424,219.16190765295468
2026-01-01 03:20:30,app-pod-1,41.86266074137964,53.28244364589502,152.21826625774517
2026-01-01 03:20:45,app-pod-1,39.01291375384769,40.207070344923935,147.56940222236344
2026-01-01 03:21:00,app-pod-1,39.79130118174166,38.21419543742634,167.60376120588276
2026-01-01 03:21:15,app-pod-1,45.47810772483162,56.376013857331955,193.93442728054447
2026-01-01 03:21:30,app-pod-1,45.49745264916578,52.641828107228484,186.82913887399488
2026-01-01 03:21:45,app-pod-1,45.06577284852501,53.909639130811385,178.35520656174828
2026-01-01 03:22:00,app-pod-1,49.0750611545399,52.14040493427982,192.52858359901643
2026-01-01 03:22:15,app-pod-1,37.42785625809757,39.2774687226232,166.6824389220211
2026-01-01 03:22:30,app-pod-1,46.64801069054721,46.72467141529471,190.19796250523243
2026-01-01 03:22:45,app-pod-1,50.158354786230504,53.749903853204934,187.5498375589115
2026-01-01 03:23:00,app-pod-1,42.10451058696857,43.11114312128779,154.4695068999479
2026-01-01 03:23:15,app-pod-1,44.362227617920944,52.58882386777292,200.1508301605927
2026-01-01 03:23:30,app-pod-1,43.2567472276607,47.967433369190395,162.24556473081137
2026-01-01 03:23:45,app-pod-1,42.84614220518692,50.91747978045737,175.47553482701989
2026-01-01 03:24:00,app-pod-1,44.564133214070296,51.97063389098136,198.52012937733718
2026-01-01 03:24:15,app-pod-1,49.839095471211735,56.82136460197085,207.48799124653934
2026-01-01 03:24:30,app-pod-1,51.082501526612425,58.255163705073684,192.96536999139843
2026-01-01 03:24:45,app-pod-1,44.57620717768989,49.483842070486695,163.06941728300382
2026-01-01 03:25:00,app-pod-1,51.312870304051046,56.838855546004886,233.2998083088996
2026-01-01 03:25:15,app-pod-1,45.718065341985735,53.18268638149088,167.25479248890312
2026-01-01 03:25:30,app-pod-1,50.886036664198414,43.475774119472064,195.24510814827505
2026-01-01 03:25:45,app-pod-1,45.35867671587137,54.983702430407405,187.02226144275343
2026-01-01 03:26:00,app-pod-1,46.04533661518671,52.981446611731954,180.89816972459957
2026-01-01 03:26:15,app-pod-1,46.76215840250151,55.55375520796891,195.65571168344036
2026-01-01 03:26:30,app-pod-1,55.215849229359335,52.21687648331522,198.84681503606942
2026-01-01 03:26:45,app-pod-1,48.2466794655067,52.193809750042725,189.83072710343083
2026-01-01 03:27:00,app-pod-1,43.584545027760505,45.051534236604454,184.5035113211803
2026-01-01 03:27:15,app-pod-1,48.6268294159293,57.761787472214884,204.7234138189768
2026-01-01 03:27:30,app-pod-1,44.64781667611931,44.227888962941044,170.00446755991686
2026-01-01 03:27:45,app-pod-1,44.27752349968493,46.350992540167844,161.78444332977222
2026-01-01 03:28:00,app-pod-1,48.48601915181078,56.61178404762745,197.14977321852624
2026-01-01 03:28:15,app-pod-1,45.866894105929816,48.95995321276463,163.78063673935858
2026-01-01 03:28:30,app-pod-1,46.62276858739841,47.993984727233595,205.75513328905225
2026-01-01 03:28:45,app-pod-1,45.84238122552126,56.623264005565794,185.73065636569945
2026-01-01 03:29:00,app-pod-1,46.82354085469317,57.515037381244554,176.84198977544318
2026-01-01 03:29:15,app-pod-1,47.102036265121654,56.58178134829015,172.5906239496952
2026-01-01 03:29:30,app-pod-1,40.02956603973628,52.264244597516864,150.62241417205954
2026-01-01 03:29:45,app-pod-1,47.853494259963966,52.339549587284495,167.98501102468973
2026-01-01 03:30:00,app-pod-1,42.9210085463338,49.021741109250584,179.10572023840993
2026-01-01 03:30:15,app-pod-1,41.553441070427716,45.847002356631386,154.1710654174017
2026-01-01 03:30:30,app-pod-1,45.718357520610944,52.84149610300754,188.86850650878472
2026-01-01 03:30:45,app-pod-1,46.158768125241565,49.67164605103986,192.69825826290187
2026-01-01 03:31:00,app-pod-1,43.8395215569756,48.52233406024803,189.84804470614463
2026-01-01 03:31:15,app-pod-1,48.426331615649026,56.89793430086882,197.48304041751942
2026-01-01 03:31:30,app-pod-1,41.919887576341424,55.266617531010894,184.55806587281833
2026-01-01 03:31:45,app-pod-1,44.73873988712236,53.308419192336125,199.74661606958588
2026-01-01 03:32:00,app-pod-1,44.218087796146854,59.924240783515636,180.7455787419372
2026-01-01 03:32:15,app-pod-1,45.84606845131926,48.564670055759734,188.16217242865645
2026-01-01 03:32:30,app-pod-1,46.835524155944306,43.59499371311472,178.97998963954925
2026-01-01 03:32:45,app-pod-1,42.98833445548208,53.66497356678523,157.13896731354316
2026-01-01 03:33:00,app-pod-1,48.197924286189895,49.879379237099265,212.02281478442617
2026-01-01 03:33:15,app-pod-1,46.22712723986844,50.99052785903109,193.9946646460691
2026-01-01 03:33:30,app-pod-1,40.37530617202529,39.41373176981208,171.80366053183658
2026-01-01 03:33:45,app-pod-1,40.1883763084218,43.63581217916613,151.89286113220484
2026-01-01 03:34:00,app-pod-1,46.04017933355642,44.716988450593306,208.5195398884093
2026-01-01 03:34:15,app-pod-1,45.42720271134342,49.62752558083888,178.27960197780322
2026-01-01 03:34:30,app-pod-1,45.79279263053327,50.082197371958536,171.143559829853
2026-01-01 03:34:45,app-pod-1,46.032034747010414,52.67222638064833,175.52302711009403
2026-01-01 03:35:00,app-pod-1,46.80557160388019,58.96251494449201,210.79016066630936
2026-01-01 03:35:15,app-pod-1,48.984731691686086,57.67384350866936,179.27321237659743
2026-01-01 03:35:30,app-pod-1,42.82133972888411,41.86408962916647,160.01852126469402
2026-01-01 03:35:45,app-pod-1,42.65159199981805,52.89619157793692,214.08400777824028
2026-01-01 03:36:00,app-pod-1,42.9003683138368,50.589031306893055,185.7170393002203
2026-01-01 03:36:15,app-pod-1,47.059903744808196,52.45280046118525,177.2437772978546
2026-01-01 03:36:30,app-pod-1,49.940790466621806,54.84505567694913,183.54145148630533
2026-01-01 03:36:45,app-pod-1,44.92470531969715,52.470055864219276,154.60836337856782
2026-01-01 03:37:00,app-pod-1,38.72638010682128,43.64903211970707,156.3622326206083
2026-01-01 03:37:15,app-pod-1,41.13223774232651,47.880812132005346,175.44925628613822
2026-01-01 03:37:30,app-pod-1,43.757823523444266,56.55017208587015,197.81326724229154
2026-01-01 03:37:45,app-pod-1,44.59644504670608,47.697982610566584,149.97602646937275
2026-01-01 03:38:00,app-pod-1,45.05714448536221,46.390561258878066,160.3478554028573
2026-01-01 03:38:15,app-pod-1,46.41071301949254,52.17896237427552,183.84959341446705
2026-01-01 03:38:30,app-pod-1,45.37237055193117,46.10782710257008,223.30453304561073
2026-01-01 03:38:45,app-pod-1,49.468248865262424,46.013858598412,211.16153299701227
2026-01-01 03:39:00,app-pod-1,44.304779186189464,49.29100954495854,182.811113351084
2026-01-01 03:39:15,app-pod-1,43.75845885978187,57.87403062466692,156.65998158122918
2026-01-01 03:39:30,app-pod-1,47.794601539147294,53.26320059801864,159.37862667010816
2026-01-01 03:39:45,app-pod-1,41.76359143463957,50.12739947648876,167.63711102241606
2026-01-01 03:40:00,app-pod-1,47.55211600173984,42.635739410462264,188.7179216696306
2026-01-01 03:40:15,app-pod-1,46.70320418394887,54.88287039096895,182.79570392752643
2026-01-01 03:40:30,app-pod-1,45.96570140075577,52.642820287077996,178.15630058828123
2026-01-01 03:40:45,app-pod-1,51.18532190559309,52.50515119371839,193.5159773157754
2026-01-01 03:41:00,app-pod-1,44.566316422959126,52.09667385308326,163.60063378630517
2026-01-01 03:41:15,app-pod-1,52.62625889136774,57.688989309747214,231.34765253889344
2026-01-01 03:41:30,app-pod-1,45.78147608453231,46.74959361738294,169.82797989039864
2026-01-01 03:41:45,app-pod-1,42.63910756643379,51.5066439304032,166.41420938420978
2026-01-01 03:42:00,app-pod-1,46.69228251542479,58.67027487343313,186.18295847595667
2026-01-01 03:42:15,app-pod-1,43.266135429832325,49.146587423515044,183.65874674479872
2026-01-01 03:42:30,app-pod-1,44.25193111825677,46.638380770594196,164.23026935508142
2026-01-01 03:42:45,app-pod-1,47.710606550543936,52.509524236372116,205.51344652467984
2026-01-01 03:43:00,app-pod-1,48.198541248494145,58.01204484926804,184.09916957067742
2026-01-01 03:43:15,app-pod-1,44.677560542451396,45.14269818322961,176.28178463095935
2026-01-01 03:43:30,app-pod-1,49.51852805304924,57.555760931055374,222.72059099709423
2026-01-01 03:43:45,app-pod-1,50.04106516611958,51.638673323681296,185.6258449679983
2026-01-01 03:44:00,app-pod-1,50.88965672079071,56.83307511145218,214.37219756977296
2026-01-01 03:44:15,app-pod-1,48.18118150189287,50.90517067609719,207.79388902846475
2026-01-01 03:44:30,app-pod-1,50.695397502053076,52.651693476029344,207.43005704181718
2026-01-01 03:44:45,app-pod-1,40.974866408538134,56.29788106715193,162.13650330137494
2026-01-01 03:45:00,app-pod-1,45.67567260016552,44.92753786744841,214.5882509268946
2026-01-01 03:45:15,app-pod-1,44.04048724316319,53.255171957941954,175.95426805636242
2026-01-01 03:45:30,app-pod-1,47.011271559679436,61.56451214638204,191.10624873920978
2026-01-01 03:45:45,app-pod-1,44.95131746656487,54.89353185895952,174.75736825809656
2026-01-01 03:46:00,app-pod-1,46.179242915494164,45.66998494565,186.98319952267246
2026-01-01 03:46:15,app-pod-1,52.33627255413423,50.227488243316934,223.80685989713373
2026-01-01 03:46:30,app-pod-1,46.19260013711372,48.5766932127476,180.64082043478723
2026-01-01 03:46:45,app-pod-1,47.95512821717958,54.35812930962508,160.19255594976244
2026-01-01 03:47:00,app-pod-1,46.02891512718248,53.34995405947299,191.81921325098222
2026-01-01 03:47:15,app-pod-1,46.964814930038685,46.516887679528615,171.68424310352253
2026-01-01 03:47:30,app-pod-1,46.76765714033437,48.37357270599922,198.1987751907251
2026-01-01 03:47:45,app-pod-1,48.106491399250515,49.61713154457526,192.40609462110152
2026-01-01 03:48:00,app-pod-1,50.269333965550004,54.284799735310536,215.22397241187275
2026-01-01 03:48:15,app-pod-1,51.72746555041786,66.13270317174786,192.68470568291326
2026-01-01 03:48:30,app-pod-1,47.72599602902982,48.742261892203636,182.8756660586044
2026-01-01 03:48:45,app-pod-1,48.57760867999556,49.119536910317954,189.209894330082
2026-01-01 03:49:00,app-pod-1,43.36818673173114,44.69202923649257,151.23851388766815
2026-01-01 03:49:15,app-pod-1,46.56894225419721,55.775982434149206,202.94707214751952
2026-01-01 03:49:30,app-pod-1,49.66521306897649,54.558941166508035,174.279508534236
2026-01-01 03:49:45,app-pod-1,49.45400273917641,50.13666917657369,214.27571522637828
2026-01-01 03:50:00,app-pod-1,47.502658114642855,51.43788276135834,196.37660963867629
2026-01-01 03:50:15,app-pod-1,49.538722816067725,50.7195544664589,195.17188127912812
2026-01-01 03:50:30,app-pod-1,48.36353300028859,55.33392950614824,198.63087423067606
2026-01-01 03:50:45,app-pod-1,50.50382348495312,68.77455947344886,206.7812932647673
2026-01-01 03:51:00,app-pod-1,47.7826339049508,56.20216576192674,185.1241169461329
2026-01-01 03:51:15,app-pod-1,45.85909308444244,51.63642258357289,187.9086195531668
2026-01-01 03:51:30,app-pod-1,47.94532325836189,50.236848843413554,202.74904296120266
2026-01-01 03:51:45,app-pod-1,38.15760766192636,39.9933249539242,138.4601901503902
2026-01-01 03:52:00,app-pod-1,48.10961913228367,57.34518204961374,197.6314008142283
2026-01-01 03:52:15,app-pod-1,36.027274399081335,48.615862971188534,104.7142211526164
2026-01-01 03:52:30,app-pod-1,41.81365340831532,46.93905240236669,138.31061513476035
2026-01-01 03:52:45,app-pod-1,48.35085997964857,59.91227190046709,201.87133969194073
2026-01-01 03:53:00,app-pod-1,48.43963251171164,54.01327745262357,187.49109156918357
2026-01-01 03:53:15,app-pod-1,43.53122824569625,54.34566344896305,161.32334039538222
2026-01-01 03:53:30,app-pod-1,44.89365829615476,52.906545817473386,178.77925108126485
2026-01-01 03:53:45,app-pod-1,51.15301695915597,54.92143247202098,198.6727930135105
2026-01-01 03:54:00,app-pod-1,45.600712892363816,47.14607596811724,167.57373460226054
2026-01-01 03:54:15,app-pod-1,53.79295322672929,56.927384296897145,190.58607772791763
2026-01-01 03:54:30,app-pod-1,47.069801427548114,57.15911434375792,158.75684364918897
2026-01-01 03:54:45,app-pod-1,48.31101789686834,51.277036968310696,204.3259573663712
2026-01-01 03:55:00,app-pod-1,51.94886060895475,58.56290940428422,201.45794914865922
2026-01-01 03:55:15,app-pod-1,47.50262646388121,47.83815911459683,204.5537455645486
2026-01-01 03:55:30,app-pod-1,44.11380051622302,54.779952042007906,169.96544959584617
2026-01-01 03:55:45,app-pod-1,46.802917073928555,54.326748634199795,192.53621758326486
2026-01-01 03:56:00,app-pod-1,47.03651380547197,46.91500586964787,186.26498860336991
2026-01-01 03:56:15,app-pod-1,43.06034724340074,49.02217045277246,172.9080899064894
2026-01-01 03:56:30,app-pod-1,46.39828175952037,57.13600177825611,186.98867919724609
2026-01-01 03:56:45,app-pod-1,44.95038703932826,45.170108224263664,173.11594680484086
2026-01-01 03:57:00,app-pod-1,49.961201501591354,49.618089857989276,181.4004833131734
2026-01-01 03:57:15,app-pod-1,47.30310830893879,52.764691042324685,200.7044094193607
2026-01-01 03:57:30,app-pod-1,46.36200942967887,63.120060252936184,209.35123960159632
2026-01-01 03:57:45,app-pod-1,46.90295439714041,49.4691776578008,212.500048738172
2026-01-01 03:58:00,app-pod-1,47.901949264049016,56.007734482761784,183.3087483901764
2026-01-01 03:58:15,app-pod-1,49.09408832247023,55.66653886373591,185.37879192032085
2026-01-01 03:58:30,app-pod-1,44.25555103354769,48.03128622215566,168.70796741666084
2026-01-01 03:58:45,app-pod-1,44.140946286292554,51.70432915932916,173.92622411301335
2026-01-01 03:59:00,app-pod-1,50.5907477502955,53.17435011473207,201.5760765392874
2026-01-01 03:59:15,app-pod-1,46.05067984964615,50.44645194416975,169.23379252472503
2026-01-01 03:59:30,app-pod-1,43.04812397981739,41.82732727200651,149.9964582210885
2026-01-01 03:59:45,app-pod-1,48.64102759323903,53.92653814093571,195.3132449705671
2026-01-01 04:00:00,app-pod-1,48.710617493786835,58.59289977876353,141.8863334616992
2026-01-01 04:00:15,app-pod-1,42.73926030464288,50.20461108714844,169.44718892883438
2026-01-01 04:00:30,app-pod-1,48.03072860068556,59.07404882459204,177.95170027657628
2026-01-01 04:00:45,app-pod-1,49.559889473676,57.59355986129829,209.94187579389663
2026-01-01 04:01:00,app-pod-1,48.48713564490163,53.643288419780035,209.6630657361837
2026-01-01 04:01:15,app-pod-1,49.27073617286083,51.349887555968486,213.15163109516232
2026-01-01 04:01:30,app-pod-1,43.17277918463063,47.78962685243442,167.49441351916295
2026-01-01 04:01:45,app-pod-1,48.3894810139053,46.5200843400481,176.53076387617006
2026-01-01 04:02:00,app-pod-1,46.49925464038665,51.214083797779026,173.77813380854732
2026-01-01 04:02:15,app-pod-1,45.96947609957719,52.90862706252481,188.19206464602976
2026-01-01 04:02:30,app-pod-1,50.04022533526441,63.60526322368125,175.47293421543978
2026-01-01 04:02:45,app-pod-1,51.87707323183672,58.95555287868008,228.41153526930742
2026-01-01 04:03:00,app-pod-1,52.83303030525702,52.65885131299002,206.37267074406807
2026-01-01 04:03:15,app-pod-1,51.40499343375182,48.78665402603224,213.1225788216513
2026-01-01 04:03:30,app-pod-1,47.14199617558579,51.96663688688719,161.84659299629055
2026-01-01 04:03:45,app-pod-1,48.539967321614206,58.036799359268684,180.27013890008158
2026-01-01 04:04:00,app-pod-1,49.79286275814064,53.7519222472265,170.58626384771688
2026-01-01 04:04:15,app-pod-1,47.866494486534975,56.216467015602454,206.78382035315718
2026-01-01 04:04:30,app-pod-1,47.90579887124263,52.6284319636089,189.22012438684524
2026-01-01 04:04:45,app-pod-1,49.995290532482265,58.58170554631558,208.55073643147261
2026-01-01 04:05:00,app-pod-1,47.356687176072356,45.163390909722345,190.37795393924057
2026-01-01 04:05:15,app-pod-1,45.3571574177775,59.77092079317475,188.4557554797954
2026-01-01 04:05:30,app-pod-1,46.31206126511716,46.85602564446346,180.18661715434072
2026-01-01 04:05:45,app-pod-1,49.467652942080996,58.596018708105575,194.81742792621537
2026-01-01 04:06:00,app-pod-1,47.58532212683917,51.94880551544264,188.96530222521807
2026-01-01 04:06:15,app-pod-1,48.607371713908954,53.44602069790176,200.51396167954425
2026-01-01 04:06:30,app-pod-1,49.607358113305715,53.519641149463254,204.91120877149328
2026-01-01 04:06:45,app-pod-1,46.48295366238248,53.8160904889252,228.10336790964007
2026-01-01 04:07:00,app-pod-1,49.886559254997124,57.20821419490246,224.7702689306826
2026-01-01 04:07:15,app-pod-1,48.76465832387177,59.42706838582558,168.37725150714252
2026-01-01 04:07:30,app-pod-1,77.77739500649905,81.48392091753622,308.9629978570874
2026-01-01 04:07:45,app-pod-1,85.81902242609449,81.73242343214966,337.1876521003955
2026-01-01 04:08:00,app-pod-1,80.00012660617416,84.56845982016344,339.20246363684663
2026-01-01 04:08:15,app-pod-1,76.54730658020547,74.04797732025622,301.4530068818037
2026-01-01 04:08:30,app-pod-1,78.38767222855031,80.25857237124984,320.51502207590124
2026-01-01 04:08:45,app-pod-1,78.46985758590459,77.07249867466395,278.8235058894166
2026-01-01 04:09:00,app-pod-1,81.69968168549981,74.44375402272303,304.09471457110004
2026-01-01 04:09:15,app-pod-1,80.73175781333367,77.41840124123279,354.3114289398716
2026-01-01 04:09:30,app-pod-1,80.55293995427851,78.90291735554058,322.96542579023776
2026-01-01 04:09:45,app-pod-1,83.43264719560874,78.24186237991307,318.7536884303997
2026-01-01 04:10:00,app-pod-1,82.60325172740892,79.88655879917403,334.0560699779737
2026-01-01 04:10:15,app-pod-1,82.5418324911422,82.106097540434,314.37144566278107
2026-01-01 04:10:30,app-pod-1,82.83321636530859,77.86638574573655,327.0822623327991
2026-01-01 04:10:45,app-pod-1,83.46215597822786,63.70407084134709,312.0593548242512
2026-01-01 04:11:00,app-pod-1,75.29989178464878,81.101275006721,289.36874887169364
2026-01-01 04:11:15,app-pod-1,80.5404157319101,74.89033386123542,315.916612585761
2026-01-01 04:11:30,app-pod-1,75.10305780504615,68.45573935937081,317.22272093523526
2026-01-01 04:11:45,app-pod-1,81.76180410795915,71.61271139730731,334.007906547084
2026-01-01 04:12:00,app-pod-1,81.64964054736069,75.47251887148425,336.17642272857415
2026-01-01 04:12:15,app-pod-1,84.81003022048937,76.55328199775764,338.8535011114978
2026-01-01 04:12:30,app-pod-1,85.24620929021603,75.98729918372777,353.3275736364079
2026-01-01 04:12:45,app-pod-1,82.30148274484016,74.20040657216524,316.10314193921204
2026-01-01 04:13:00,app-pod-1,80.20190461629842,78.79004735170801,309.8170292904686
2026-01-01 04:13:15,app-pod-1,83.16828018321094,88.36961333326316,338.78698680469694
2026-01-01 04:13:30,app-pod-1,80.13883166769207,80.20004015745894,316.36811582036063
2026-01-01 04:13:45,app-pod-1,81.72817308478643,82.82271208312335,326.7050046137033
2026-01-01 04:14:00,app-pod-1,84.70050516318918,77.40330345699873,336.3399914840378
2026-01-01 04:14:15,app-pod-1,80.07850604967204,76.57828106252332,339.11578041711033
2026-01-01 04:14:30,app-pod-1,84.17855857127374,81.05740302104304,356.29752827527807
2026-01-01 04:14:45,app-pod-1,83.80340800455636,75.3645961349756,325.82114560976925
2026-01-01 04:15:00,app-pod-1,78.91648835952768,73.11289149892377,289.26791323474976
2026-01-01 04:15:15,app-pod-1,84.71218476402605,83.5712891264836,328.17628554278957
2026-01-01 04:15:30,app-pod-1,83.89581862848604,84.17853681544076,322.1288723154248
2026-01-01 04:15:45,app-pod-1,82.11549310058753,77.81789651798755,340.9381975143362
2026-01-01 04:16:00,app-pod-1,79.53231953216675,69.69683776862308,331.93674028028386
2026-01-01 04:16:15,app-pod-1,79.25122492859252,73.99789753392648,301.5387869688004
2026-01-01 04:16:30,app-pod-1,80.22538693060174,68.95111517889185,309.58397634408425
2026-01-01 04:16:45,app-pod-1,100.0,90.37601204917364,377.8148336911734
2026-01-01 04:17:00,app-pod-1,100.0,91.2770155563571,402.0156778528414
2026-01-01 04:17:15,app-pod-1,100.0,88.64644789481112,399.32625358873884
2026-01-01 04:17:30,app-pod-1,100.0,91.20855611191602,411.8368272615839
2026-01-01 04:17:45,app-pod-1,100.0,92.0845061954192,407.4569694183915
2026-01-01 04:18:00,app-pod-1,100.0,91.28431021453562,409.1530445658427
2026-01-01 04:18:15,app-pod-1,100.0,83.99234853851536,376.86996940321393
2026-01-01 04:18:30,app-pod-1,100.0,88.73367837243653,390.60510945111616
2026-01-01 04:18:45,app-pod-1,100.0,92.04921489133135,414.23345957114805
2026-01-01 04:19:00,app-pod-1,100.0,97.89355885652999,391.92135822306034
2026-01-01 04:19:15,app-pod-1,100.0,88.64037124880652,375.5865118829644
2026-01-01 04:19:30,app-pod-1,100.0,92.75420100224055,412.1198436980749
2026-01-01 04:19:45,app-pod-1,100.0,94.39075955961911,391.3410250747839
2026-01-01 04:20:00,app-pod-1,100.0,89.0168615081372,415.93955490440317
2026-01-01 04:20:15,app-pod-1,100.0,95.7420387374367,399.72377918739534
2026-01-01 04:20:30,app-pod-1,100.0,96.01086915715449,395.8417083564838
2026-01-01 04:20:45,app-pod-1,100.0,96.90192367030595,420.4478633668505
2026-01-01 04:21:00,app-pod-1,100.0,92.29216084492766,380.46016571294246
2026-01-01 04:21:15,app-pod-1,100.0,100.0,421.51331769446637
2026-01-01 04:21:30,app-pod-1,100.0,86.92358443617829,390.40966006681117
2026-01-01 04:21:45,app-pod-1,100.0,100.0,402.43554790474013
2026-01-01 04:22:00,app-pod-1,100.0,93.84149744329217,402.5773029313837
2026-01-01 04:22:15,app-pod-1,100.0,96.70193666513359,393.5932026465626
2026-01-01 04:22:30,app-pod-1,100.0,88.39981122729145,388.5683096488459
2026-01-01 04:22:45,app-pod-1,100.0,94.22237351481881,394.4526671655229
2026-01-01 04:23:00,app-pod-1,100.0,97.13487081832182,384.781559743108
2026-01-01 04:23:15,app-pod-1,100.0,84.56320678138064,429.42940964422047
2026-01-01 04:23:30,app-pod-1,100.0,89.18336859092291,392.7830354396917
2026-01-01 04:23:45,app-pod-1,100.0,79.29373655884406,417.38420881644913
2026-01-01 04:24:00,app-pod-1,100.0,89.10833511575422,415.4075943786447
2026-01-01 04:24:15,app-pod-1,88.62192216453462,77.9553045478738,359.93163474249144
2026-01-01 04:24:30,app-pod-1,78.4433753191882,73.82152428359807,311.7383157657586
2026-01-01 04:24:45,app-pod-1,84.51785027605794,93.78071198126385,340.97812881043745
2026-01-01 04:25:00,app-pod-1,49.03748702359388,62.91525845050171,204.73249460318803
2026-01-01 04:25:15,app-pod-1,47.86126231874602,46.305645939619055,192.95207618393232
2026-01-01 04:25:30,app-pod-1,49.621542497521176,57.51377125626185,174.9849351304302
2026-01-01 04:25:45,app-pod-1,48.51824067308517,57.9574239064558,166.79829294858908
2026-01-01 04:26:00,app-pod-1,48.672388664539135,52.381186631654444,217.32437801533314
2026-01-01 04:26:15,app-pod-1,47.12489044046981,53.87896132412161,148.9788532136472
2026-01-01 04:26:30,app-pod-1,44.1642275560523,52.2948703263116,179.592187528612
2026-01-01 04:26:45,app-pod-1,43.73632568932082,43.882371118215275,171.42063253988204
2026-01-01 04:27:00,app-pod-1,50.33555885282165,50.07824442654441,203.7542525990981
2026-01-01 04:27:15,app-pod-1,47.55432497320391,54.14951107344769,173.11779877430507
2026-01-01 04:27:30,app-pod-1,46.604737709133346,53.120329036302174,191.67911315554522
2026-01-01 04:27:45,app-pod-1,48.427078566861354,50.35614141971659,196.7985607800715
2026-01-01 04:28:00,app-pod-1,50.79489382779568,51.58454498018776,244.59475152037905
2026-01-01 04:28:15,app-pod-1,48.959702374095414,53.82289541351076,197.78851019414185
2026-01-01 04:28:30,app-pod-1,46.458937294540945,56.95201087109503,206.05927578058586
2026-01-01 04:28:45,app-pod-1,52.11445060423434,56.09768656822969,185.97751728521672
2026-01-01 04:29:00,app-pod-1,53.18157594235394,65.340757312826,228.02773354009645
2026-01-01 04:29:15,app-pod-1,49.936115148745024,51.47617786580871,203.13856013933278
2026-01-01 04:29:30,app-pod-1,51.38183950939615,56.93283666385143,209.57343829800587
2026-01-01 04:29:45,app-pod-1,52.195110791612954,54.76510040860904,213.03397131835752
2026-01-01 04:30:00,app-pod-1,51.867888599439276,59.24732675167304,233.06662696740167
2026-01-01 04:30:15,app-pod-1,50.32822604391693,51.321818819615864,205.1394711615063
2026-01-01 04:30:30,app-pod-1,50.289285519534815,64.83948863364314,189.3953113403527
2026-01-01 04:30:45,app-pod-1,50.06151995756341,46.59000195491436,191.00700924118198
2026-01-01 04:31:00,app-pod-1,45.218797056710194,60.230559138098364,193.13210063481137
2026-01-01 04:31:15,app-pod-1,50.62122936752842,55.88480290281406,209.19674934341563
2026-01-01 04:31:30,app-pod-1,44.4598457641227,53.88401494362045,154.8822781260855
2026-01-01 04:31:45,app-pod-1,46.151695046843926,58.978811048250535,192.32640754526528
2026-01-01 04:32:00,app-pod-1,52.45437229476001,61.00636808216235,193.5823538269397
2026-01-01 04:32:15,app-pod-1,51.07249919319707,52.10061499627263,210.86386706924966
2026-01-01 04:32:30,app-pod-1,53.02217311290128,60.1159689553439,200.00538187382625
2026-01-01 04:32:45,app-pod-1,47.75307254677616,62.76452064591639,186.79006416698874
2026-01-01 04:33:00,app-pod-1,45.11944453360818,47.14715261272161,172.3056512675908
2026-01-01 04:33:15,app-pod-1,47.86295272180123,64.09620946123074,214.23550563573568
2026-01-01 04:33:30,app-pod-1,48.89840934667461,56.15739897251505,201.62135364134875
2026-01-01 04:33:45,app-pod-1,48.837310622700265,52.01997857628889,214.265937525411
2026-01-01 04:34:00,app-pod-1,52.0093927959106,51.94012803409615,251.46575963558564
2026-01-01 04:34:15,app-pod-1,47.53252482829581,52.15633200776569,190.83217944213234
2026-01-01 04:34:30,app-pod-1,49.680402110584836,44.99988982205691,221.2514612368577
2026-01-01 04:34:45,app-pod-1,45.666357677471666,49.89022802893623,172.17359572599472
2026-01-01 04:35:00,app-pod-1,49.991109219787404,53.679140234573126,218.7876085280903
2026-01-01 04:35:15,app-pod-1,48.657379115952416,48.68809713560459,182.51688375237123
2026-01-01 04:35:30,app-pod-1,46.40648734074489,56.22376711304322,185.34972238988524
2026-01-01 04:35:45,app-pod-1,47.95629096037101,52.47557223331277,199.87832869401038
2026-01-01 04:36:00,app-pod-1,48.11908129039837,50.50438418020671,202.88979361245262
2026-01-01 04:36:15,app-pod-1,47.868950407416186,51.88159560984861,172.38752699777342
2026-01-01 04:36:30,app-pod-1,54.001224560858965,59.57639455918051,202.99956938556895
2026-01-01 04:36:45,app-pod-1,48.39962562964221,54.24584399308451,202.77025370013226
2026-01-01 04:37:00,app-pod-1,47.97101586318822,50.07483566379386,186.3683150045564
2026-01-01 04:37:15,app-pod-1,42.41806962347806,50.32091610663686,148.71205086099155
2026-01-01 04:37:30,app-pod-1,46.035496479208085,51.97146774761437,183.0773348992215
2026-01-01 04:37:45,app-pod-1,47.93657202770764,47.85827930365129,189.961715518974
2026-01-01 04:38:00,app-pod-1,46.67588575643803,51.230596561970316,189.35726774538566
2026-01-01 04:38:15,app-pod-1,52.886195757849066,59.91702838259879,219.48340284560575
2026-01-01 04:38:30,app-pod-1,48.25386654405314,56.63839788031974,200.00023656246287
2026-01-01 04:38:45,app-pod-1,52.62159720144955,55.68529637899772,198.9637923881693
2026-01-01 04:39:00,app-pod-1,48.94894062060078,57.648122408350424,189.63333545171076
2026-01-01 04:39:15,app-pod-1,48.88305016537276,49.31835763083782,209.44903106080844
2026-01-01 04:39:30,app-pod-1,48.51249491436049,49.213807249085704,185.90220665179623
2026-01-01 04:39:45,app-pod-1,48.79776826853864,52.90216297150864,189.26469219426863
2026-01-01 04:40:00,app-pod-1,53.950237424867744,65.25299687784309,193.2369134956283
2026-01-01 04:40:15,app-pod-1,41.84247077448396,50.1059876748298,166.93967604641728
2026-01-01 04:40:30,app-pod-1,42.80409388855106,48.58603667365688,176.39543252561253
2026-01-01 04:40:45,app-pod-1,47.18662441509944,60.751327096602836,159.1140993836936
2026-01-01 04:41:00,app-pod-1,48.86710395094013,52.772280589640395,179.41466007986384
2026-01-01 04:41:15,app-pod-1,50.90119457795246,66.80450239099669,182.27886227940917
2026-01-01 04:41:30,app-pod-1,50.257481489190276,52.62382142432946,212.85520951226724
2026-01-01 04:41:45,app-pod-1,47.69279833209572,48.32631518621049,162.08592422668212
2026-01-01 04:42:00,app-pod-1,51.90996090156886,55.50516275683882,206.45957464958516
2026-01-01 04:42:15,app-pod-1,51.95068734920553,55.12005984025878,218.57068172100537
2026-01-01 04:42:30,app-pod-1,49.4195235096112,50.555066574981424,200.4954187752351
2026-01-01 04:42:45,app-pod-1,51.762549158826076,69.24365480197044,200.45081668372003
2026-01-01 04:43:00,app-pod-1,49.699716198152075,56.38293417773269,203.99589059424335
2026-01-01 04:43:15,app-pod-1,47.20451282634615,55.36440684680022,204.3726508128517
2026-01-01 04:43:30,app-pod-1,50.98957144633757,53.383303676751694,202.34411162703745
2026-01-01 04:43:45,app-pod-1,49.235096835001386,51.576220860775315,163.35632884599602
2026-01-01 04:44:00,app-pod-1,48.9143910522498,59.36786551516336,212.87355609118404
2026-01-01 04:44:15,app-pod-1,53.336323771604135,48.95621777717409,219.3492649123212
2026-01-01 04:44:30,app-pod-1,41.57191570235403,43.38601862769598,165.7915173342797
2026-01-01 04:44:45,app-pod-1,44.67852609191272,50.03842573630113,149.00852664411107
2026-01-01 04:45:00,app-pod-1,45.377391310779004,58.51941044571686,177.03493619561027
2026-01-01 04:45:15,app-pod-1,47.85582209944199,51.62649060476202,178.2911299469172
2026-01-01 04:45:30,app-pod-1,48.18875844150111,55.812888695421755,174.51084482153735
2026-01-01 04:45:45,app-pod-1,44.43756236423107,51.244937051902205,175.703507996421
2026-01-01 04:46:00,app-pod-1,46.01099900719151,58.688991369718096,176.0044927463015
2026-01-01 04:46:15,app-pod-1,46.39085929669922,44.54998641662485,178.5119551471224
2026-01-01 04:46:30,app-pod-1,56.352545259991956,63.12659770060825,236.5045765389094
2026-01-01 04:46:45,app-pod-1,54.39236489365159,57.08016077684312,221.40304167639658
2026-01-01 04:47:00,app-pod-1,47.758734270983595,58.05553495928555,183.6022147371877
2026-01-01 04:47:15,app-pod-1,47.91005352558291,49.44062693740646,182.3044957895848
2026-01-01 04:47:30,app-pod-1,45.559989668126335,52.01395811700262,175.41708011561056
2026-01-01 04:47:45,app-pod-1,43.289986065836146,49.79045669152188,169.44828081182948
2026-01-01 04:48:00,app-pod-1,48.6704897666775,49.057165480072186,203.44271183234767
2026-01-01 04:48:15,app-pod-1,46.03430476309701,45.821948269433086,168.49881710799056
2026-01-01 04:48:30,app-pod-1,48.78001686329541,51.24395499499107,216.99665571576563
2026-01-01 04:48:45,app-pod-1,44.240636007148055,51.61810084997863,185.7341238955068
2026-01-01 04:49:00,app-pod-1,46.761992617934794,48.94883371103189,145.9790506086297
2026-01-01 04:49:15,app-pod-1,49.50043705202346,52.999938121277324,199.28198672452197
2026-01-01 04:49:30,app-pod-1,50.15980165947776,45.68287438921658,216.25025628854797
2026-01-01 04:49:45,app-pod-1,50.32018316125077,53.370878610456884,207.1113212674151
2026-01-01 04:50:00,app-pod-1,45.11287206249342,56.696943676870426,174.26637385420125
2026-01-01 04:50:15,app-pod-1,51.644945238532294,59.67736329682302,205.66340425945492
2026-01-01 04:50:30,app-pod-1,46.68677928690961,52.24613581570101,189.42191637020372
2026-01-01 04:50:45,app-pod-1,50.99249173678937,56.913007840823376,215.5137907665072
2026-01-01 04:51:00,app-pod-1,49.068482859289155,50.206636023531615,175.04750871530112
2026-01-01 04:51:15,app-pod-1,44.97769456029848,59.60657960866594,170.8355029426457
2026-01-01 04:51:30,app-pod-1,48.16469937670501,64.05410209626302,217.23746942783222
2026-01-01 04:51:45,app-pod-1,50.21579640642618,55.97517563802819,201.35739397491875
2026-01-01 04:52:00,app-pod-1,50.964991260684506,68.62892306278661,226.77849709590922
2026-01-01 04:52:15,app-pod-1,48.70949860758935,50.69573716763583,239.62188999712117
2026-01-01 04:52:30,app-pod-1,53.734143386447336,51.35850417016837,207.55605144366845
2026-01-01 04:52:45,app-pod-1,52.167660668835815,52.96924369771448,190.7114255549332
2026-01-01 04:53:00,app-pod-1,48.381464866897026,52.76957408145296,189.5428988058891
2026-01-01 04:53:15,app-pod-1,51.40806872422037,67.54598086296907,222.11716566161246
2026-01-01 04:53:30,app-pod-1,54.965337019112496,57.069940276348945,238.4447861530943
2026-01-01 04:53:45,app-pod-1,55.05164083821969,54.237869522733675,254.28622563023146
2026-01-01 04:54:00,app-pod-1,45.49239505489637,47.35238224054027,181.41749742984138
2026-01-01 04:54:15,app-pod-1,46.40298020716967,58.18219670523517,192.932768561966
2026-01-01 04:54:30,app-pod-1,53.64349791854452,62.53695728452634,203.89744690985987
2026-01-01 04:54:45,app-pod-1,46.020037590624234,49.78663538166891,146.47537612183268
2026-01-01 04:55:00,app-pod-1,45.23337368784354,42.284441001104696,180.33870428664778
2026-01-01 04:55:15,app-pod-1,47.748508192712194,47.78098801135211,173.68771896475315
2026-01-01 04:55:30,app-pod-1,50.473841355582465,63.93790813640544,211.5457234712249
2026-01-01 04:55:45,app-pod-1,48.91201888770987,57.682452644144256,167.42717574275204
2026-01-01 04:56:00,app-pod-1,47.2735430575496,53.41878701807625,178.00417886943535
2026-01-01 04:56:15,app-pod-1,47.20859856848571,62.39018486369528,192.84958232854973
2026-01-01 04:56:30,app-pod-1,47.10020391184173,62.76177410234679,193.98624815856377
2026-01-01 04:56:45,app-pod-1,46.60464247993674,52.443551726149224,185.70698120760596
2026-01-01 04:57:00,app-pod-1,56.094003360901134,59.17794354997246,252.38619096257116
2026-01-01 04:57:15,app-pod-1,50.147548401054486,52.19305047017775,224.1321481413547
2026-01-01 04:57:30,app-pod-1,51.92117989736947,54.921809490732954,197.41980719348908
2026-01-01 04:57:45,app-pod-1,47.79953495768283,46.02804959137737,215.33928484752673
2026-01-01 04:58:00,app-pod-1,48.71473903261431,46.64838544190972,221.29197786230995
2026-01-01 04:58:15,app-pod-1,47.13776588949167,44.383141778114656,186.69252794733157
2026-01-01 04:58:30,app-pod-1,41.32909865864898,54.35205409565151,165.9974414773783
2026-01-01 04:58:45,app-pod-1,45.1559687161439,43.802166986737916,179.86305156767662
2026-01-01 04:59:00,app-pod-1,43.863890436635074,60.45453479917532,165.78057092417984
2026-01-01 04:59:15,app-pod-1,42.552122112376125,46.13459602266626,162.02347325566245
2026-01-01 04:59:30,app-pod-1,45.721100525942674,60.69151990207255,202.67424068971962
2026-01-01 04:59:45,app-pod-1,53.28772551575199,55.47613614669902,219.71154421026316
2026-01-01 05:00:00,app-pod-1,49.1852080226683,46.59871176126542,188.42798888474516
2026-01-01 05:00:15,app-pod-1,53.19584287359075,63.65598450184087,198.89343040903123
2026-01-01 05:00:30,app-pod-1,50.56271138414207,62.40322610706557,190.87918955736615
2026-01-01 05:00:45,app-pod-1,51.68302919668563,51.64786543634489,204.27428845621878
2026-01-01 05:01:00,app-pod-1,46.638227792365136,50.98849812166834,200.25045947906943
2026-01-01 05:01:15,app-pod-1,50.91831468561047,51.11384059712243,190.77204120108593
2026-01-01 05:01:30,app-pod-1,51.53812454942823,55.47405371231117,219.67803671976174
2026-01-01 05:01:45,app-pod-1,47.62753696752767,53.87842161447364,193.46449909493012
2026-01-01 05:02:00,app-pod-1,51.04157391941065,53.97218644801031,206.30892481562225
2026-01-01 05:02:15,app-pod-1,51.0669670064164,46.65241992753722,219.6548102478544
2026-01-01 05:02:30,app-pod-1,47.725173743741614,50.50322504516902,203.5510757440633
2026-01-01 05:02:45,app-pod-1,46.01093113361036,55.72524561129747,162.97595614586808
2026-01-01 05:03:00,app-pod-1,45.83223319844027,51.0380655259286,167.06872810663452
2026-01-01 05:03:15,app-pod-1,49.649493517627654,53.11744232453083,195.1552265903797
2026-01-01 05:03:30,app-pod-1,50.37634212359945,50.609556761365795,206.84496083986556
2026-01-01 05:03:45,app-pod-1,47.023047572517136,49.86587645477391,208.56082511841842
2026-01-01 05:04:00,app-pod-1,49.48567054949823,61.68470991755856,198.918695085929
2026-01-01 05:04:15,app-pod-1,51.12279200424012,50.08706811895754,230.04661249783308
2026-01-01 05:04:30,app-pod-1,51.270996312534464,59.49381290220027,194.48385254184913
2026-01-01 05:04:45,app-pod-1,54.077284697790056,58.08937539297066,208.24545897696865
2026-01-01 05:05:00,app-pod-1,53.257783892859365,58.504502040608564,208.44589800353305
2026-01-01 05:05:15,app-pod-1,46.428141040612786,48.83791732335585,173.45415127795582
2026-01-01 05:05:30,app-pod-1,54.48792478773169,56.3826605211726,235.3427663801474
2026-01-01 05:05:45,app-pod-1,47.849364337174684,53.46595413516249,149.8499936735593
2026-01-01 05:06:00,app-pod-1,52.58201684531681,54.20407696867578,202.77453341051284
2026-01-01 05:06:15,app-pod-1,49.656439702532026,56.41666831195516,215.84886801310554
2026-01-01 05:06:30,app-pod-1,48.22108995870018,56.04195805170548,188.19958261876278
2026-01-01 05:06:45,app-pod-1,44.0394826316868,61.69117096028036,192.25122758143473
2026-01-01 05:07:00,app-pod-1,48.952891638559926,55.6579742938038,228.7768287291819
2026-01-01 05:07:15,app-pod-1,44.79442425678258,41.79488370215361,180.38346673266668
2026-01-01 05:07:30,app-pod-1,52.379437293074986,62.480701509345884,227.0517632072211
2026-01-01 05:07:45,app-pod-1,54.03286000325988,56.80364879410095,252.41850286840855
2026-01-01 05:08:00,app-pod-1,47.096668327814626,63.02729464415451,194.41803391941554
2026-01-01 05:08:15,app-pod-1,50.39820959883871,62.63336898171364,200.8718905845303
2026-01-01 05:08:30,app-pod-1,47.3209956867209,50.598360062146796,202.82096250825953
2026-01-01 05:08:45,app-pod-1,47.616565743887804,56.94110994007734,208.2295142761355
2026-01-01 05:09:00,app-pod-1,51.83033052176637,53.31145562649702,206.7390926789609
2026-01-01 05:09:15,app-pod-1,49.39603488908775,54.590678554434895,190.32648467793962
2026-01-01 05:09:30,app-pod-1,54.73537384771896,61.69468576517304,244.70242516532082
2026-01-01 05:09:45,app-pod-1,48.07448911029745,59.217143407440766,188.23873957535798
2026-01-01 05:10:00,app-pod-1,52.52392913982214,61.24277954230669,228.0016481165224
2026-01-01 05:10:15,app-pod-1,49.822870743144065,55.25095767976499,203.23449207061884
2026-01-01 05:10:30,app-pod-1,51.92265165565015,68.76297565936119,235.0950839874781
2026-01-01 05:10:45,app-pod-1,48.19850853127176,51.91385393925479,180.0583452852555
2026-01-01 05:11:00,app-pod-1,49.39594561659883,46.54115877312269,184.81907643590625
2026-01-01 05:11:15,app-pod-1,49.20274286097463,47.36842352663562,209.62826747134858
2026-01-01 05:11:30,app-pod-1,47.04566226208356,60.3020022340702,171.2275594496747
2026-01-01 05:11:45,app-pod-1,51.5446490507807,55.697989736312465,207.92802314046662
2026-01-01 05:12:00,app-pod-1,51.51369903141121,56.854876812258304,229.28093462004296
2026-01-01 05:12:15,app-pod-1,51.348140388848414,53.2310788725722,178.62007947138963
2026-01-01 05:12:30,app-pod-1,54.1828742717717,55.66449959374424,222.76358626621538
2026-01-01 05:12:45,app-pod-1,53.92448943069036,53.811663296736775,233.8741385626255
2026-01-01 05:13:00,app-pod-1,48.45607538014427,56.27500683275143,193.43568654477482
2026-01-01 05:13:15,app-pod-1,50.70449752815162,55.00624868202063,188.91159765711927
2026-01-01 05:13:30,app-pod-1,47.71894632340639,55.57828931540148,186.9366651722154
2026-01-01 05:13:45,app-pod-1,49.66419884778625,56.46213112003779,186.07899859403415
2026-01-01 05:14:00,app-pod-1,47.79924574505999,51.33007835337751,192.2343563554866
2026-01-01 05:14:15,app-pod-1,54.46304289232176,50.83047689811129,213.7015881640032
2026-01-01 05:14:30,app-pod-1,50.69824096280082,47.75977069396379,195.09405601425107
2026-01-01 05:14:45,app-pod-1,48.9573503435444,69.40340319895641,202.82161229860296
2026-01-01 05:15:00,app-pod-1,53.19656132363374,64.62846014866017,236.47297962635574
2026-01-01 05:15:15,app-pod-1,43.10810391792815,56.87658557700577,177.34972885438015
2026-01-01 05:15:30,app-pod-1,43.58186355596048,47.13427045423786,194.48243778049837
2026-01-01 05:15:45,app-pod-1,52.01588514842699,56.45866827271449,231.74591406041475
2026-01-01 05:16:00,app-pod-1,49.81394901330538,50.79295034739791,190.45619151844872
2026-01-01 05:16:15,app-pod-1,50.38803369492819,48.71121311062028,205.67501233958066
2026-01-01 05:16:30,app-pod-1,45.661634243450436,49.019276368536794,176.2723223115724
2026-01-01 05:16:45,app-pod-1,49.57522580927103,61.33358288363761,176.06844561944268
2026-01-01 05:17:00,app-pod-1,55.659536185714224,63.165402164619806,227.9745577736397
2026-01-01 05:17:15,app-pod-1,52.12566444600182,51.63772510409117,192.72041351328033
2026-01-01 05:17:30,app-pod-1,50.166219468734454,53.54227337732674,207.92942700892098
2026-01-01 05:17:45,app-pod-1,48.343948959470346,57.58638013131215,170.03762459076307
2026-01-01 05:18:00,app-pod-1,48.481379595670916,51.082108741032954,196.49041337484775
2026-01-01 05:18:15,app-pod-1,43.281468545443026,50.694959205973774,149.56487911767817
2026-01-01 05:18:30,app-pod-1,50.445924133123725,57.321384128510665,211.8916680280738
2026-01-01 05:18:45,app-pod-1,52.213369443987105,58.504011370011625,202.95277667210627
2026-01-01 05:19:00,app-pod-1,44.953955971413976,52.73849631844121,172.46892727262315
2026-01-01 05:19:15,app-pod-1,47.70043369195928,50.121817715458945,207.69930753648111
2026-01-01 05:19:30,app-pod-1,46.21613746509756,49.59642328797422,180.0409973371862
2026-01-01 05:19:45,app-pod-1,46.79630134267625,47.089161682270245,188.84799440180197
2026-01-01 05:20:00,app-pod-1,49.85659994070986,47.092936990985535,196.44715665830566
2026-01-01 05:20:15,app-pod-1,43.44672529173543,49.838963995763656,181.39778745708887
2026-01-01 05:20:30,app-pod-1,51.5464963270499,60.16384550187089,221.83015914213854
2026-01-01 05:20:45,app-pod-1,51.9689800314127,49.47687405121915,220.41045197902028
2026-01-01 05:21:00,app-pod-1,48.95781341705082,55.63533561255686,188.83122512484684
2026-01-01 05:21:15,app-pod-1,42.27267855626455,53.51403105630216,187.22641875414553
2026-01-01 05:21:30,app-pod-1,46.72920765439202,43.52677651396768,173.17156017076482
2026-01-01 05:21:45,app-pod-1,53.42080531765827,56.04165822167969,202.545992569963
2026-01-01 05:22:00,app-pod-1,41.39172918855891,57.2052614342831,163.64990571705417
2026-01-01 05:22:15,app-pod-1,48.68673083770342,56.840416675179256,210.44893013394554
2026-01-01 05:22:30,app-pod-1,46.1928643062958,42.98271926909562,167.21918593352913
2026-01-01 05:22:45,app-pod-1,52.15011963349723,59.796781055506116,221.97274069606874
2026-01-01 05:23:00,app-pod-1,47.71458547477425,49.66152586120033,190.03713547682736
2026-01-01 05:23:15,app-pod-1,50.95528450710333,59.125233805436125,197.3151351746213
2026-01-01 05:23:30,app-pod-1,51.4432753231667,52.55988389321282,222.2401967878857
2026-01-01 05:23:45,app-pod-1,55.25901970855256,58.41615157392696,208.99601640389105
2026-01-01 05:24:00,app-pod-1,49.14494098087665,51.71374484379891,230.86490622975552
2026-01-01 05:24:15,app-pod-1,50.88530103807303,55.63549934034365,200.89157732415788
2026-01-01 05:24:30,app-pod-1,45.305379099840486,48.87736450033328,183.46914196282756
2026-01-01 05:24:45,app-pod-1,53.335140321817725,56.21690701750002,236.48413652844977
2026-01-01 05:25:00,app-pod-1,47.485703665141116,47.3619675240454,192.58175983926918
2026-01-01 05:25:15,app-pod-1,48.088274773252635,56.1150903183468,210.18613226927118
2026-01-01 05:25:30,app-pod-1,49.707077411935714,55.671380231574624,169.5309326357082
2026-01-01 05:25:45,app-pod-1,45.088427762330994,43.47923856311094,173.7147554467595
2026-01-01 05:26:00,app-pod-1,50.46662735402515,60.29122244882724,207.8175160924395
2026-01-01 05:26:15,app-pod-1,52.68592901807065,55.998710514376974,226.96500553663375
2026-01-01 05:26:30,app-pod-1,50.66552106119116,56.27467672401336,214.20753261867827
2026-01-01 05:26:45,app-pod-1,45.02319274511807,55.33904328172857,190.23325259946563
2026-01-01 05:27:00,app-pod-1,49.42159985340442,56.23633110918301,213.6022670489356
2026-01-01 05:27:15,app-pod-1,52.0222331921162,62.24157902678583,215.21422756958367
2026-01-01 05:27:30,app-pod-1,44.165275376398434,49.44921515245184,144.51334110374557
2026-01-01 05:27:45,app-pod-1,46.578015264612574,57.776757616363994,207.9451098461556
2026-01-01 05:28:00,app-pod-1,52.43499218707596,57.319117619989775,197.17499376264985
2026-01-01 05:28:15,app-pod-1,50.618672179558175,57.971237648224175,207.17906382869518
2026-01-01 05:28:30,app-pod-1,51.047301555251806,57.751256952665784,206.9042776385152
2026-01-01 05:28:45,app-pod-1,55.39284858984619,64.97864563943996,222.2813086454325
2026-01-01 05:29:00,app-pod-1,51.22297628325626,59.46314526607585,188.30129486724948
2026-01-01 05:29:15,app-pod-1,51.793912178940516,54.041011123709126,178.09524975824016
2026-01-01 05:29:30,app-pod-1,57.95539134485457,57.36243872139896,216.7858817804727
2026-01-01 05:29:45,app-pod-1,49.18462411668337,54.180466143704194,209.1320730253986
2026-01-01 05:30:00,app-pod-1,47.43524893662072,49.404167050238264,168.04166780802024
2026-01-01 05:30:15,app-pod-1,51.11512226410259,50.51962457824007,191.25627450629028
2026-01-01 05:30:30,app-pod-1,51.15151840140209,45.165800534491254,210.87677341260186
2026-01-01 05:30:45,app-pod-1,48.25718777991389,46.03371765679617,177.6173809966401
2026-01-01 05:31:00,app-pod-1,46.742907934929754,62.64706736000845,178.8259088935054
2026-01-01 05:31:15,app-pod-1,56.772373689740824,56.45816033466969,228.31681750001468
2026-01-01 05:31:30,app-pod-1,50.826088653283406,65.0955635564041,207.543995700086
2026-01-01 05:31:45,app-pod-1,47.651396302100345,55.371750417248144,174.89719598572427
2026-01-01 05:32:00,app-pod-1,52.59871393966524,56.57030964958514,212.5089995073786
2026-01-01 05:32:15,app-pod-1,49.526134543817165,47.165268596565845,204.08735946822418
2026-01-01 05:32:30,app-pod-1,49.097549001227605,54.391628778739566,177.29218814442962
2026-01-01 05:32:45,app-pod-1,51.54561167048817,65.54284700418286,209.4050913227901
2026-01-01 05:33:00,app-pod-1,45.985722334403455,59.97818935416611,173.1941408914438
2026-01-01 05:33:15,app-pod-1,50.92180320192879,57.01645550483805,205.5459405180063
2026-01-01 05:33:30,app-pod-1,55.605314828139,53.18037855017222,233.26744435766318
2026-01-01 05:33:45,app-pod-1,51.267488566980816,51.1014152706408,202.42606895866322
2026-01-01 05:34:00,app-pod-1,48.74280080218136,49.857001344564644,208.67243444841125
2026-01-01 05:34:15,app-pod-1,48.3525791601348,60.237580048907866,205.2725264041445
2026-01-01 05:34:30,app-pod-1,48.645309321092235,62.21031870530836,208.19868871326133
2026-01-01 05:34:45,app-pod-1,49.11685179561597,55.361260431769104,202.51405628023386
2026-01-01 05:35:00,app-pod-1,48.74770716617158,52.607992838704334,211.5023320212774
2026-01-01 05:35:15,app-pod-1,52.63242436557226,64.5862495392055,216.30612701524274
2026-01-01 05:35:30,app-pod-1,44.686202351026786,46.38747394139398,153.73590390895777
2026-01-01 05:35:45,app-pod-1,52.47414576781436,56.99101867547188,198.0155232198613
2026-01-01 05:36:00,app-pod-1,48.75137833193779,56.4407948300871,191.83665732873683
2026-01-01 05:36:15,app-pod-1,51.023549887374735,51.40248188528032,202.7858538087556
2026-01-01 05:36:30,app-pod-1,46.51398775204538,49.38022031947523,191.4220323968695
2026-01-01 05:36:45,app-pod-1,53.88306596232053,54.14945827768636,203.4279857218817
2026-01-01 05:37:00,app-pod-1,53.63627524553385,64.62902695181413,244.67573155037672
2026-01-01 05:37:15,app-pod-1,52.78031586702129,66.51805749220034,209.58438882591042
2026-01-01 05:37:30,app-pod-1,45.35943020606332,52.32556379542713,181.32240388338573
2026-01-01 05:37:45,app-pod-1,52.3931843066764,55.33413607945954,199.51150061969
2026-01-01 05:38:00,app-pod-1,51.12248923025071,52.786537086209016,189.4393055183038
2026-01-01 05:38:15,app-pod-1,45.094189411139986,51.57466415504963,178.48221008602752
2026-01-01 05:38:30,app-pod-1,49.8391664952741,52.13630778950792,199.76992684393872
2026-01-01 05:38:45,app-pod-1,51.00769391414407,55.22023452812474,202.72721420914607
2026-01-01 05:39:00,app-pod-1,51.58432437296269,58.1751911760935,231.16463663741257
2026-01-01 05:39:15,app-pod-1,50.44986705839051,53.288342226921515,199.90482796289456
2026-01-01 05:39:30,app-pod-1,50.79373791337727,54.6076762262936,201.88601253694355
2026-01-01 05:39:45,app-pod-1,54.34281484179303,57.112697963893595,229.60069154433518
2026-01-01 05:40:00,app-pod-1,53.60199569156695,55.93357981046616,211.8419953323298
2026-01-01 05:40:15,app-pod-1,41.32461868961375,46.71999369764856,173.38856078941802
2026-01-01 05:40:30,app-pod-1,48.97533376565347,58.093716650641454,176.71566398746344
2026-01-01 05:40:45,app-pod-1,49.43553851459641,45.75119681533527,178.67498624189582
2026-01-01 05:41:00,app-pod-1,44.675014331774314,59.14390932724834,180.53093579393106
2026-01-01 05:41:15,app-pod-1,50.215653960880545,55.82860508863136,197.38835205994442
2026-01-01 05:41:30,app-pod-1,53.68114912100934,60.62689226463911,202.58922476059158
2026-01-01 05:41:45,app-pod-1,46.67691952185874,56.2992325810455,188.53545409780972
2026-01-01 05:42:00,app-pod-1,50.94754949073217,52.122988843359664,206.92669937555337
2026-01-01 05:42:15,app-pod-1,47.192576091933745,48.46301048345741,178.12185121016225
2026-01-01 05:42:30,app-pod-1,47.9259865750503,48.38684417926607,183.9220089341373
2026-01-01 05:42:45,app-pod-1,54.37555594197706,56.827549010241,220.7514720095516
2026-01-01 05:43:00,app-pod-1,48.31733024165424,57.318154626913106,177.95314419682254
2026-01-01 05:43:15,app-pod-1,51.33324609875152,53.014462143021944,196.27249138338087
2026-01-01 05:43:30,app-pod-1,44.33453547856408,54.07383303588638,185.3471690226363
2026-01-01 05:43:45,app-pod-1,55.536699969375036,47.03608388425653,221.78925942761492
2026-01-01 05:44:00,app-pod-1,51.759238344115985,54.303630831004945,199.87891071712576
2026-01-01 05:44:15,app-pod-1,49.40529145698953,60.41939085795048,184.0751260432273
2026-01-01 05:44:30,app-pod-1,51.680916752624825,55.321785281672696,191.52549673391331
2026-01-01 05:44:45,app-pod-1,45.72628142963904,47.86267881991649,180.92879349649914
2026-01-01 05:45:00,app-pod-1,53.50477069003004,54.16912337233304,244.40627060866763
2026-01-01 05:45:15,app-pod-1,48.98663913929266,39.15053458216379,204.43335619328911
2026-01-01 05:45:30,app-pod-1,49.34777617268308,49.48443346881855,177.39814104731104
2026-01-01 05:45:45,app-pod-1,48.48638537435947,59.22667662461454,204.55378400842224
2026-01-01 05:46:00,app-pod-1,48.22074176020058,50.84150539765925,181.49966792233818
2026-01-01 05:46:15,app-pod-1,52.04802779865892,54.11089764905511,208.1192505455362
2026-01-01 05:46:30,app-pod-1,50.733032754006985,43.854061992622846,194.09922194877146
2026-01-01 05:46:45,app-pod-1,51.92182911086591,48.19109141204332,238.02863863657365
2026-01-01 05:47:00,app-pod-1,49.94144934269026,60.90926043288194,182.75417869503735
2026-01-01 05:47:15,app-pod-1,51.50865780891054,59.14253086954518,210.73881507767408
2026-01-01 05:47:30,app-pod-1,48.713713347020146,47.61240418571694,184.57499632431183
2026-01-01 05:47:45,app-pod-1,56.66063254329509,56.509580822440455,237.72495136382915
2026-01-01 05:48:00,app-pod-1,45.26879944579998,51.542297897066064,185.477005084143
2026-01-01 05:48:15,app-pod-1,53.75653257618656,51.64893414254681,233.8444199970266
2026-01-01 05:48:30,app-pod-1,54.07854910110324,47.83426495320426,227.08596332425063
2026-01-01 05:48:45,app-pod-1,47.41943270620667,52.39755095714749,179.27472279172403
2026-01-01 05:49:00,app-pod-1,56.66478856136693,62.528394803823055,270.40219290846915
2026-01-01 05:49:15,app-pod-1,52.964473413303345,60.03441798796211,220.18928565797947
2026-01-01 05:49:30,app-pod-1,52.89243064764594,61.400888381062884,203.30979335815607
2026-01-01 05:49:45,app-pod-1,50.06406747770301,47.27706092549299,203.33937580350533
2026-01-01 05:50:00,app-pod-1,49.329285956981124,54.82000971902148,206.7796482294639
2026-01-01 05:50:15,app-pod-1,49.35367768994718,53.20531756181742,206.30662794381732
2026-01-01 05:50:30,app-pod-1,51.15441192275229,55.37198491844064,212.05806915526082
2026-01-01 05:50:45,app-pod-1,54.18727114383211,56.87218163251179,231.24631688414902
2026-01-01 05:51:00,app-pod-1,50.52852337839872,52.06772546184152,215.13665865763434
2026-01-01 05:51:15,app-pod-1,47.25109448160064,37.986813866042425,176.29088543286107
2026-01-01 05:51:30,app-pod-1,52.45952738347448,62.53081427128551,241.45892109400648
2026-01-01 05:51:45,app-pod-1,52.750495498943195,58.57529767663568,240.535299259026
2026-01-01 05:52:00,app-pod-1,51.95179512572527,48.944807650325146,219.82165393149913
2026-01-01 05:52:15,app-pod-1,52.22506275684364,58.923202194754325,209.48070179063387
2026-01-01 05:52:30,app-pod-1,49.176507359053886,52.18703111633037,197.54431767688638
2026-01-01 05:52:45,app-pod-1,47.20302617490251,50.94725674034311,183.9556387776904
2026-01-01 05:53:00,app-pod-1,47.38609152481192,49.32819105992318,186.62860272482527
2026-01-01 05:53:15,app-pod-1,45.08493642466685,54.24410786052812,147.53797947519678
2026-01-01 05:53:30,app-pod-1,50.702802570071974,51.49284394146939,225.7651620739816
2026-01-01 05:53:45,app-pod-1,49.742217162485254,49.33537858328667,216.63067327437335
2026-01-01 05:54:00,app-pod-1,48.673183385922016,59.729952423175384,169.54243165720194
2026-01-01 05:54:15,app-pod-1,41.12684922374355,47.89438740778686,177.85721561801586
2026-01-01 05:54:30,app-pod-1,46.25228869421996,51.63917013599293,184.8934356586509
2026-01-01 05:54:45,app-pod-1,53.35727467265471,60.81241287224162,210.4434066008838
2026-01-01 05:55:00,app-pod-1,48.00136254140879,50.26302027475527,199.3980727940963
2026-01-01 05:55:15,app-pod-1,51.07747960515145,53.41346986037159,178.16811058054907
2026-01-01 05:55:30,app-pod-1,45.824088519715524,53.605438312415046,183.12761634604516
2026-01-01 05:55:45,app-pod-1,54.31267770053313,50.31198637805436,218.44292845410803
2026-01-01 05:56:00,app-pod-1,49.5648709229638,55.800904879915734,199.46621816034795
2026-01-01 05:56:15,app-pod-1,50.86744394764184,51.82865346744245,182.9574348149832
2026-01-01 05:56:30,app-pod-1,56.97500719385182,64.15986799797201,234.60376824104233
2026-01-01 05:56:45,app-pod-1,54.547309384532035,60.91643320342197,234.08646247905943
2026-01-01 05:57:00,app-pod-1,49.078589687618965,56.42775456620842,202.42433071177493
2026-01-01 05:57:15,app-pod-1,48.218899669390666,45.718436525800676,189.43778000988854
2026-01-01 05:57:30,app-pod-1,49.0221750654444,53.79854556994198,236.42430930556787
2026-01-01 05:57:45,app-pod-1,51.52873092461617,50.18377884515993,192.24630191458564
2026-01-01 05:58:00,app-pod-1,49.683566058530815,54.59417672608644,210.33603374118456
2026-01-01 05:58:15,app-pod-1,48.81368451104248,42.59318077328104,198.90384362938028
2026-01-01 05:58:30,app-pod-1,54.40111538540971,50.376619427910576,247.78915578674042
2026-01-01 05:58:45,app-pod-1,49.65707284745492,60.70511903741938,204.4295386285403
2026-01-01 05:59:00,app-pod-1,56.898576893526645,61.67426970550145,236.61163624903253
2026-01-01 05:59:15,app-pod-1,50.272120599290446,53.42140518210497,208.67423712062566
2026-01-01 05:59:30,app-pod-1,55.35590758622122,54.205418696923736,205.54879241201883
2026-01-01 05:59:45,app-pod-1,51.071946369015095,50.32909287037509,191.25457867545234
2026-01-01 06:00:00,app-pod-1,52.88888171974834,58.02299597926646,207.42050872953317
2026-01-01 06:00:15,app-pod-1,47.82615494633004,51.7601469144693,205.6653620475082
2026-01-01 06:00:30,app-pod-1,47.43867473578481,60.94030823163575,193.2511500235085
2026-01-01 06:00:45,app-pod-1,51.37901077307889,55.04148894110347,202.41501979196718
2026-01-01 06:01:00,app-pod-1,52.96546934181063,57.36943100049011,232.44487438397255
2026-01-01 06:01:15,app-pod-1,50.12047202878982,48.141813079876016,170.7454417029777
2026-01-01 06:01:30,app-pod-1,46.140391628031495,50.49477801373635,165.12426455971038
2026-01-01 06:01:45,app-pod-1,45.918641847184915,53.02800631836937,146.22557046279388
2026-01-01 06:02:00,app-pod-1,45.717829254724705,50.13855192224136,200.99597459254977
2026-01-01 06:02:15,app-pod-1,44.69616984036842,48.85917622038673,177.333787192878
2026-01-01 06:02:30,app-pod-1,50.32726617834426,56.863634452917594,215.80344139376894
2026-01-01 06:02:45,app-pod-1,53.37369198912582,64.93570080019302,211.85589296101764
2026-01-01 06:03:00,app-pod-1,49.95803919070571,55.69547428503313,215.17991179072726
2026-01-01 06:03:15,app-pod-1,43.216744810750264,55.97265278489087,170.96569450039004
2026-01-01 06:03:30,app-pod-1,49.425386437203116,57.70578239363609,203.85021712528075
2026-01-01 06:03:45,app-pod-1,49.50892576829341,60.078014911144635,201.98840543534266
2026-01-01 06:04:00,app-pod-1,56.28495015380415,56.350865490929706,230.20540996353608
2026-01-01 06:04:15,app-pod-1,45.62514751469677,50.90296578536573,207.77164836190468
2026-01-01 06:04:30,app-pod-1,48.82411200184371,53.16301054746727,170.9300803087648
2026-01-01 06:04:45,app-pod-1,55.11326261381462,61.310670012490114,219.42730011716765
2026-01-01 06:05:00,app-pod-1,51.345175565637824,59.90368700700579,208.35051047522174
2026-01-01 06:05:15,app-pod-1,51.68469193899449,56.804565312855594,207.4630729664327
2026-01-01 06:05:30,app-pod-1,50.33799441437411,59.620128976941196,195.3836993491956
2026-01-01 06:05:45,app-pod-1,50.98353631275055,52.871818034018524,195.91340098484906
2026-01-01 06:06:00,app-pod-1,52.32597509034675,61.05507032773835,232.2541201925507
2026-01-01 06:06:15,app-pod-1,47.564104555486736,58.37392039977005,189.19560189368246
2026-01-01 06:06:30,app-pod-1,52.62613247215872,60.225774460134424,247.0737278970955
2026-01-01 06:06:45,app-pod-1,45.87231711938381,52.781470900974725,191.41339327315796
2026-01-01 06:07:00,app-pod-1,50.97577573522887,59.24965967668504,199.5582694542802
2026-01-01 06:07:15,app-pod-1,50.52621656615323,50.89832927011481,210.39504887158245
2026-01-01 06:07:30,app-pod-1,48.140412484950986,54.69010006126673,194.19564299636963
2026-01-01 06:07:45,app-pod-1,49.92051021129175,56.446909532029835,219.81202984925784
2026-01-01 06:08:00,app-pod-1,48.120196082385256,47.03655894191225,174.9649495386838
2026-01-01 06:08:15,app-pod-1,46.77193927917359,55.11327876011911,160.06996736547566
2026-01-01 06:08:30,app-pod-1,48.92540197147861,48.00368775162595,201.11632304316439
2026-01-01 06:08:45,app-pod-1,46.673459444897524,50.531830121881114,199.2292762505042
2026-01-01 06:09:00,app-pod-1,50.9529731170942,55.865885978347436,208.10047421264576
2026-01-01 06:09:15,app-pod-1,46.53345583627333,48.91973716222729,196.2209510296297
2026-01-01 06:09:30,app-pod-1,52.118751202766894,56.89589603503842,216.35655775187135
2026-01-01 06:09:45,app-pod-1,46.43746696727955,52.839011829276785,163.54386493917312
2026-01-01 06:10:00,app-pod-1,48.282079684894136,49.696547582631695,197.3469142966743
2026-01-01 06:10:15,app-pod-1,48.10619069197985,56.514205778507545,212.17647272149085
2026-01-01 06:10:30,app-pod-1,53.95445381380172,53.94733515313004,218.3943195773766
2026-01-01 06:10:45,app-pod-1,50.968872401317164,67.11808255459549,184.22611668094643
2026-01-01 06:11:00,app-pod-1,49.34176632206583,53.99184230879305,192.3592085168406
2026-01-01 06:11:15,app-pod-1,51.472067447312625,50.17397648816867,214.23962073494891
2026-01-01 06:11:30,app-pod-1,43.653249706951264,45.63556596379702,201.54745306977586
2026-01-01 06:11:45,app-pod-1,49.84431983657488,60.62892620909392,170.03208812864042
2026-01-01 06:12:00,app-pod-1,55.96513322850576,57.12983501136176,229.27901470055522
2026-01-01 06:12:15,app-pod-1,50.36847653827446,48.439114537642276,187.49079280364606
2026-01-01 06:12:30,app-pod-1,50.17399908630327,59.39036309605112,208.31190279029434
2026-01-01 06:12:45,app-pod-1,51.613443514605585,54.05154102133349,215.27124294310048
2026-01-01 06:13:00,app-pod-1,52.65464914109001,60.125351954359765,207.1213883149191
2026-01-01 06:13:15,app-pod-1,43.97418460798721,55.45975935387168,185.37072646631836
2026-01-01 06:13:30,app-pod-1,44.918332758321235,52.815150624867584,196.77176678054815
2026-01-01 06:13:45,app-pod-1,50.594889837032134,67.39595986434915,199.91098376677522
2026-01-01 06:14:00,app-pod-1,47.81806628274481,44.848933933255246,171.21486112350448
2026-01-01 06:14:15,app-pod-1,53.897428005915664,53.63844922778192,236.97330433982876
2026-01-01 06:14:30,app-pod-1,49.01446154817272,53.030373060701116,208.48826907830554
2026-01-01 06:14:45,app-pod-1,44.1550012586426,62.214368524090425,185.07635150925503
2026-01-01 06:15:00,app-pod-1,46.15313671424008,61.297208050479114,174.24804712017902
2026-01-01 06:15:15,app-pod-1,41.706711657590745,55.6381524972831,181.60838474477467
2026-01-01 06:15:30,app-pod-1,49.2519006107764,50.505710723813934,227.64398709243216
2026-01-01 06:15:45,app-pod-1,49.38763860314717,51.18377332335086,195.73089945885732
2026-01-01 06:16:00,app-pod-1,48.677892875850794,49.93172483739328,196.12896200026086
2026-01-01 06:16:15,app-pod-1,53.186384402279614,53.31333464139192,196.76767780367288
2026-01-01 06:16:30,app-pod-1,53.54374933629712,64.94414757178785,203.38186732192509
2026-01-01 06:16:45,app-pod-1,49.435443361651316,53.3859747361767,181.62323265086076
2026-01-01 06:17:00,app-pod-1,43.54092269955915,49.921155066471684,176.12602874668485
2026-01-01 06:17:15,app-pod-1,51.79521978094373,60.12858778127777,202.06919483290204
2026-01-01 06:17:30,app-pod-1,51.60780333161506,47.80782246196067,212.02321717640024
2026-01-01 06:17:45,app-pod-1,50.86822123429389,55.87098397035142,190.0943723760628
2026-01-01 06:18:00,app-pod-1,52.882785922586905,51.53359150244623,209.01779544386045
2026-01-01 06:18:15,app-pod-1,46.44213881124739,51.03742256508158,171.4655118693578
2026-01-01 06:18:30,app-pod-1,55.96114196233324,56.2406959038372,226.65814151479992
2026-01-01 06:18:45,app-pod-1,47.054821526758005,49.74847133857432,163.73442160783452
2026-01-01 06:19:00,app-pod-1,52.17897883155779,57.65319421562227,210.98958994105303
2026-01-01 06:19:15,app-pod-1,44.86744851398821,52.5132809717543,175.28883987415526
2026-01-01 06:19:30,app-pod-1,47.13685536835636,51.89669581167952,191.26188280726277
2026-01-01 06:19:45,app-pod-1,54.474889491137986,59.98584435875237,193.11555786568317
2026-01-01 06:20:00,app-pod-1,49.141194492832355,50.0557634407149,206.38551308036193
2026-01-01 06:20:15,app-pod-1,52.44174848043214,60.11715328149963,205.28585053282495
2026-01-01 06:20:30,app-pod-1,50.63090982899287,54.41064176950698,205.78033004639937
2026-01-01 06:20:45,app-pod-1,49.60320848954343,52.30392813199091,170.36172004201552
2026-01-01 06:21:00,app-pod-1,54.0076495262913,53.831560609889,197.3895989616562
2026-01-01 06:21:15,app-pod-1,49.20411397308858,53.235892478828596,190.9641434756782
2026-01-01 06:21:30,app-pod-1,44.569844323896135,60.55208731095691,198.91187937323667
2026-01-01 06:21:45,app-pod-1,47.500282876682576,52.93362916316485,197.91020173318174
2026-01-01 06:22:00,app-pod-1,51.56149915344866,50.37103172669686,208.1941222346512
2026-01-01 06:22:15,app-pod-1,51.09234841256577,60.35873922272127,190.50477116103406
2026-01-01 06:22:30,app-pod-1,45.202519782737625,49.282121668957565,164.21610488696942
2026-01-01 06:22:45,app-pod-1,47.72851673154646,54.82875673384487,195.06389479066783
2026-01-01 06:23:00,app-pod-1,48.15420631741149,50.67964167005515,203.12716474245735
2026-01-01 06:23:15,app-pod-1,48.80076397942954,60.564401366316524,198.33766743972328
2026-01-01 06:23:30,app-pod-1,45.767210716843316,49.0832487185605,208.7122009886892
2026-01-01 06:23:45,app-pod-1,48.007593205930185,60.59460513703881,181.79344697517786
2026-01-01 06:24:00,app-pod-1,47.70460645158688,48.146921593466885,193.50897491797176
2026-01-01 06:24:15,app-pod-1,52.202745395863715,55.0773898485272,183.41336072191132
2026-01-01 06:24:30,app-pod-1,52.31319359362446,63.61921444507102,212.41845718450634
2026-01-01 06:24:45,app-pod-1,49.44605866808212,55.45311219156417,219.8248328726579
2026-01-01 06:25:00,app-pod-1,48.705007376834196,65.4508348728121,179.19739626815883
2026-01-01 06:25:15,app-pod-1,50.29851276587665,53.86325668992357,213.8260241929375
2026-01-01 06:25:30,app-pod-1,47.42660391876084,54.48383700793596,211.32201187052587
2026-01-01 06:25:45,app-pod-1,46.43339875491721,62.029125488686134,175.3879033971966
2026-01-01 06:26:00,app-pod-1,47.05077348675459,45.36592535701688,195.20718935818857
2026-01-01 06:26:15,app-pod-1,47.96451608847452,45.386411096024474,215.5525405260272
2026-01-01 06:26:30,app-pod-1,46.376029005566934,48.48567941784981,188.9612434564609
2026-01-01 06:26:45,app-pod-1,50.350100267365896,59.31193363452275,213.2011260321381
2026-01-01 06:27:00,app-pod-1,52.050516160449654,48.38610539565506,181.5928242505285
2026-01-01 06:27:15,app-pod-1,45.09749815234997,54.55349398945508,189.34704051098572
2026-01-01 06:27:30,app-pod-1,49.9315794738292,57.58563910412491,207.48488400311177
2026-01-01 06:27:45,app-pod-1,49.19376261270216,64.5075849949013,176.88186946139675
2026-01-01 06:28:00,app-pod-1,50.875449089436856,60.840238990167656,189.03686654819415
2026-01-01 06:28:15,app-pod-1,49.80943614199581,56.686856486885944,208.29777160095574
2026-01-01 06:28:30,app-pod-1,45.48476040232445,58.63499695739191,177.39836304454317
2026-01-01 06:28:45,app-pod-1,46.055672526899095,54.9334904744037,200.90176594213597
2026-01-01 06:29:00,app-pod-1,49.92836972034922,52.64950853110844,204.3743828389786
2026-01-01 06:29:15,app-pod-1,52.92367671498905,51.32354481524803,212.54154035809032
2026-01-01 06:29:30,app-pod-1,43.1919832001064,47.38756022160907,170.21119730208042
2026-01-01 06:29:45,app-pod-1,50.868912808765934,55.40786959340056,207.86588321408144
2026-01-01 06:30:00,app-pod-1,53.39776324333914,58.253526297085415,225.63503856109887
2026-01-01 06:30:15,app-pod-1,49.366960162336206,43.88089412320155,205.47560104465938
2026-01-01 06:30:30,app-pod-1,51.47376225127891,54.93383190127526,199.54991909898092
2026-01-01 06:30:45,app-pod-1,47.71104090494757,53.540637481210524,209.43571940789437
2026-01-01 06:31:00,app-pod-1,49.459219349907016,57.35914076933411,207.70229099155657
2026-01-01 06:31:15,app-pod-1,44.9516236120518,59.600140940968004,185.58500282281005
2026-01-01 06:31:30,app-pod-1,42.778356883614926,50.873117495756794,172.48888519564466
2026-01-01 06:31:45,app-pod-1,52.63668328064214,52.297863915210904,218.04747658764555
2026-01-01 06:32:00,app-pod-1,46.85037659165808,43.70486669615329,159.92632227075606
2026-01-01 06:32:15,app-pod-1,48.43572977105542,57.3400656303007,197.36255819994022
2026-01-01 06:32:30,app-pod-1,45.63991491448557,47.602503642752836,207.16240360143314
2026-01-01 06:32:45,app-pod-1,45.56623737392609,56.230551047555,185.56474979627137
2026-01-01 06:33:00,app-pod-1,49.27151463610956,61.47716100608953,198.33821832504282
2026-01-01 06:33:15,app-pod-1,47.601153855247304,45.600433868777245,181.46635083890314
2026-01-01 06:33:30,app-pod-1,50.92063258468338,58.41390560307318,211.07343954198797
2026-01-01 06:33:45,app-pod-1,51.1411454562344,62.26191387106079,201.63846571486536
2026-01-01 06:34:00,app-pod-1,50.74286620621216,60.61520297074992,222.6109615607075
2026-01-01 06:34:15,app-pod-1,50.49288317113587,44.86312103524283,189.01723731433114
2026-01-01 06:34:30,app-pod-1,54.507125411279006,53.88672756392678,211.24392763111052
2026-01-01 06:34:45,app-pod-1,46.56775595838121,46.19652664211473,177.25785297994068
2026-01-01 06:35:00,app-pod-1,49.60242561074646,57.33906170325778,225.92838877365716
2026-01-01 06:35:15,app-pod-1,53.161969093495266,59.28001148287417,209.801391449795
2026-01-01 06:35:30,app-pod-1,53.55416496523691,43.9984560859627,205.99549791787643
2026-01-01 06:35:45,app-pod-1,45.49187698117148,50.34015578018082,150.60858974286626
2026-01-01 06:36:00,app-pod-1,48.81670048693514,58.17528949256013,181.59622216470018
2026-01-01 06:36:15,app-pod-1,53.82470547696428,58.41717378999561,223.2170960587462
2026-01-01 06:36:30,app-pod-1,51.27113138125662,56.62112656437894,212.94266164889655
2026-01-01 06:36:45,app-pod-1,50.329211539335816,53.40547964394151,191.54879767053984
2026-01-01 06:37:00,app-pod-1,49.08687325090067,49.06610657025708,187.4126545091064
2026-01-01 06:37:15,app-pod-1,48.585005951619486,53.924225046681215,222.2380898274479
2026-01-01 06:37:30,app-pod-1,50.597523830968555,55.67873393785361,242.83579176220138
2026-01-01 06:37:45,app-pod-1,48.972178699330534,57.35679769119615,213.1353036490997
2026-01-01 06:38:00,app-pod-1,49.5979761676113,58.201082938805214,221.78110297986558
2026-01-01 06:38:15,app-pod-1,49.957895633695294,55.39983403940291,226.40296148156295
2026-01-01 06:38:30,app-pod-1,47.68424894691869,58.85351608576724,223.95556903624552
2026-01-01 06:38:45,app-pod-1,51.3111922078625,54.04321120482489,200.7158509253397
2026-01-01 06:39:00,app-pod-1,58.45385512640782,53.6975757390868,220.6414010645312
2026-01-01 06:39:15,app-pod-1,44.37645490363342,53.448786779634425,205.00816636160727
2026-01-01 06:39:30,app-pod-1,50.675722584548645,56.10490358113032,188.2384800690698
2026-01-01 06:39:45,app-pod-1,47.419361490844146,55.67821062199022,174.2485045500581
2026-01-01 06:40:00,app-pod-1,51.428362792801906,49.67759721354669,190.6289309072854
2026-01-01 06:40:15,app-pod-1,49.832027347086125,63.83639958601551,197.35716432186555
2026-01-01 06:40:30,app-pod-1,51.97409568392523,59.93437904706587,178.13074466392982
2026-01-01 06:40:45,app-pod-1,53.21120409840607,55.80785841388862,191.34817504022521
2026-01-01 06:41:00,app-pod-1,50.25807730623036,50.50338838453803,191.69722731742132
2026-01-01 06:41:15,app-pod-1,53.07307698378408,62.53692094081009,194.3534282277603
2026-01-01 06:41:30,app-pod-1,42.64010918899421,44.33922752197666,186.4966139663457
2026-01-01 06:41:45,app-pod-1,54.44041910679115,69.41511749871415,217.86139944992934
2026-01-01 06:42:00,app-pod-1,50.790284606956114,52.48717452537262,211.81646724186615
2026-01-01 06:42:15,app-pod-1,52.89464075702071,65.62877460294256,218.5915157174919
2026-01-01 06:42:30,app-pod-1,45.99747259878146,51.27586189378344,180.88829404863006
2026-01-01 06:42:45,app-pod-1,47.16075594179823,60.9162627033603,203.46499664559295
2026-01-01 06:43:00,app-pod-1,50.08682283694452,51.38643345172858,207.12950962552216
2026-01-01 06:43:15,app-pod-1,49.59381327380974,54.809851184400316,193.59924899840672
2026-01-01 06:43:30,app-pod-1,50.49002831743604,59.366766473058064,176.70146535303442
2026-01-01 06:43:45,app-pod-1,52.890240276935806,60.333553877334175,219.37083699377013
2026-01-01 06:44:00,app-pod-1,44.336882723044724,56.53962707442072,158.4279802217904
2026-01-01 06:44:15,app-pod-1,52.549826397919595,54.34751790453589,215.90355247554118
2026-01-01 06:44:30,app-pod-1,49.64901707043013,55.178353813550146,199.779396661814
2026-01-01 06:44:45,app-pod-1,49.00860456394074,60.54796607474887,175.62888049516596
2026-01-01 06:45:00,app-pod-1,45.20235990490995,48.1153744248422,184.68539523516205
2026-01-01 06:45:15,app-pod-1,51.12058373298826,58.647113918683786,207.35212648591016
2026-01-01 06:45:30,app-pod-1,42.36482295867883,48.55957487218643,172.3835043556417
2026-01-01 06:45:45,app-pod-1,51.54801399862974,57.11298033195384,208.39700975384946
2026-01-01 06:46:00,app-pod-1,45.12217658599761,52.00827469227056,170.7028835521433
2026-01-01 06:46:15,app-pod-1,49.75450663729501,50.88673889218168,207.8921635606854
2026-01-01 06:46:30,app-pod-1,49.23224187919727,53.15910335482585,186.61413060248915
2026-01-01 06:46:45,app-pod-1,53.09395501473074,57.89042977069504,196.25695634879906
2026-01-01 06:47:00,app-pod-1,49.04494394265,53.81784076629435,206.2992813355715
2026-01-01 06:47:15,app-pod-1,47.49403934354445,61.10950728945231,204.0226163875399
2026-01-01 06:47:30,app-pod-1,48.05216922210516,58.68629623955541,201.3016483876371
2026-01-01 06:47:45,app-pod-1,53.38612461039571,58.82018971974448,210.43657551964623
2026-01-01 06:48:00,app-pod-1,51.171842922218794,52.00455913195564,175.5953861301207
2026-01-01 06:48:15,app-pod-1,48.40151450246596,49.7609446922364,215.83141057316848
2026-01-01 06:48:30,app-pod-1,48.84449434672738,64.06020121911122,166.05151577508
2026-01-01 06:48:45,app-pod-1,44.84770822711509,46.343968578619595,188.1817538097436
2026-01-01 06:49:00,app-pod-1,50.710044731808196,56.06632940301835,234.49373169431965
2026-01-01 06:49:15,app-pod-1,44.2605343801752,52.78711763786603,179.28413423984736
2026-01-01 06:49:30,app-pod-1,51.79070702392382,54.696876659330144,211.53132376467227
2026-01-01 06:49:45,app-pod-1,49.91649528174452,49.93052787433436,205.3557953711806
2026-01-01 06:50:00,app-pod-1,56.68677554112043,55.756259683751864,229.7196122593815
2026-01-01 06:50:15,app-pod-1,46.2207798852333,49.62202090814317,220.14232180004086
2026-01-01 06:50:30,app-pod-1,49.208443448804026,50.89844606867392,184.18630100428737
2026-01-01 06:50:45,app-pod-1,54.90651277738718,65.07316091007567,205.09515141035223
2026-01-01 06:51:00,app-pod-1,53.0810153310445,57.111080764368005,207.41154532178516
2026-01-01 06:51:15,app-pod-1,47.41338377955847,50.57036313995287,215.76600900695652
2026-01-01 06:51:30,app-pod-1,50.16907253786517,55.65314099584164,192.02314101678218
2026-01-01 06:51:45,app-pod-1,49.49829544052616,57.98858633484288,204.4476555389666
2026-01-01 06:52:00,app-pod-1,50.33326889788717,53.51018969823312,217.3982037102784
2026-01-01 06:52:15,app-pod-1,47.386440723887645,57.68041498260092,201.23051719442725
2026-01-01 06:52:30,app-pod-1,49.20957837744447,48.09097099242833,212.10942113322338
2026-01-01 06:52:45,app-pod-1,44.67841683686926,57.13140994639055,199.9834628861389
2026-01-01 06:53:00,app-pod-1,49.87295552481322,54.86630716850815,204.1152977446318
2026-01-01 06:53:15,app-pod-1,50.8126352312771,55.32878290313533,196.39480745028237
2026-01-01 06:53:30,app-pod-1,48.775279856139434,50.67762427697333,197.30940278296515
2026-01-01 06:53:45,app-pod-1,44.6073271526244,45.08587835427001,173.3435066935561
2026-01-01 06:54:00,app-pod-1,52.412993996507915,48.35573611847858,247.47525571166764
2026-01-01 06:54:15,app-pod-1,50.53586896482024,51.56122493062524,194.1536260650117
2026-01-01 06:54:30,app-pod-1,47.25912086601469,56.01975070922204,196.28359853125338
2026-01-01 06:54:45,app-pod-1,48.59021399836822,49.206757687334445,171.84787200642327
2026-01-01 06:55:00,app-pod-1,44.92483318791972,43.705142302922255,181.69160864850005
2026-01-01 06:55:15,app-pod-1,46.345413954088876,47.89646321367328,181.07509798488636
2026-01-01 06:55:30,app-pod-1,47.80299012946714,51.53792650310542,201.347241305535
2026-01-01 06:55:45,app-pod-1,53.09644333266512,55.44000421955382,222.91206886113042
2026-01-01 06:56:00,app-pod-1,47.4874043528575,52.59671850578643,211.2045944958299
2026-01-01 06:56:15,app-pod-1,51.32126604187715,61.087917959573396,225.34860417973343
2026-01-01 06:56:30,app-pod-1,47.78036390864676,59.692526926510176,190.1268817027366
2026-01-01 06:56:45,app-pod-1,50.133819574418894,65.12098622903983,186.3694861601398
2026-01-01 06:57:00,app-pod-1,48.96043168770368,46.147765597899735,183.43513150647453
2026-01-01 06:57:15,app-pod-1,51.998406230701576,52.119464759809425,212.53469456313601
2026-01-01 06:57:30,app-pod-1,47.76939759247619,56.9310041000321,193.44438207071119
2026-01-01 06:57:45,app-pod-1,44.650818980684576,48.985417208854074,182.4721747844576
2026-01-01 06:58:00,app-pod-1,45.217105713471256,55.95590634867604,172.8417682588378
2026-01-01 06:58:15,app-pod-1,47.76184636240047,54.46885960425446,212.60594691928227
2026-01-01 06:58:30,app-pod-1,45.60480193517104,59.81938240480372,160.32895040588588
2026-01-01 06:58:45,app-pod-1,50.57709787007111,60.6175490787132,193.45141375551856
2026-01-01 06:59:00,app-pod-1,47.943614283704626,58.865613131388145,175.6178505053555
2026-01-01 06:59:15,app-pod-1,56.45917236961945,57.46206261526513,222.70209163332805
2026-01-01 06:59:30,app-pod-1,44.116619868028046,50.39432967777827,195.16497561308154
2026-01-01 06:59:45,app-pod-1,49.935051122756626,53.428268498092855,195.42389594378824
2026-01-01 07:00:00,app-pod-1,45.93465745526436,44.624799500435515,185.2607898576663
2026-01-01 07:00:15,app-pod-1,47.83265445645906,60.841704396999006,201.2942606722148
2026-01-01 07:00:30,app-pod-1,49.73143586885861,58.53894165241709,193.895998104963
2026-01-01 07:00:45,app-pod-1,42.32535932160808,47.90261590472097,175.040852250351
2026-01-01 07:01:00,app-pod-1,50.00622482694035,61.527319916158106,203.78623558524197
2026-01-01 07:01:15,app-pod-1,54.998718933510006,55.34726501972122,203.03273602454908
2026-01-01 07:01:30,app-pod-1,47.923908768300805,44.35606379553418,184.7309041549301
2026-01-01 07:01:45,app-pod-1,50.05785140401926,60.07734474728156,205.55018981222818
2026-01-01 07:02:00,app-pod-1,52.347374143548656,50.25036073490408,228.6223769590539
2026-01-01 07:02:15,app-pod-1,48.77490686195861,53.16355747525111,214.31853183170713
2026-01-01 07:02:30,app-pod-1,47.518022168560805,54.293230721911364,221.50439413074312
2026-01-01 07:02:45,app-pod-1,42.427805976332564,51.626790907126605,176.99308124464716
2026-01-01 07:03:00,app-pod-1,51.172076887257866,60.06245910209949,198.48858922876587
2026-01-01 07:03:15,app-pod-1,48.903666136726876,57.13682342704637,194.65537956873263
2026-01-01 07:03:30,app-pod-1,46.19916355091537,55.088877118450895,183.09018192920735
2026-01-01 07:03:45,app-pod-1,49.611026084492316,50.773959348862164,192.32590113943158
2026-01-01 07:04:00,app-pod-1,47.47419284834783,54.70315278018177,195.64110154532372
2026-01-01 07:04:15,app-pod-1,47.633930614196586,45.81600157968708,196.97804990599855
2026-01-01 07:04:30,app-pod-1,51.03203469548483,63.533112779103526,186.5217763278019
2026-01-01 07:04:45,app-pod-1,45.1919433508378,44.621536226495344,197.0903241199706
2026-01-01 07:05:00,app-pod-1,52.34294294593985,54.90786086837617,181.81971770764284
2026-01-01 07:05:15,app-pod-1,45.00182225378194,44.90690438251344,176.67005972127214
2026-01-01 07:05:30,app-pod-1,47.20063733327718,49.38961470396576,206.04227842895162
2026-01-01 07:05:45,app-pod-1,54.951418122840856,58.53313476314885,228.91654389333826
2026-01-01 07:06:00,app-pod-1,52.55845898229113,54.14713079502378,204.8792285395087
2026-01-01 07:06:15,app-pod-1,49.462999013356935,60.34533060007796,227.3843487551925
2026-01-01 07:06:30,app-pod-1,46.34236591704428,53.57416122174498,178.76836113358448
2026-01-01 07:06:45,app-pod-1,47.56988636770986,50.984371811253936,160.25028093511526
2026-01-01 07:07:00,app-pod-1,49.371253159853374,53.891967562027126,204.27610796458
2026-01-01 07:07:15,app-pod-1,49.25769805289494,60.57889092230613,170.3530888799288
2026-01-01 07:07:30,app-pod-1,48.86619392576629,58.75069016445873,182.9930477764431
2026-01-01 07:07:45,app-pod-1,49.039964757670056,48.63412086029198,205.5011130066191
2026-01-01 07:08:00,app-pod-1,48.48296979014537,50.53482028240373,187.0190141721047
2026-01-01 07:08:15,app-pod-1,44.79376897331483,53.72958737474224,187.88421850955353
2026-01-01 07:08:30,app-pod-1,47.563760263966074,55.06146511491144,172.8835510767692
2026-01-01 07:08:45,app-pod-1,51.85072921949286,51.04360274665119,220.2801172419025
2026-01-01 07:09:00,app-pod-1,44.99539599649038,55.24241014407638,154.61738661703475
2026-01-01 07:09:15,app-pod-1,48.525251458349615,49.513305319912746,213.88047995277623
2026-01-01 07:09:30,app-pod-1,46.62815259040263,59.15884068256355,179.3822668069073
2026-01-01 07:09:45,app-pod-1,49.41493933631994,57.23770331667207,220.62713517630255
2026-01-01 07:10:00,app-pod-1,47.90843947176408,47.876285377006255,179.02607355255518
2026-01-01 07:10:15,app-pod-1,53.499948279948725,54.804580288647045,242.87127234557144
2026-01-01 07:10:30,app-pod-1,50.5809223286967,52.67434255744457,187.95877260437916
2026-01-01 07:10:45,app-pod-1,45.11914626878333,52.38278599465998,153.56735487506302
2026-01-01 07:11:00,app-pod-1,51.06160002770667,54.723235529332214,204.89294925261532
2026-01-01 07:11:15,app-pod-1,46.717297985492294,46.97466402293569,205.37902752840944
2026-01-01 07:11:30,app-pod-1,47.30357934414884,46.1412098097913,201.07614506602428
2026-01-01 07:11:45,app-pod-1,49.96931777315045,57.72363911319462,217.32184013005946
2026-01-01 07:12:00,app-pod-1,47.54588806671267,54.71330596951969,202.3413552350741
2026-01-01 07:12:15,app-pod-1,51.69294475448081,56.71274911416173,194.4677606835882
2026-01-01 07:12:30,app-pod-1,46.68407147515103,54.03250932740802,198.2325393268832
2026-01-01 07:12:45,app-pod-1,47.14396373872922,49.906178879485275,189.96836424020393
2026-01-01 07:13:00,app-pod-1,47.024869843393205,53.83737067925096,177.45350957047756
2026-01-01 07:13:15,app-pod-1,47.29022280534504,65.79568378866287,191.85120253296895
2026-01-01 07:13:30,app-pod-1,52.27784765040772,62.46732895902112,208.26650355489753
2026-01-01 07:13:45,app-pod-1,50.85977321310084,54.1597989943714,224.67898058218643
2026-01-01 07:14:00,app-pod-1,54.096304966160204,55.25055474080594,208.66205897335365
2026-01-01 07:14:15,app-pod-1,55.76247191924797,44.731533356015746,214.62562329597748
2026-01-01 07:14:30,app-pod-1,45.860431855002176,57.44577306342501,172.96214781429507
2026-01-01 07:14:45,app-pod-1,49.15686142413027,58.34282976576525,225.08017274115866
2026-01-01 07:15:00,app-pod-1,45.41000163997182,49.06786130159781,171.99971019490073
2026-01-01 07:15:15,app-pod-1,46.598760819146634,45.460594159017006,205.8476167632616
2026-01-01 07:15:30,app-pod-1,47.03428455720729,47.14766197409647,172.66632572640665
2026-01-01 07:15:45,app-pod-1,45.745998432620596,54.24418821523153,190.58335106338333
2026-01-01 07:16:00,app-pod-1,45.7547096932911,51.58159311699119,186.95647975262142
2026-01-01 07:16:15,app-pod-1,48.47040433170459,57.38724312022962,212.3821442006482
2026-01-01 07:16:30,app-pod-1,45.245965674178336,52.10439166376575,197.30954506557032
2026-01-01 07:16:45,app-pod-1,51.4153427841077,60.82453410945781,206.8897217925795
2026-01-01 07:17:00,app-pod-1,46.12851979560315,54.137839558883435,176.4579402409192
2026-01-01 07:17:15,app-pod-1,57.30328335165474,64.25627524696172,253.5875579931478
2026-01-01 07:17:30,app-pod-1,47.51319666290332,42.810820609422635,180.49857487656087
2026-01-01 07:17:45,app-pod-1,49.07615406549849,48.181579993361645,162.28875963887813
2026-01-01 07:18:00,app-pod-1,44.96680626844547,49.65500603847369,151.98874322616075
2026-01-01 07:18:15,app-pod-1,53.963811345120355,63.17251186608546,191.62932514377792
2026-01-01 07:18:30,app-pod-1,52.1967219375166,65.94035398660031,217.72232092806559
2026-01-01 07:18:45,app-pod-1,49.721628915868756,53.98396132917374,232.10352968814286
2026-01-01 07:19:00,app-pod-1,44.783112658788724,48.2902785417112,148.53304055887497
2026-01-01 07:19:15,app-pod-1,49.44813754144164,44.83885355772013,186.05422691829824
2026-01-01 07:19:30,app-pod-1,45.444437983815334,56.128925409036555,183.11313885708446
2026-01-01 07:19:45,app-pod-1,53.18836874515769,54.480905245638,235.93607946568903
2026-01-01 07:20:00,app-pod-1,51.22143661127769,70.64667897468516,193.0666836578267
2026-01-01 07:20:15,app-pod-1,49.07269662913747,50.65386804022366,205.15278385380452
2026-01-01 07:20:30,app-pod-1,41.46975726775602,59.555205571732536,162.12769034482355
2026-01-01 07:20:45,app-pod-1,45.82111872013095,55.81662002202899,222.39189937425274
2026-01-01 07:21:00,app-pod-1,50.8271101132493,50.437655082667675,205.47654476749636
2026-01-01 07:21:15,app-pod-1,52.394915528664264,57.83715981328291,214.91499371183696
2026-01-01 07:21:30,app-pod-1,52.0761893047182,60.310235146055064,209.56861160784277
2026-01-01 07:21:45,app-pod-1,43.96503397099131,49.649262817110994,169.63983736856093
2026-01-01 07:22:00,app-pod-1,49.638100705406664,58.93658404654616,212.80045895515752
2026-01-01 07:22:15,app-pod-1,51.7723379505255,60.320422362111145,189.70393850319016
2026-01-01 07:22:30,app-pod-1,43.743111838399784,53.6018707898505,144.94301134743512
2026-01-01 07:22:45,app-pod-1,48.68670895018878,53.99832942489462,192.4939164329022
2026-01-01 07:23:00,app-pod-1,49.5242313886456,48.79226152552129,210.3303813645196
2026-01-01 07:23:15,app-pod-1,47.79266988202564,53.07094204004178,182.45902610010677
2026-01-01 07:23:30,app-pod-1,43.1307152678523,51.07182400607583,175.3202192362567
2026-01-01 07:23:45,app-pod-1,47.70232146520629,44.01137067045528,172.49884103987424
2026-01-01 07:24:00,app-pod-1,47.68969223917897,54.228961147381995,206.6987186111282
2026-01-01 07:24:15,app-pod-1,48.21956183325231,53.26968695922589,202.65689182207493
2026-01-01 07:24:30,app-pod-1,46.965513079323244,46.3927288016015,188.15797710406613
2026-01-01 07:24:45,app-pod-1,47.31901700567111,51.458279950510985,191.80701484105796
2026-01-01 07:25:00,app-pod-1,48.52103853861503,52.40549524285902,173.18052520503434
2026-01-01 07:25:15,app-pod-1,49.95960294068462,64.62219472594631,179.60501190605945
2026-01-01 07:25:30,app-pod-1,47.71101840660607,54.49830461551108,189.01420226982424
2026-01-01 07:25:45,app-pod-1,47.38738931820214,58.351398779314486,197.25557943368995
2026-01-01 07:26:00,app-pod-1,48.88541347440387,53.630712909629466,204.00733396173453
2026-01-01 07:26:15,app-pod-1,42.83759669599469,40.61673510302086,165.90639367226902
2026-01-01 07:26:30,app-pod-1,50.02342083663226,58.3781038297507,211.27435869090044
2026-01-01 07:26:45,app-pod-1,48.58257502164338,50.71686886721265,215.6421729977771
2026-01-01 07:27:00,app-pod-1,48.69527163723117,52.408689496122264,193.45107529896123
2026-01-01 07:27:15,app-pod-1,51.45029862062144,50.750352788857654,210.4461530816624
2026-01-01 07:27:30,app-pod-1,42.70153165369894,50.25491147719606,167.68831465978388
2026-01-01 07:27:45,app-pod-1,42.63033709553759,55.16712777498857,168.6267537476227
2026-01-01 07:28:00,app-pod-1,49.365088627306314,59.21925258148755,200.00381935360016
2026-01-01 07:28:15,app-pod-1,48.51414284683354,61.8908475317093,219.60553572314214
2026-01-01 07:28:30,app-pod-1,49.03781850707816,62.966270244725266,209.88041968699588
2026-01-01 07:28:45,app-pod-1,47.13267867143232,42.76350391871151,200.908481192162
2026-01-01 07:29:00,app-pod-1,50.50387110307112,49.38460696750412,195.20934141851842
2026-01-01 07:29:15,app-pod-1,51.30045476649727,46.86936044491532,191.72919183411344
2026-01-01 07:29:30,app-pod-1,49.946191260164746,58.12198593406327,205.62779665499963
2026-01-01 07:29:45,app-pod-1,47.703443137365305,49.927001277159945,209.46995225908273
2026-01-01 07:30:00,app-pod-1,42.15452248738253,47.06226408194812,194.46915592752234
2026-01-01 07:30:15,app-pod-1,50.7769394252829,54.46087043806075,166.31819986214606
2026-01-01 07:30:30,app-pod-1,52.12603497401667,58.40107792226542,245.19996428496793
2026-01-01 07:30:45,app-pod-1,50.3861204187284,47.8436790530776,207.7992858986289
2026-01-01 07:31:00,app-pod-1,45.80509215130652,45.76924719274413,196.85432406768297
2026-01-01 07:31:15,app-pod-1,50.45695491829077,55.326349475459075,175.72865803222965
2026-01-01 07:31:30,app-pod-1,51.008691228348184,61.69981354061606,200.48117736192293
2026-01-01 07:31:45,app-pod-1,53.09505928841348,57.03955448563401,224.72295590711204
2026-01-01 07:32:00,app-pod-1,45.78176729636493,48.08893857554529,165.50585280468277
2026-01-01 07:32:15,app-pod-1,47.72219793305948,42.66449515145346,147.5641211827248
2026-01-01 07:32:30,app-pod-1,50.63482056153221,60.207752318373934,207.57186253067755
2026-01-01 07:32:45,app-pod-1,48.55665545777553,50.31000057349047,193.47988188365986
2026-01-01 07:33:00,app-pod-1,45.02384139682414,45.779504399018286,201.71542190544915
2026-01-01 07:33:15,app-pod-1,49.611050151967184,46.15110897408312,196.0454234695995
2026-01-01 07:33:30,app-pod-1,50.09454143689435,47.87067495011622,199.07738385134
2026-01-01 07:33:45,app-pod-1,48.61377861794283,49.22357393029071,204.92027705632378
2026-01-01 07:34:00,app-pod-1,48.99995626924232,53.10572570749886,211.5026316109165
2026-01-01 07:34:15,app-pod-1,47.55637351698811,47.24575293808839,179.5942675780608
2026-01-01 07:34:30,app-pod-1,52.758595949490896,57.85955735238181,225.2018651916189
2026-01-01 07:34:45,app-pod-1,45.612928707847125,50.69681139590247,174.62570742744427
2026-01-01 07:35:00,app-pod-1,46.54426729409761,63.69094855179096,186.42489323228912
2026-01-01 07:35:15,app-pod-1,48.33038866357895,45.309056482541955,203.38310079642616
2026-01-01 07:35:30,app-pod-1,50.92547497437832,56.45522963362673,216.37894505568326
2026-01-01 07:35:45,app-pod-1,43.78765238743725,51.52138161641086,179.92533314581985
2026-01-01 07:36:00,app-pod-1,44.3400189035557,45.88522621287325,161.15174570872483
2026-01-01 07:36:15,app-pod-1,42.14883914401086,49.9804493880449,140.54153593751465
2026-01-01 07:36:30,app-pod-1,48.35120412714139,57.69381472103255,190.58547668519878
2026-01-01 07:36:45,app-pod-1,44.88927306432972,51.904948557819964,194.12636513796534
2026-01-01 07:37:00,app-pod-1,47.08159054148802,59.8794278031408,195.07182378691823
2026-01-01 07:37:15,app-pod-1,50.21040409848325,44.25884477846158,204.47211150463357
2026-01-01 07:37:30,app-pod-1,46.292648336074976,48.19368677123888,185.06519499730265
2026-01-01 07:37:45,app-pod-1,48.90210785931895,61.606755737677986,200.2449590893511
2026-01-01 07:38:00,app-pod-1,47.3012116942757,57.670979852312236,174.29347912279403
2026-01-01 07:38:15,app-pod-1,50.20651033379132,57.84711578998536,212.5290686226445
2026-01-01 07:38:30,app-pod-1,49.60647191682459,60.890607374374504,211.1204845436306
2026-01-01 07:38:45,app-pod-1,46.096185318646675,42.68454032954382,179.0557586494375
2026-01-01 07:39:00,app-pod-1,47.656908216300266,57.33788906502429,197.18274732497562
2026-01-01 07:39:15,app-pod-1,51.28494912679087,61.22131520085072,179.3915545416134
2026-01-01 07:39:30,app-pod-1,49.32468340019727,51.2337775492594,199.99945234035908
2026-01-01 07:39:45,app-pod-1,43.944478881571925,63.90732080655648,173.7810366121627
2026-01-01 07:40:00,app-pod-1,50.09300992424715,56.04685176728329,219.2605333000458
2026-01-01 07:40:15,app-pod-1,44.863092990807566,40.44031988102259,176.47273060545436
2026-01-01 07:40:30,app-pod-1,52.345211627842126,58.548008129158255,222.4108142120827
2026-01-01 07:40:45,app-pod-1,51.17069495079413,52.2201863156089,198.815192135439
2026-01-01 07:41:00,app-pod-1,48.95875933684256,60.09610790543738,161.5435266287437
2026-01-01 07:41:15,app-pod-1,48.551484392777446,56.7257592419007,190.8228927589563
2026-01-01 07:41:30,app-pod-1,47.44335053441978,50.220735012712886,192.7247609643807
2026-01-01 07:41:45,app-pod-1,50.096659094499024,62.5799209574638,202.6491989333237
2026-01-01 07:42:00,app-pod-1,46.939371178611026,57.55481635492427,190.24674229354628
2026-01-01 07:42:15,app-pod-1,48.74901226567977,49.98470864756533,187.39923602723556
2026-01-01 07:42:30,app-pod-1,50.64868125133468,54.69385147313003,197.73881136916336
2026-01-01 07:42:45,app-pod-1,46.33801256168349,55.02119274699884,168.456892578026
2026-01-01 07:43:00,app-pod-1,46.165386566479675,50.49445428267266,154.7124612832814
2026-01-01 07:43:15,app-pod-1,44.42137950344281,49.42296863317369,176.08863296307285
2026-01-01 07:43:30,app-pod-1,44.801547442665914,51.54470835118856,168.02814353319192
2026-01-01 07:43:45,app-pod-1,42.50024806972836,44.4211807286229,186.19852596390862
2026-01-01 07:44:00,app-pod-1,50.16536729302993,43.95193041223611,167.93171387691683
2026-01-01 07:44:15,app-pod-1,53.39305008445149,58.57080937077623,217.93748232497035
2026-01-01 07:44:30,app-pod-1,52.23269744251607,46.61838846328532,240.7530987431735
2026-01-01 07:44:45,app-pod-1,43.06883993322792,45.18299443753594,169.5326632601491
2026-01-01 07:45:00,app-pod-1,50.11201884532236,46.22050139698279,200.40685402105882
2026-01-01 07:45:15,app-pod-1,52.19411396798375,48.293657538782114,215.17165742150738
2026-01-01 07:45:30,app-pod-1,46.54768373106387,54.71515448234116,193.7585267823414
2026-01-01 07:45:45,app-pod-1,48.212753399324086,52.63738655422649,186.72340354888664
2026-01-01 07:46:00,app-pod-1,41.87500807962649,48.02050337839792,152.37558916778357
2026-01-01 07:46:15,app-pod-1,48.68915056278003,47.50289647582597,204.54741421437805
2026-01-01 07:46:30,app-pod-1,44.68849641109449,48.002702043573336,150.13306483312329
2026-01-01 07:46:45,app-pod-1,48.468292919041886,55.81008083938025,206.3565964769237
2026-01-01 07:47:00,app-pod-1,43.1759701016561,49.962742744626766,166.8269025456016
2026-01-01 07:47:15,app-pod-1,49.47832329324947,58.74819661048455,197.95957048430512
2026-01-01 07:47:30,app-pod-1,50.913435158066356,60.46486467127602,195.76962256353985
2026-01-01 07:47:45,app-pod-1,45.480484830708455,50.575240090204865,203.38517867565818
2026-01-01 07:48:00,app-pod-1,44.40936273953606,41.82530748807278,181.37261156951314
2026-01-01 07:48:15,app-pod-1,41.34214621964945,45.156277858423536,160.54251507941558
2026-01-01 07:48:30,app-pod-1,47.00103841602266,52.4122804868524,182.75561022946445
2026-01-01 07:48:45,app-pod-1,46.045539705592304,48.34944253389404,181.95980180235117
2026-01-01 07:49:00,app-pod-1,43.12728459267057,44.91597815820063,208.46324101868896
2026-01-01 07:49:15,app-pod-1,49.129399262891276,54.73934090514132,176.76127169687058
2026-01-01 07:49:30,app-pod-1,46.4104108674622,64.63880312088995,201.88487618433493
2026-01-01 07:49:45,app-pod-1,44.523072023007266,48.72521010592321,186.6138673983784
2026-01-01 07:50:00,app-pod-1,46.0764994466431,52.23952035019129,207.40317407275353
2026-01-01 07:50:15,app-pod-1,50.944045935683775,49.1006527688237,213.21218567060794
2026-01-01 07:50:30,app-pod-1,49.528837708199596,60.88719167094728,198.16579583830065
2026-01-01 07:50:45,app-pod-1,47.31982216521053,57.49759073240449,204.57970309014783
2026-01-01 07:51:00,app-pod-1,49.5570678046554,58.71861816058836,201.674803583861
2026-01-01 07:51:15,app-pod-1,44.20684821851297,57.7437728094828,188.15173333314652
2026-01-01 07:51:30,app-pod-1,47.776504679223926,51.306846501982704,212.52931067418413
2026-01-01 07:51:45,app-pod-1,48.11115062095407,52.16571633543974,193.83240209115354
2026-01-01 07:52:00,app-pod-1,46.24944233168236,60.924002291610904,178.63199460195523
2026-01-01 07:52:15,app-pod-1,48.955074080141635,57.43219237082194,186.16311835683004
2026-01-01 07:52:30,app-pod-1,45.29712492303375,40.611878339402814,187.94660580608647
2026-01-01 07:52:45,app-pod-1,49.15759263682494,56.684419723962506,183.45784441310948
2026-01-01 07:53:00,app-pod-1,49.27339107870158,51.58288345124312,191.8464898505964
2026-01-01 07:53:15,app-pod-1,38.85599840898411,51.690058009572155,140.91046221040162
2026-01-01 07:53:30,app-pod-1,51.1680374972295,57.85857859516152,212.29723676520095
2026-01-01 07:53:45,app-pod-1,38.44384408724568,38.20797704095798,142.49303979029906
2026-01-01 07:54:00,app-pod-1,45.72819517657093,53.353887476077034,163.6117870205709
2026-01-01 07:54:15,app-pod-1,50.64196591165304,56.50251477441517,185.90623230282924
2026-01-01 07:54:30,app-pod-1,46.60362028686741,54.43984663313112,177.84815573360518
2026-01-01 07:54:45,app-pod-1,43.14646027948986,53.080166455209444,165.38132883450783
2026-01-01 07:55:00,app-pod-1,44.253323929000146,58.45715654940876,180.78508539930309
2026-01-01 07:55:15,app-pod-1,50.60474837581558,57.4927688111424,199.99464417286524
2026-01-01 07:55:30,app-pod-1,41.74899271586208,49.338787203475775,172.5506327698139
2026-01-01 07:55:45,app-pod-1,50.88993394152264,61.362791530006966,210.31892363421642
2026-01-01 07:56:00,app-pod-1,47.32708784566105,64.34266510991156,200.4158440540722
2026-01-01 07:56:15,app-pod-1,43.90462084120788,55.308588359685956,147.00111471273212
2026-01-01 07:56:30,app-pod-1,45.72185350356826,53.03632808653823,165.97906344402315
2026-01-01 07:56:45,app-pod-1,44.40889679592918,53.24888050599502,185.9588880280325
2026-01-01 07:57:00,app-pod-1,50.04859574403153,56.31423581781336,203.36556810557454
2026-01-01 07:57:15,app-pod-1,49.636533129102546,54.838165266738415,213.20012681972798
2026-01-01 07:57:30,app-pod-1,42.271075105377086,60.41560673129586,145.92403599373256
2026-01-01 07:57:45,app-pod-1,46.207070220193124,48.59968228255302,177.70096228585575
2026-01-01 07:58:00,app-pod-1,44.81755693176516,57.14681899344911,174.82452868054506
2026-01-01 07:58:15,app-pod-1,51.27689045429483,55.26453860450351,207.60601863700833
2026-01-01 07:58:30,app-pod-1,43.33528912452361,42.9326065364729,173.87931711612592
2026-01-01 07:58:45,app-pod-1,52.18747903563169,55.58964660700965,215.78608287278598
2026-01-01 07:59:00,app-pod-1,47.26409207123203,50.350985281092846,187.33655886733038
2026-01-01 07:59:15,app-pod-1,43.867336977250616,53.59502247616373,196.0543919733227
2026-01-01 07:59:30,app-pod-1,45.31046090226691,52.17382374487969,206.6099827816501
2026-01-01 07:59:45,app-pod-1,44.92654955410765,46.33845036963551,162.93774691544039
2026-01-01 08:00:00,app-pod-1,43.49665286964226,57.80269657619816,174.66327963252206
2026-01-01 08:00:15,app-pod-1,47.59407004428084,58.76651905337521,202.34619430672993
2026-01-01 08:00:30,app-pod-1,43.61490360553248,58.460710184354745,183.2395341477694
2026-01-01 08:00:45,app-pod-1,40.74659184004578,49.70743760837263,156.86871299514786
2026-01-01 08:01:00,app-pod-1,46.137680691543395,52.117711142676924,188.37369604487537
2026-01-01 08:01:15,app-pod-1,41.85714059490272,52.817800829525005,143.67668766044386
2026-01-01 08:01:30,app-pod-1,44.99820511535328,48.611368476142786,179.70569228469185
2026-01-01 08:01:45,app-pod-1,44.51633705759082,51.81173371391275,156.16079266283305
2026-01-01 08:02:00,app-pod-1,44.618934992753076,50.35486499832032,186.09542443149707
2026-01-01 08:02:15,app-pod-1,53.2243894937786,49.951901059695416,196.1581887536282
2026-01-01 08:02:30,app-pod-1,47.37963137863029,53.80301948923657,191.96402313604122
2026-01-01 08:02:45,app-pod-1,47.93538571336902,51.3499355406418,196.52947670979952
2026-01-01 08:03:00,app-pod-1,41.85893334100217,48.088492518609996,168.57369170040994
2026-01-01 08:03:15,app-pod-1,45.21507392040981,53.469476472536634,171.3810027376627
2026-01-01 08:03:30,app-pod-1,47.81168586336738,59.830845774290296,188.0912197001152
2026-01-01 08:03:45,app-pod-1,44.08098546126643,46.6128393701466,194.04001686821152
2026-01-01 08:04:00,app-pod-1,49.86753454459621,53.22448310557056,193.10101218046114
2026-01-01 08:04:15,app-pod-1,43.52400967130834,46.64139328811679,174.41749028941757
2026-01-01 08:04:30,app-pod-1,46.2617340506999,48.232310896494965,176.69510413591706
2026-01-01 08:04:45,app-pod-1,45.35139019537427,48.773128418513124,196.71196727456808
2026-01-01 08:05:00,app-pod-1,47.59119939160468,52.3315881600473,191.5322591938225
2026-01-01 08:05:15,app-pod-1,45.165439150658266,54.545165689848304,169.20214647567846
2026-01-01 08:05:30,app-pod-1,46.26288010586434,53.98624489802923,185.15839930143366
2026-01-01 08:05:45,app-pod-1,46.35580201418639,47.16477641451422,181.80772983452331
2026-01-01 08:06:00,app-pod-1,44.84964001490794,57.86554963002132,200.28729172307993
2026-01-01 08:06:15,app-pod-1,48.49667559880491,58.66973445154863,193.31638979762914
2026-01-01 08:06:30,app-pod-1,47.74512954630386,48.91566242936418,170.23928485950307
2026-01-01 08:06:45,app-pod-1,46.75267275035654,58.847425384847384,194.49018954816904
2026-01-01 08:07:00,app-pod-1,45.71566949952538,53.63566071264915,209.65398949858087
2026-01-01 08:07:15,app-pod-1,49.3851862683856,53.78735387324369,215.49470841673616
2026-01-01 08:07:30,app-pod-1,46.27654089908903,54.18397885175888,168.56215871457732
2026-01-01 08:07:45,app-pod-1,46.05242101124787,52.1078407297459,180.17876188011493
2026-01-01 08:08:00,app-pod-1,47.2750320127929,55.81791568136206,188.63988039069983
2026-01-01 08:08:15,app-pod-1,52.03915083839724,57.3639832025339,207.87837047517857
2026-01-01 08:08:30,app-pod-1,42.91673086349922,48.35458134308844,177.38135131167945
2026-01-01 08:08:45,app-pod-1,49.23575871032161,44.335897301418214,191.78151972649246
2026-01-01 08:09:00,app-pod-1,41.23504295036515,51.500442768415226,151.20581434274828
2026-01-01 08:09:15,app-pod-1,47.55472418486103,51.42003053746905,204.4959017870781
2026-01-01 08:09:30,app-pod-1,51.616481356133335,60.02126999751957,189.6124341904819
2026-01-01 08:09:45,app-pod-1,48.34554651076579,56.25025786891465,181.35043792744924
2026-01-01 08:10:00,app-pod-1,47.3797041518771,51.42747185053392,172.57210132129148
2026-01-01 08:10:15,app-pod-1,45.17474841751573,56.73726484764768,189.88218020184559
2026-01-01 08:10:30,app-pod-1,46.93748627579139,53.880448702236826,189.34701474438805
2026-01-01 08:10:45,app-pod-1,46.07638403523401,53.07168306155424,197.55809043650575
2026-01-01 08:11:00,app-pod-1,44.462850435493785,50.433441871029935,166.07350049813357
2026-01-01 08:11:15,app-pod-1,45.93934117546415,60.57531738402389,164.96216794633187
2026-01-01 08:11:30,app-pod-1,47.39227926518164,49.608261840148856,182.91060272867315
2026-01-01 08:11:45,app-pod-1,44.483632352015945,49.525169959115885,175.1970701066551
2026-01-01 08:12:00,app-pod-1,44.35456589685443,44.861520402398114,180.5547082039687
2026-01-01 08:12:15,app-pod-1,42.68078888855452,53.51020760861069,145.4872810549022
2026-01-01 08:12:30,app-pod-1,47.92178217729285,50.63450249231663,198.86809165842652
2026-01-01 08:12:45,app-pod-1,48.37364485206937,51.51137348781695,180.08099833393473
2026-01-01 08:13:00,app-pod-1,47.42070444966474,50.60980995397941,179.97158304689648
2026-01-01 08:13:15,app-pod-1,49.60926274379493,55.04009350096839,216.04269394230099
2026-01-01 08:13:30,app-pod-1,46.96536243761704,46.6219557830362,155.11349706867017
2026-01-01 08:13:45,app-pod-1,47.86578072561935,42.28982017742224,196.3006533099817
2026-01-01 08:14:00,app-pod-1,47.58922871825605,55.60098028974309,195.13784432403648
2026-01-01 08:14:15,app-pod-1,46.39104506590046,41.90594301511177,173.28240561084047
2026-01-01 08:14:30,app-pod-1,45.06112849190832,55.813478864222716,173.53944915389295
2026-01-01 08:14:45,app-pod-1,53.2839608595092,65.09141134933218,231.45154547030606
2026-01-01 08:15:00,app-pod-1,45.27353930649037,50.87035849486809,210.5380103855269
2026-01-01 08:15:15,app-pod-1,44.619628559099,57.73120472497175,194.44940223966285
2026-01-01 08:15:30,app-pod-1,47.9071408361463,53.413716487586306,219.91663836099224
2026-01-01 08:15:45,app-pod-1,47.34850452640072,61.14015896386985,179.02403923558964
2026-01-01 08:16:00,app-pod-1,42.366376808269855,47.37537450522284,145.76424623618672
2026-01-01 08:16:15,app-pod-1,49.93657665574739,43.131194611867556,198.95698399589517
2026-01-01 08:16:30,app-pod-1,46.27372889185754,51.99205150376776,197.16779510901523
2026-01-01 08:16:45,app-pod-1,43.21127035756701,58.7877052173506,145.02382983851436
2026-01-01 08:17:00,app-pod-1,50.098147325605396,57.74354465762587,186.49573656252457
2026-01-01 08:17:15,app-pod-1,48.396533365285926,51.300957213010925,181.3552070659506
2026-01-01 08:17:30,app-pod-1,42.713572685853535,51.54400672652113,176.20274417921945
2026-01-01 08:17:45,app-pod-1,51.826419551561806,61.13411787835603,210.71997166249102
2026-01-01 08:18:00,app-pod-1,48.45891587753889,53.49315891970487,182.2082519075904
2026-01-01 08:18:15,app-pod-1,46.43956855446934,65.63964841484042,188.45544218323926
2026-01-01 08:18:30,app-pod-1,51.22842684908194,53.27280901175992,187.74162962487773
2026-01-01 08:18:45,app-pod-1,46.92325773128443,57.85883402212284,181.29665873590304
2026-01-01 08:19:00,app-pod-1,46.34868953353118,56.25376885588082,166.42291934376397
2026-01-01 08:19:15,app-pod-1,44.43959323607934,47.60857814176525,175.50480552739515
2026-01-01 08:19:30,app-pod-1,48.15358018843151,51.585304795163694,180.6069818708657
2026-01-01 08:19:45,app-pod-1,47.82535353474201,58.56824071171622,201.65703943999665
2026-01-01 08:20:00,app-pod-1,46.42708130544897,53.22289635183548,185.31551916093193
2026-01-01 08:20:15,app-pod-1,44.000558582815124,52.490749641606946,172.60109305452312
2026-01-01 08:20:30,app-pod-1,46.74776448608413,44.5435983717371,213.5129234792556
2026-01-01 08:20:45,app-pod-1,46.13601638092208,55.57520474245596,190.29338817896786
2026-01-01 08:21:00,app-pod-1,42.332408147030975,51.06916992333452,163.80732133364498
2026-01-01 08:21:15,app-pod-1,41.904792979659646,49.01380497255598,158.86314171234733
2026-01-01 08:21:30,app-pod-1,48.00306968082783,55.40660809187486,174.29468963434255
2026-01-01 08:21:45,app-pod-1,38.48930470539472,44.89642475815506,152.96896053975706
2026-01-01 08:22:00,app-pod-1,46.89854194801016,49.869466844189745,192.2083709276902
2026-01-01 08:22:15,app-pod-1,44.83538253593026,50.17534011695563,150.62589025620707
2026-01-01 08:22:30,app-pod-1,50.18167351247203,52.80615556713893,180.2669411452117
2026-01-01 08:22:45,app-pod-1,44.76381170269601,62.23731599710321,171.31370497178108
2026-01-01 08:23:00,app-pod-1,48.20993228205594,58.306306241657104,176.36701838982046
2026-01-01 08:23:15,app-pod-1,45.027982110702304,46.677242857633104,180.7607907331983
2026-01-01 08:23:30,app-pod-1,46.54719279114091,62.76451496510284,188.9210518081669
2026-01-01 08:23:45,app-pod-1,48.40366333606224,51.718281278062,191.780042825254
2026-01-01 08:24:00,app-pod-1,44.792672738525205,51.50214775428907,187.42330577486325
2026-01-01 08:24:15,app-pod-1,49.157171432015645,58.89710597706755,187.85500156454378
2026-01-01 08:24:30,app-pod-1,43.17356080031735,40.37154984073406,172.0056702943613
2026-01-01 08:24:45,app-pod-1,47.025561389816325,51.73276373816658,173.0525417867351
2026-01-01 08:25:00,app-pod-1,48.89681125371321,51.36109862276341,199.85654062424058
2026-01-01 08:25:15,app-pod-1,48.096094591972076,54.69266661210112,193.52300070018322
2026-01-01 08:25:30,app-pod-1,51.852387601463406,58.146919737351595,189.43152557917585
2026-01-01 08:25:45,app-pod-1,43.7997867127705,50.27355387227759,172.87325622301066
2026-01-01 08:26:00,app-pod-1,41.93968945829858,48.73954612991406,167.1914297341889
2026-01-01 08:26:15,app-pod-1,43.08114530412754,55.4824585760665,176.53975976481198
2026-01-01 08:26:30,app-pod-1,48.03247263160633,55.13016049379463,196.9016681249926
2026-01-01 08:26:45,app-pod-1,47.53188893767247,53.47944730663044,179.30976666653473
2026-01-01 08:27:00,app-pod-1,46.33184623276346,53.171645320235115,196.78205480004456
2026-01-01 08:27:15,app-pod-1,42.64314215703132,59.02964449757302,178.41840381071415
2026-01-01 08:27:30,app-pod-1,48.29953318198978,54.67304311231337,182.32943887487698
2026-01-01 08:27:45,app-pod-1,42.311715929385656,47.04595862574143,152.10640804232705
2026-01-01 08:28:00,app-pod-1,49.44955894807656,45.0696958205983,188.07596111289257
2026-01-01 08:28:15,app-pod-1,54.531886402859634,51.00263361182698,196.05282639697882
2026-01-01 08:28:30,app-pod-1,47.0457665151688,50.59690708521936,191.3031637417879
2026-01-01 08:28:45,app-pod-1,47.682560449618336,52.8359080949621,208.48364064461066
2026-01-01 08:29:00,app-pod-1,44.44146074400577,48.33091522275284,199.0890338449123
2026-01-01 08:29:15,app-pod-1,40.47618515203776,50.08904949165547,145.56461934300762
2026-01-01 08:29:30,app-pod-1,44.085433163096326,48.017262991625884,188.1437965580892
2026-01-01 08:29:45,app-pod-1,42.6016527538097,45.24871057698964,171.6741241833666
2026-01-01 08:30:00,app-pod-1,41.52605307657966,52.13145633039282,130.16510711481766
2026-01-01 08:30:15,app-pod-1,51.02085608012231,62.56157174047568,199.0974670907052
2026-01-01 08:30:30,app-pod-1,46.65905439192984,47.12550008561815,179.98097161981994
2026-01-01 08:30:45,app-pod-1,46.96620131465516,54.09492023879766,206.02707369824117
2026-01-01 08:31:00,app-pod-1,44.886724379288125,41.895683774732596,166.48257988246667
2026-01-01 08:31:15,app-pod-1,45.28181231259507,44.32457796518075,189.57321445826426
2026-01-01 08:31:30,app-pod-1,48.680692890581,51.13265588352083,193.11644653751912
2026-01-01 08:31:45,app-pod-1,45.676625986530716,57.64819035245747,161.01936889683344
2026-01-01 08:32:00,app-pod-1,47.35229688620864,49.25307767181867,181.126407916464
2026-01-01 08:32:15,app-pod-1,45.15876115485351,47.53063043456971,203.60951652024957
2026-01-01 08:32:30,app-pod-1,44.706855615176195,51.47523534009558,176.22686423018897
2026-01-01 08:32:45,app-pod-1,41.49909330829614,49.234783371556546,179.58437912543826
2026-01-01 08:33:00,app-pod-1,39.77309143051351,43.915506637586105,171.8581800379317
2026-01-01 08:33:15,app-pod-1,44.90813703777313,61.36680376275738,172.908590382819
2026-01-01 08:33:30,app-pod-1,45.848778267236426,50.76732792148863,164.1437759265459
2026-01-01 08:33:45,app-pod-1,41.807344874446635,49.833066324203045,149.9521045619321
2026-01-01 08:34:00,app-pod-1,45.54873854194438,49.87521929080886,203.96995980563875
2026-01-01 08:34:15,app-pod-1,45.799830353803344,54.25973905841823,185.47538259398655
2026-01-01 08:34:30,app-pod-1,39.15693956591704,53.58464549466251,130.62044129897453
2026-01-01 08:34:45,app-pod-1,42.86596193259336,58.32449183758821,183.97325564708197
2026-01-01 08:35:00,app-pod-1,46.81948134306404,48.962308563825424,160.47515635708828
2026-01-01 08:35:15,app-pod-1,46.74520104099757,58.225616610204355,174.58894051029088
2026-01-01 08:35:30,app-pod-1,42.10931675095058,52.2249258234205,169.65668259240545
2026-01-01 08:35:45,app-pod-1,46.03198377165743,57.09507168746059,221.93422128516463
2026-01-01 08:36:00,app-pod-1,48.61014090522084,53.567702270190594,206.68057979618635
2026-01-01 08:36:15,app-pod-1,47.8603992203922,52.56707558786364,184.205750862319
2026-01-01 08:36:30,app-pod-1,45.22956561830476,56.3392691613833,181.3429769133725
2026-01-01 08:36:45,app-pod-1,44.097718213317755,55.64186527960386,190.18651110230508
2026-01-01 08:37:00,app-pod-1,43.599819428640195,58.34847641935757,195.72722707705572
2026-01-01 08:37:15,app-pod-1,46.87749952954876,53.80698744793657,183.79540566681086
2026-01-01 08:37:30,app-pod-1,46.0455209866834,51.697291552504595,180.90282994183204
2026-01-01 08:37:45,app-pod-1,47.334571575712985,40.83493220302807,176.88755871901407
2026-01-01 08:38:00,app-pod-1,45.82811310711786,44.02337648500583,193.2898326376457
2026-01-01 08:38:15,app-pod-1,47.87489726584269,51.54117006017292,206.8891689547996
2026-01-01 08:38:30,app-pod-1,45.688478413940786,46.476640233527476,153.67363989881684
2026-01-01 08:38:45,app-pod-1,47.744844033496676,57.49204365061391,185.0272859259874
2026-01-01 08:39:00,app-pod-1,47.98930495256911,47.042408658903604,173.75552948371046
2026-01-01 08:39:15,app-pod-1,42.94929721008485,47.55798640530796,174.0607931942297
2026-01-01 08:39:30,app-pod-1,39.92446713897027,45.636994531586744,141.12867518909312
2026-01-01 08:39:45,app-pod-1,49.965381762614896,60.99948265082765,180.0594112921682
2026-01-01 08:40:00,app-pod-1,46.09086505451635,49.22241179306322,201.2162494287296
2026-01-01 08:40:15,app-pod-1,40.16339861319496,50.37643961947641,158.16968242248203
2026-01-01 08:40:30,app-pod-1,43.151347031523876,51.1844735596803,171.7067956945944
2026-01-01 08:40:45,app-pod-1,47.5943594266983,57.83249402592521,196.85271461156822
2026-01-01 08:41:00,app-pod-1,44.4256189022519,55.34900849215873,192.26476003884198
2026-01-01 08:41:15,app-pod-1,43.71435982017038,50.43285130977154,168.5785467920538
2026-01-01 08:41:30,app-pod-1,49.439066194743354,46.12587377328445,191.8115457239653
2026-01-01 08:41:45,app-pod-1,42.08041758033489,48.29758787300628,162.44067241372784
2026-01-01 08:42:00,app-pod-1,42.813659238736115,49.86978324445451,187.47727038488136
2026-01-01 08:42:15,app-pod-1,45.82810093334095,53.50971681910255,182.29037678940185
2026-01-01 08:42:30,app-pod-1,46.351110421104885,48.758001568669364,181.03796700580938
2026-01-01 08:42:45,app-pod-1,46.65456078215593,58.362698139552215,192.48168960664674
2026-01-01 08:43:00,app-pod-1,47.88501382138783,53.58760676654644,219.00886828223224
2026-01-01 08:43:15,app-pod-1,45.73278552956435,47.410463131634415,184.04538928218597
2026-01-01 08:43:30,app-pod-1,46.59093345242169,50.32251422298678,182.3220254395065
2026-01-01 08:43:45,app-pod-1,44.33086783097338,60.674320751515516,206.46844909374798
2026-01-01 08:44:00,app-pod-1,45.28228651416558,55.01949002464839,201.07617069043093
2026-01-01 08:44:15,app-pod-1,45.40247217939829,57.02401330340082,199.38226381506342
2026-01-01 08:44:30,app-pod-1,45.71082413776346,46.789642047867346,175.33299523779144
2026-01-01 08:44:45,app-pod-1,47.368791317473836,49.71400546131268,180.4777485084858
2026-01-01 08:45:00,app-pod-1,46.70223319541404,49.2844517073836,159.29661598115405
2026-01-01 08:45:15,app-pod-1,45.155053520674755,52.530506152415434,195.09396740051275
2026-01-01 08:45:30,app-pod-1,42.58061304421356,48.936419975521694,171.4774094324283
2026-01-01 08:45:45,app-pod-1,45.19657540210353,49.19013072518736,153.77298345294122
2026-01-01 08:46:00,app-pod-1,44.89506106109281,49.60619478024769,197.60795827555285
2026-01-01 08:46:15,app-pod-1,45.54419411926112,47.91075995010743,177.11651216350097
2026-01-01 08:46:30,app-pod-1,51.56974245867314,55.19962328656414,203.0677632241406
2026-01-01 08:46:45,app-pod-1,43.364347569680895,55.92112121794536,150.76285082370754
2026-01-01 08:47:00,app-pod-1,46.188014558610064,44.76591343327828,192.13503484353657
2026-01-01 08:47:15,app-pod-1,48.111997544048606,55.41079544901017,199.9745405628469
2026-01-01 08:47:30,app-pod-1,45.18606318814467,58.530707706099385,180.0244394567388
2026-01-01 08:47:45,app-pod-1,51.891021186660765,55.4077793378347,201.29051573836324
2026-01-01 08:48:00,app-pod-1,43.72877863435345,47.965764898317936,214.3121291149701
2026-01-01 08:48:15,app-pod-1,45.82055717137752,56.6955474497172,165.23171264602937
2026-01-01 08:48:30,app-pod-1,42.43724759645484,44.78496393317417,158.9274355028687
2026-01-01 08:48:45,app-pod-1,43.7644483016693,50.52165616147485,185.6816442743281
2026-01-01 08:49:00,app-pod-1,45.55116428092662,46.68659449472,166.98805807375948
2026-01-01 08:49:15,app-pod-1,47.32859716341341,43.77951316426798,172.9912849053615
2026-01-01 08:49:30,app-pod-1,45.73227430689565,51.25267069085297,199.9018769240226
2026-01-01 08:49:45,app-pod-1,48.537621600230935,47.65935980382673,203.22836227503709
2026-01-01 08:50:00,app-pod-1,44.46065080442447,51.06410299645128,185.10467287411205
2026-01-01 08:50:15,app-pod-1,43.73429328476297,56.189153421237606,177.66454587461538
2026-01-01 08:50:30,app-pod-1,52.82798880584603,66.25086919749033,200.9296542775812
2026-01-01 08:50:45,app-pod-1,45.88396353128176,52.586420891613265,179.74578756834492
2026-01-01 08:51:00,app-pod-1,42.52800555077807,54.86568304542264,168.92589997416974
2026-01-01 08:51:15,app-pod-1,42.58884103214896,51.80700197303744,183.04860942592668
2026-01-01 08:51:30,app-pod-1,41.82875724753197,47.36456200389708,173.70288947392612
2026-01-01 08:51:45,app-pod-1,47.45165229063527,43.59227483379021,175.88895717941654
2026-01-01 08:52:00,app-pod-1,43.533942153703684,58.60622114300317,185.9789020311978
2026-01-01 08:52:15,app-pod-1,44.99427386374516,46.250480758216,154.79950470595315
2026-01-01 08:52:30,app-pod-1,44.406755430641915,57.998583358538184,172.82069398855276
2026-01-01 08:52:45,app-pod-1,46.77683632548486,55.42782357415065,169.97661964568468
2026-01-01 08:53:00,app-pod-1,42.02718711899595,44.53896705706037,155.25219680892295
2026-01-01 08:53:15,app-pod-1,41.32574550126246,50.488013659978485,194.20177617564332
2026-01-01 08:53:30,app-pod-1,45.210379927134866,62.31182125542105,158.78140751221858
2026-01-01 08:53:45,app-pod-1,46.32537420726162,60.10602484940199,173.01358598915175
2026-01-01 08:54:00,app-pod-1,45.50508435953867,49.28999377100482,189.67636400792784
2026-01-01 08:54:15,app-pod-1,42.064100037408906,45.88496623526282,161.20635875105384
2026-01-01 08:54:30,app-pod-1,46.509872310681345,53.0579508040573,188.372855204245
2026-01-01 08:54:45,app-pod-1,42.23077433597805,48.73397339033545,190.36634183419136
2026-01-01 08:55:00,app-pod-1,42.882663306835965,56.01655124299882,181.3500710922952
2026-01-01 08:55:15,app-pod-1,41.60032359997299,52.81817220209011,159.37105914903233
2026-01-01 08:55:30,app-pod-1,48.32054698001447,45.363174878368014,191.27639572904602
2026-01-01 08:55:45,app-pod-1,46.30220716201755,54.70492129053184,193.16791879485723
2026-01-01 08:56:00,app-pod-1,46.201776133809645,51.445788489329914,194.3319510276442
2026-01-01 08:56:15,app-pod-1,48.11326661902131,53.86482731345525,192.76435757399295
2026-01-01 08:56:30,app-pod-1,52.794399348157896,58.20079461501382,216.58673239349272
2026-01-01 08:56:45,app-pod-1,39.21357545664961,53.44314784603773,162.27803843229265
2026-01-01 08:57:00,app-pod-1,42.11090912586176,54.366601205833334,167.06023819337005
2026-01-01 08:57:15,app-pod-1,42.46228166936157,45.97488346511662,160.77056258150012
2026-01-01 08:57:30,app-pod-1,41.743099079532854,48.92710951722465,178.11133028845643
2026-01-01 08:57:45,app-pod-1,41.04754221821423,46.4906725884639,168.56710079656156
2026-01-01 08:58:00,app-pod-1,43.366049790917536,41.94700500910928,142.24950342701138
2026-01-01 08:58:15,app-pod-1,40.59989788517291,47.873075981615585,150.01205874538857
2026-01-01 08:58:30,app-pod-1,45.23951922571567,60.891435595796445,173.74800274886474
2026-01-01 08:58:45,app-pod-1,44.37415324178216,42.50169030049877,174.47964261592145
2026-01-01 08:59:00,app-pod-1,45.64679350675667,51.83244648642933,200.64634782297412
2026-01-01 08:59:15,app-pod-1,45.71152520119242,51.71737691378632,230.88098936098274
2026-01-01 08:59:30,app-pod-1,45.98197585749837,53.62606045907046,147.04558876262575
2026-01-01 08:59:45,app-pod-1,43.03732707312234,45.31250416421599,176.71540368698186
2026-01-01 09:00:00,app-pod-1,50.505565831631955,48.2283431281426,203.0660551305285
2026-01-01 09:00:15,app-pod-1,44.829993885421864,44.48800743582217,176.61262871159767
2026-01-01 09:00:30,app-pod-1,38.52379438081988,53.621324858231304,162.23927070371172
2026-01-01 09:00:45,app-pod-1,41.08865271297475,43.84862702727304,166.60144196059122
2026-01-01 09:01:00,app-pod-1,38.85878552203592,44.70333890715928,150.01363245356188
2026-01-01 09:01:15,app-pod-1,44.11679616111242,61.40492030584356,176.9058246023438
2026-01-01 09:01:30,app-pod-1,43.68385765017704,46.90742207124164,183.0839305717042
2026-01-01 09:01:45,app-pod-1,42.628460559922814,51.5519203817006,177.4359112074102
2026-01-01 09:02:00,app-pod-1,50.05096362319856,60.354732919366526,203.03333910708955
2026-01-01 09:02:15,app-pod-1,45.6495648602012,57.03329633703705,173.84654502451258
2026-01-01 09:02:30,app-pod-1,46.16532561240634,45.65784614346603,226.9484456980014
2026-01-01 09:02:45,app-pod-1,41.17820771100694,45.257983159197366,170.1055305118515
2026-01-01 09:03:00,app-pod-1,40.95837452284057,50.18268204724832,175.27044650140434
2026-01-01 09:03:15,app-pod-1,44.05059010994449,60.4805003638776,168.58532364686212
2026-01-01 09:03:30,app-pod-1,44.443542859854944,47.30292670869248,180.61777685186283
2026-01-01 09:03:45,app-pod-1,38.33991799884886,44.369877678638815,156.08379314740355
2026-01-01 09:04:00,app-pod-1,43.352246340631346,52.44444454544696,144.7297385363024
2026-01-01 09:04:15,app-pod-1,43.91968183514603,53.8420684213441,164.92881593539045
2026-01-01 09:04:30,app-pod-1,43.21629975359933,53.65267984903321,161.83804872066565
2026-01-01 09:04:45,app-pod-1,41.40584118400496,44.75230950462947,156.6165132412517
2026-01-01 09:05:00,app-pod-1,42.21165556988196,46.887918214245346,152.79903525211154
2026-01-01 09:05:15,app-pod-1,43.28391577273818,51.37624703992657,173.79350363546692
2026-01-01 09:05:30,app-pod-1,44.07110922407094,57.16133301999106,197.24481610475988
2026-01-01 09:05:45,app-pod-1,45.59728328143155,50.72567788640994,184.34646362173706
2026-01-01 09:06:00,app-pod-1,47.009660128727695,52.795252589690286,170.31958367983205
2026-01-01 09:06:15,app-pod-1,42.8682149417656,44.87810827353887,156.00930121907845
2026-01-01 09:06:30,app-pod-1,42.36693975969092,58.972991991244854,163.8119918006213
2026-01-01 09:06:45,app-pod-1,45.032509260406776,52.29407121799329,158.89593932319764
2026-01-01 09:07:00,app-pod-1,45.53619455575975,57.264110086815535,186.71163448245187
2026-01-01 09:07:15,app-pod-1,42.38515976732902,49.819097877468316,189.83712211581778
2026-01-01 09:07:30,app-pod-1,46.04302647135595,52.65645385616623,175.5335426944357
2026-01-01 09:07:45,app-pod-1,46.59467076898783,45.11472508403118,187.5206916776358
2026-01-01 09:08:00,app-pod-1,47.515026598225994,42.50670927029536,183.6256960778359
2026-01-01 09:08:15,app-pod-1,48.95896614678324,60.53080236192806,186.3914468179806
2026-01-01 09:08:30,app-pod-1,41.00877502465847,49.09643358857302,166.878741117471
2026-01-01 09:08:45,app-pod-1,43.63372189030133,51.575745938144024,164.58530510453215
2026-01-01 09:09:00,app-pod-1,43.60984800051482,44.28162483935832,162.31338521470963
2026-01-01 09:09:15,app-pod-1,43.26576569915767,45.770715100442246,148.77369206768935
2026-01-01 09:09:30,app-pod-1,41.59615300483497,54.4288171090594,167.35343543541956
2026-01-01 09:09:45,app-pod-1,39.071194996787874,56.05055535195869,172.28992091144204
2026-01-01 09:10:00,app-pod-1,43.78984249040022,47.5465196744174,185.76900178973597
2026-01-01 09:10:15,app-pod-1,41.190644241648044,52.190867410968906,187.14247692782132
2026-01-01 09:10:30,app-pod-1,43.73758267180884,51.56643253367421,164.83259886629173
2026-01-01 09:10:45,app-pod-1,41.08134657420748,48.1542979015566,177.08752710743025
2026-01-01 09:11:00,app-pod-1,40.14836111116034,57.36364787870383,144.05395516695927
2026-01-01 09:11:15,app-pod-1,44.13407417807106,48.62784369453598,187.17517639820267
2026-01-01 09:11:30,app-pod-1,43.86777064369001,56.91100263567043,200.1338917596166
2026-01-01 09:11:45,app-pod-1,45.13666298089109,53.502780671834,188.02237447024606
2026-01-01 09:12:00,app-pod-1,49.940203426430045,54.87369578667694,224.6879879598763
2026-01-01 09:12:15,app-pod-1,44.19825985693213,57.79886776501788,167.81205945658874
2026-01-01 09:12:30,app-pod-1,44.80539979578934,52.81445234916768,177.20813320045667
2026-01-01 09:12:45,app-pod-1,40.1012178537876,47.588714848089914,146.66961598754398
2026-01-01 09:13:00,app-pod-1,39.45691099840756,54.517048563795456,158.34949172046169
2026-01-01 09:13:15,app-pod-1,48.049837293156386,59.881197374068925,196.24445647919688
2026-01-01 09:13:30,app-pod-1,40.51460941842572,54.37004319866738,162.4489636131888
2026-01-01 09:13:45,app-pod-1,40.13690054117429,28.65680867072368,153.43551795510842
2026-01-01 09:14:00,app-pod-1,43.13510420066508,52.39545606915761,165.17968039206485
2026-01-01 09:14:15,app-pod-1,42.96547616373045,51.13641927996116,177.0394635346724
2026-01-01 09:14:30,app-pod-1,40.51217057434607,48.18420313161482,159.65937834213182
2026-01-01 09:14:45,app-pod-1,42.28839139708637,52.65077214782385,151.87652051081244
2026-01-01 09:15:00,app-pod-1,46.87504345495169,54.11531478098882,159.04088313021015
2026-01-01 09:15:15,app-pod-1,40.752525033015985,51.91580460974709,154.0777728281008
2026-01-01 09:15:30,app-pod-1,38.97306229218414,45.941334565753934,135.15821811798963
2026-01-01 09:15:45,app-pod-1,45.96541884156021,59.66669633997461,171.32812553829982
2026-01-01 09:16:00,app-pod-1,44.59807131562425,55.1133708798011,172.04270649758794
2026-01-01 09:16:15,app-pod-1,41.243151705767474,51.582839146611434,162.78111922971192
2026-01-01 09:16:30,app-pod-1,38.341717913791456,49.307728708188336,143.37678417645196
2026-01-01 09:16:45,app-pod-1,40.837844713490675,54.37289783691129,196.2193954763852
2026-01-01 09:17:00,app-pod-1,42.89108173870664,55.13219615177209,152.64778145085705
2026-01-01 09:17:15,app-pod-1,46.53567605082495,52.01111296784602,204.2808910724058
2026-01-01 09:17:30,app-pod-1,39.912363073630004,52.89020605565748,157.21093214912787
2026-01-01 09:17:45,app-pod-1,42.75198307561048,50.79664935313755,161.14503643233303
2026-01-01 09:18:00,app-pod-1,45.01439494628837,61.0947104199035,188.87121994102256
2026-01-01 09:18:15,app-pod-1,35.82856173698033,50.56863227112106,136.52108367889622
2026-01-01 09:18:30,app-pod-1,46.057109615938096,49.1119301383482,172.12396816716085
2026-01-01 09:18:45,app-pod-1,39.39177133407784,59.22779338110581,184.41423387004045
2026-01-01 09:19:00,app-pod-1,43.91846607323008,40.232727071311906,142.75696359889628
2026-01-01 09:19:15,app-pod-1,43.645870207244265,53.738882848416196,170.9103734465911
2026-01-01 09:19:30,app-pod-1,46.14290574156948,48.81879737187221,187.42269727368978
2026-01-01 09:19:45,app-pod-1,44.52523018167847,60.57856259554002,199.22125872437766
2026-01-01 09:20:00,app-pod-1,35.723880718540855,46.270746829455035,136.91905940648115
2026-01-01 09:20:15,app-pod-1,40.48469430978609,44.37030869141466,201.8540059041694
2026-01-01 09:20:30,app-pod-1,43.236912019523004,48.93336485256818,184.33443399831572
2026-01-01 09:20:45,app-pod-1,42.22060629591241,45.98476711381073,133.3730330223326
2026-01-01 09:21:00,app-pod-1,44.22161222888201,49.42624366736701,155.0812079810146
2026-01-01 09:21:15,app-pod-1,45.14009857444203,49.9548309226619,184.11440430964467
2026-01-01 09:21:30,app-pod-1,44.5805577869925,47.45061110738948,161.1642372876161
2026-01-01 09:21:45,app-pod-1,42.09556624274612,50.81721542783541,176.59976364061015
2026-01-01 09:22:00,app-pod-1,37.182553372193844,47.98390817756935,141.9242667398033
2026-01-01 09:22:15,app-pod-1,41.33827885659854,43.955263243239145,147.4127193682138
2026-01-01 09:22:30,app-pod-1,43.936970127689776,42.464535274162856,161.27903990159137
2026-01-01 09:22:45,app-pod-1,39.39965190829185,49.13453859655215,170.37731170936277
2026-01-01 09:23:00,app-pod-1,44.54793076161505,53.8431542887282,147.8474198878431
2026-01-01 09:23:15,app-pod-1,45.36238431109009,55.404752827569226,197.1286596218438
2026-01-01 09:23:30,app-pod-1,43.00088815905644,52.85649361931014,188.12160572834392
2026-01-01 09:23:45,app-pod-1,33.4120154250853,51.25199467624466,128.67695964342286
2026-01-01 09:24:00,app-pod-1,38.752142732861344,52.111839347659256,133.94193128883617
2026-01-01 09:24:15,app-pod-1,48.2280131169256,67.1587501639258,201.25001560418835
2026-01-01 09:24:30,app-pod-1,40.91285512590267,64.14223457229659,156.35603074596705
2026-01-01 09:24:45,app-pod-1,36.58304676300241,36.817619795878116,123.60542184095358
2026-01-01 09:25:00,app-pod-1,46.224211608612,41.371254969849176,213.53394985363892
2026-01-01 09:25:15,app-pod-1,42.54151433373101,49.742103544378125,156.89985789609227
2026-01-01 09:25:30,app-pod-1,45.79923226577353,54.58062473544308,161.11466576214292
2026-01-01 09:25:45,app-pod-1,43.29823520901261,49.92933960128021,177.468703133164
2026-01-01 09:26:00,app-pod-1,43.8259701413889,54.196081329261034,174.28616902130062
2026-01-01 09:26:15,app-pod-1,43.522239210545095,49.11435707038969,196.38178238083105
2026-01-01 09:26:30,app-pod-1,44.508580343390186,47.686252423302506,172.32651724732523
2026-01-01 09:26:45,app-pod-1,49.2312959194404,51.747452844353056,191.37583892723632
2026-01-01 09:27:00,app-pod-1,45.29489799407425,50.705586750530955,186.20801545923942
2026-01-01 09:27:15,app-pod-1,37.62372071174225,50.55416621852032,153.48765166528975
2026-01-01 09:27:30,app-pod-1,43.68756817725081,48.147594240746415,178.20083843256322
2026-01-01 09:27:45,app-pod-1,45.75485620932504,50.583555831944004,187.09869729431628
2026-01-01 09:28:00,app-pod-1,45.9213319261216,54.99601656850689,186.15457212791924
2026-01-01 09:28:15,app-pod-1,41.01621550717807,47.717368867298696,157.81761754438497
2026-01-01 09:28:30,app-pod-1,45.77365011057171,57.625107830627144,195.58476439382034
2026-01-01 09:28:45,app-pod-1,45.044815681605435,46.933839815948495,174.78080168457845
2026-01-01 09:29:00,app-pod-1,49.96189791159818,49.29150975579129,211.9128461104296
2026-01-01 09:29:15,app-pod-1,39.977082939990794,49.50710322808527,180.72476308414147
2026-01-01 09:29:30,app-pod-1,40.68761441842742,50.50277240422317,152.58734466365559
2026-01-01 09:29:45,app-pod-1,41.274172472538375,44.56712326035979,201.16394117019013
2026-01-01 09:30:00,app-pod-1,40.70456213005808,55.211170497677784,152.12905494259854
2026-01-01 09:30:15,app-pod-1,39.48785080569311,57.266179612836304,147.37058054299564
2026-01-01 09:30:30,app-pod-1,33.85255654592945,40.55751851794704,143.510088656125
2026-01-01 09:30:45,app-pod-1,40.81914020352649,56.00990150612449,169.89999688002706
2026-01-01 09:31:00,app-pod-1,43.213953939957605,38.33910689796671,173.93304414248064
2026-01-01 09:31:15,app-pod-1,40.60884095557445,53.80675000249224,174.7091301419556
2026-01-01 09:31:30,app-pod-1,47.87726238965875,49.22526981711904,195.29850019618445
2026-01-01 09:31:45,app-pod-1,42.093844260632984,54.346054392303785,199.36150700503418
2026-01-01 09:32:00,app-pod-1,45.909387628593365,47.33019141023202,182.83916924627763
2026-01-01 09:32:15,app-pod-1,42.80313101965196,49.6197540406224,158.3951197548144
2026-01-01 09:32:30,app-pod-1,44.4806467281694,47.085874727009376,169.64694745975203
2026-01-01 09:32:45,app-pod-1,42.821690196682354,48.90577964876724,178.35662651267225
2026-01-01 09:33:00,app-pod-1,46.07284590712387,61.400612279638935,191.5806589283269
2026-01-01 09:33:15,app-pod-1,42.1168222992733,48.94208662652427,171.56442967585977
2026-01-01 09:33:30,app-pod-1,43.41986439234569,60.945413194271154,160.93690398831987
2026-01-01 09:33:45,app-pod-1,43.012984890798805,48.180026618094985,188.68166136235595
2026-01-01 09:34:00,app-pod-1,41.03159936064487,56.180943071485416,193.18125729290364
2026-01-01 09:34:15,app-pod-1,43.093858181247406,42.03723769430917,172.81381255341896
2026-01-01 09:34:30,app-pod-1,48.56451131765779,52.56261264546949,221.41711941779306
2026-01-01 09:34:45,app-pod-1,41.03258899340783,46.042262368758685,177.12419592026154
2026-01-01 09:35:00,app-pod-1,43.0845876458314,57.847739356067684,205.6186582030256
2026-01-01 09:35:15,app-pod-1,45.581928895332354,52.833594156913016,189.41737693985758
2026-01-01 09:35:30,app-pod-1,45.21173690982767,41.20779998864189,182.89599377590386
2026-01-01 09:35:45,app-pod-1,41.80849731420241,42.71529984632387,179.87000775150415
2026-01-01 09:36:00,app-pod-1,34.60553893697738,39.16056600898716,131.91838075782044
2026-01-01 09:36:15,app-pod-1,43.28815649834929,54.97196101940534,179.25938681129173
2026-01-01 09:36:30,app-pod-1,35.06195429584872,48.56840542537548,160.20856388269348
2026-01-01 09:36:45,app-pod-1,46.112503847642,50.7767555285438,196.74267222635066
2026-01-01 09:37:00,app-pod-1,42.19341492632847,46.79284148034206,168.3092948342385
2026-01-01 09:37:15,app-pod-1,44.666302626185036,54.84835304257979,181.6714444162136
2026-01-01 09:37:30,app-pod-1,38.943220522812894,41.61263890380923,167.13803381077838
2026-01-01 09:37:45,app-pod-1,36.974291026302595,48.17034860816358,158.76386325205848
2026-01-01 09:38:00,app-pod-1,42.3963222666423,51.54001557100077,180.83625481349716
2026-01-01 09:38:15,app-pod-1,41.49548064266185,47.67388848452947,171.07349415194173
2026-01-01 09:38:30,app-pod-1,40.10388653380822,50.06111039889433,148.04737654366477
2026-01-01 09:38:45,app-pod-1,41.814697126824356,49.780759754150466,157.2814955502063
2026-01-01 09:39:00,app-pod-1,49.845211476841456,57.37874550757172,206.2983473789685
2026-01-01 09:39:15,app-pod-1,44.028657223934424,44.149548514353626,188.58652018837367
2026-01-01 09:39:30,app-pod-1,44.65573946667181,54.331527529313774,189.15200122690982
2026-01-01 09:39:45,app-pod-1,44.02120369839292,55.947849236386396,165.9565640483056
2026-01-01 09:40:00,app-pod-1,45.909915158577505,53.741697713826476,181.37215009957058
2026-01-01 09:40:15,app-pod-1,40.883435761500756,51.62448428800803,145.91956308020914
2026-01-01 09:40:30,app-pod-1,35.27147528152638,44.14043611001965,120.2144709320331
2026-01-01 09:40:45,app-pod-1,40.852095622340045,53.05312976695325,164.63057199425666
2026-01-01 09:41:00,app-pod-1,43.835142381915574,51.01083530724017,195.7129149981965
2026-01-01 09:41:15,app-pod-1,38.47260173223275,41.19111480028987,155.38746693950318
2026-01-01 09:41:30,app-pod-1,40.834959188183696,52.685552206144884,191.9618681858402
2026-01-01 09:41:45,app-pod-1,39.27078841049427,39.31882064980712,154.62159407438415
2026-01-01 09:42:00,app-pod-1,45.834212494026055,53.49784746726015,183.80510809830767
2026-01-01 09:42:15,app-pod-1,43.55850940424388,48.56984233273582,159.36893425168827
2026-01-01 09:42:30,app-pod-1,43.246760381417886,48.03210351846896,167.77838177561523
2026-01-01 09:42:45,app-pod-1,43.13892918366325,51.0571941781953,154.70664323036186
2026-01-01 09:43:00,app-pod-1,41.14435079624499,45.25460460328152,141.39734392071844
2026-01-01 09:43:15,app-pod-1,41.8307273173218,51.84253919276442,149.7289400109636
2026-01-01 09:43:30,app-pod-1,37.66445127168325,46.64909905328828,151.93693143622372
2026-01-01 09:43:45,app-pod-1,34.642612269754416,41.1633588317671,127.51985487548345
2026-01-01 09:44:00,app-pod-1,41.63410146045001,55.834768872546604,159.03831358136793
2026-01-01 09:44:15,app-pod-1,42.13773539383687,50.520327827183294,174.6990001212174
2026-01-01 09:44:30,app-pod-1,44.775451599628354,54.49682078686225,155.86983081069133
2026-01-01 09:44:45,app-pod-1,45.84354534720279,59.17342539051406,184.58972227009772
2026-01-01 09:45:00,app-pod-1,45.82140011538888,59.07587275974407,196.00673200124123
2026-01-01 09:45:15,app-pod-1,38.09918742035661,49.56835846353056,166.41514204761995
2026-01-01 09:45:30,app-pod-1,40.018303435237634,46.49952139961732,167.82171948725062
2026-01-01 09:45:45,app-pod-1,42.4979285891907,42.600031074747434,169.20898030387406
2026-01-01 09:46:00,app-pod-1,48.6344537394677,55.077571120026114,185.1817315107151
2026-01-01 09:46:15,app-pod-1,45.46083818695223,57.29550830995349,180.6079714492021
2026-01-01 09:46:30,app-pod-1,44.36051981790501,52.82393796949993,202.2440276904698
2026-01-01 09:46:45,app-pod-1,39.82073912956242,30.651597141854207,163.37894955645353
2026-01-01 09:47:00,app-pod-1,38.3162656969329,51.171696761985366,151.66183473286767
2026-01-01 09:47:15,app-pod-1,43.31433678632565,54.97753152430666,181.71273866226153
2026-01-01 09:47:30,app-pod-1,37.62736486255778,44.83304443515888,151.2553231830907
2026-01-01 09:47:45,app-pod-1,40.195762116445295,53.07884185777932,164.16994272596568
2026-01-01 09:48:00,app-pod-1,40.54844685329476,51.523739869273214,158.49303009220807
2026-01-01 09:48:15,app-pod-1,45.65321353713634,48.52971551458529,176.3887878374248
2026-01-01 09:48:30,app-pod-1,39.792068990688755,54.21095387457055,174.10827986570345
2026-01-01 09:48:45,app-pod-1,33.52008269577719,37.12667327151346,104.82508542721817
2026-01-01 09:49:00,app-pod-1,42.332823370347285,49.34675300404842,176.51031953261298
2026-01-01 09:49:15,app-pod-1,38.70406880967612,46.30783660291286,147.66498044118546
2026-01-01 09:49:30,app-pod-1,40.91065953153325,44.51027091112937,135.06445116867195
2026-01-01 09:49:45,app-pod-1,40.504271614386006,49.871959468315026,147.3979451207578
2026-01-01 09:50:00,app-pod-1,39.92488017948317,54.4992606235035,159.15882937846465
2026-01-01 09:50:15,app-pod-1,43.09860757553312,56.407734662180125,173.91661873968835
2026-01-01 09:50:30,app-pod-1,36.11057209348375,48.8957215391482,155.5423552066367
2026-01-01 09:50:45,app-pod-1,39.139692209079115,38.9181720119539,168.67904235449066
2026-01-01 09:51:00,app-pod-1,42.72440405766438,43.22732133597947,147.6968917822492
2026-01-01 09:51:15,app-pod-1,38.81157872756628,47.998950708090234,160.90886870553598
2026-01-01 09:51:30,app-pod-1,35.80894298395626,44.89508488335167,154.1639315371666
2026-01-01 09:51:45,app-pod-1,42.62254654456041,47.34538344370071,173.7740254922226
2026-01-01 09:52:00,app-pod-1,43.96766917598872,60.30398441046626,183.40729898205572
2026-01-01 09:52:15,app-pod-1,40.44489182046657,48.840725040182306,132.79175518477032
2026-01-01 09:52:30,app-pod-1,34.67882021759876,46.987237858273225,123.86205602915798
2026-01-01 09:52:45,app-pod-1,42.66073325563353,54.8019826836857,191.1336380582659
2026-01-01 09:53:00,app-pod-1,35.544614828778336,45.15602262850713,137.9828344829918
2026-01-01 09:53:15,app-pod-1,41.43211823812034,61.957793606246085,199.07503167351888
2026-01-01 09:53:30,app-pod-1,37.82475836700841,41.77546934472737,132.1226972943086
2026-01-01 09:53:45,app-pod-1,36.98904893881098,42.86197630769708,171.4127793722316
2026-01-01 09:54:00,app-pod-1,39.12424124307991,42.6728402787434,147.33638077754998
2026-01-01 09:54:15,app-pod-1,39.88147068870143,55.73032091422751,172.46242249903108
2026-01-01 09:54:30,app-pod-1,38.480118258087,50.946512151754135,149.4897367999709
2026-01-01 09:54:45,app-pod-1,42.160220104910444,46.791394509844345,170.37605263822095
2026-01-01 09:55:00,app-pod-1,39.03725702783393,43.00669804470985,165.0821777226095
2026-01-01 09:55:15,app-pod-1,43.29738032528418,57.23261873071194,163.98922237953866
2026-01-01 09:55:30,app-pod-1,41.18165743057099,50.63559877809399,176.74322564540586
2026-01-01 09:55:45,app-pod-1,38.22678423575241,53.81083880810838,148.9190307421869
2026-01-01 09:56:00,app-pod-1,37.70294184670423,46.091312538785175,153.48251639252223
2026-01-01 09:56:15,app-pod-1,35.339565986722114,47.29537280287347,101.68069302175672
2026-01-01 09:56:30,app-pod-1,41.13553556839108,50.296013174093765,159.4821131572102
2026-01-01 09:56:45,app-pod-1,39.1808423314993,44.30603296017917,175.67649915127186
2026-01-01 09:57:00,app-pod-1,33.10927513735051,42.45577180210031,142.85725835618254
2026-01-01 09:57:15,app-pod-1,38.599961683648246,41.09845645706204,167.69803094974884
2026-01-01 09:57:30,app-pod-1,37.485236649051984,48.7101997729726,150.74071176412926
2026-01-01 09:57:45,app-pod-1,44.89659182496598,55.233858009210486,204.73048484323
2026-01-01 09:58:00,app-pod-1,35.04243142353416,49.48050799700051,144.49630644266819
2026-01-01 09:58:15,app-pod-1,35.807910992255515,48.39826216043389,133.3301427358964
2026-01-01 09:58:30,app-pod-1,43.44305639687679,49.76908879529863,186.59933871412133
2026-01-01 09:58:45,app-pod-1,44.16460898230134,58.67507951299586,190.4974113215315
2026-01-01 09:59:00,app-pod-1,37.840530724733604,50.94991394596124,160.80599127044619
2026-01-01 09:59:15,app-pod-1,38.160370114554105,53.654990588473396,146.5974721462663
2026-01-01 09:59:30,app-pod-1,41.88646984821249,56.5769624161005,171.76796197389854
2026-01-01 09:59:45,app-pod-1,33.03758839923614,42.49831360293084,153.0502265119405
2026-01-01 10:00:00,app-pod-1,34.41641894648333,46.03089054700452,144.82892570337688
2026-01-01 10:00:15,app-pod-1,39.13890010825902,51.270055993268706,134.38916238265324
2026-01-01 10:00:30,app-pod-1,44.611860443381865,45.48259337269518,169.01598608648476
2026-01-01 10:00:45,app-pod-1,38.63607506055287,41.410386680493005,144.4153201383231
2026-01-01 10:01:00,app-pod-1,40.22714044870962,41.66244008412134,149.59371061662725
2026-01-01 10:01:15,app-pod-1,43.306750830571026,49.77422513880027,141.55773878860833
2026-01-01 10:01:30,app-pod-1,46.20707836555732,50.678369559832134,213.1869763789962
2026-01-01 10:01:45,app-pod-1,38.136908135150286,39.51748255312901,139.40331834545808
2026-01-01 10:02:00,app-pod-1,39.79796103086906,48.60536386010173,147.13261948033104
2026-01-01 10:02:15,app-pod-1,45.29564279476109,51.228855372749805,152.05694435313714
2026-01-01 10:02:30,app-pod-1,35.24387353761188,50.58191232671328,153.97192892085226
2026-01-01 10:02:45,app-pod-1,42.87419713370678,60.07683338925703,170.1338157414877
2026-01-01 10:03:00,app-pod-1,36.71747823285532,47.98448646506989,141.6062088551778
2026-01-01 10:03:15,app-pod-1,40.06080121081993,44.55940824074277,155.77318455657147
2026-01-01 10:03:30,app-pod-1,39.00647464121534,50.53815413558608,164.8429644488657
2026-01-01 10:03:45,app-pod-1,36.84123307222311,45.83537776715855,140.16460962876613
2026-01-01 10:04:00,app-pod-1,36.746886621951916,44.52219436645885,117.15403054754401
2026-01-01 10:04:15,app-pod-1,40.506348490675364,44.04643833757369,142.65235484800104
2026-01-01 10:04:30,app-pod-1,42.64462486048879,47.53013720623211,150.42642729091995
2026-01-01 10:04:45,app-pod-1,39.249688252346715,46.58582672027356,161.12852063054567
2026-01-01 10:05:00,app-pod-1,39.8301148545874,51.90156235903842,173.27074502634682
2026-01-01 10:05:15,app-pod-1,41.31416464705337,51.47504315497669,187.24374303626573
2026-01-01 10:05:30,app-pod-1,36.66664177501725,54.79452995715455,122.1431508410502
2026-01-01 10:05:45,app-pod-1,41.781419864034326,52.618684274056385,176.4297308399261
2026-01-01 10:06:00,app-pod-1,42.001204496371415,51.52231777027179,158.77875010241934
2026-01-01 10:06:15,app-pod-1,47.334875612304394,51.603261101250204,233.19137361645073
2026-01-01 10:06:30,app-pod-1,38.376494322520486,41.676231116530786,174.2592892498505
2026-01-01 10:06:45,app-pod-1,38.11136035746021,43.82848504095642,177.97387261185818
2026-01-01 10:07:00,app-pod-1,41.77329095841811,45.742110357083035,179.12976113737204
2026-01-01 10:07:15,app-pod-1,41.904482167493576,36.528603427586475,173.3462516171022
2026-01-01 10:07:30,app-pod-1,37.82267327638982,41.43271238060201,145.2519485450005
2026-01-01 10:07:45,app-pod-1,38.199200563082954,54.75048920098793,143.80699008995424
2026-01-01 10:08:00,app-pod-1,41.012823770371945,50.551977704055325,152.04971877712308
2026-01-01 10:08:15,app-pod-1,36.88741002276465,43.93856773920977,156.8132749619886
2026-01-01 10:08:30,app-pod-1,38.11928112050832,48.67589589505593,175.88316646956275
2026-01-01 10:08:45,app-pod-1,39.60037059951843,37.953236791016025,153.0493647872279
2026-01-01 10:09:00,app-pod-1,42.300106460969005,51.020563104990416,158.36519369413162
2026-01-01 10:09:15,app-pod-1,37.4791815862496,52.622888426112134,127.66417526786118
2026-01-01 10:09:30,app-pod-1,33.746500019159846,43.01697027796499,138.65637510254214
2026-01-01 10:09:45,app-pod-1,33.50452593833237,34.593220525589814,152.45711596857728
2026-01-01 10:10:00,app-pod-1,35.45673306458228,42.75001047132411,161.01684209912645
2026-01-01 10:10:15,app-pod-1,35.2761120451132,51.08958840649484,161.78102928430624
2026-01-01 10:10:30,app-pod-1,38.73241489309747,48.40583870965658,161.16075876731637
2026-01-01 10:10:45,app-pod-1,35.610227734686674,37.83560894031284,143.79374049869526
2026-01-01 10:11:00,app-pod-1,37.04921342287553,57.77259529193222,167.4306376217234
2026-01-01 10:11:15,app-pod-1,36.81581985766227,39.50203131913792,130.6123604983601
2026-01-01 10:11:30,app-pod-1,37.79714226682857,45.24337667871393,144.57589516928397
2026-01-01 10:11:45,app-pod-1,43.066756330299064,44.959799427948326,197.92974652670546
2026-01-01 10:12:00,app-pod-1,41.06565276308248,43.56594685958973,148.1435282059576
2026-01-01 10:12:15,app-pod-1,39.10875409550825,45.11537228818,155.9181443900664
2026-01-01 10:12:30,app-pod-1,37.65783208179188,49.5412332564847,160.1012874127834
2026-01-01 10:12:45,app-pod-1,37.721747269634,52.85788031484181,152.1274674084083
2026-01-01 10:13:00,app-pod-1,39.985208230604556,46.058804901260885,177.18209552171402
2026-01-01 10:13:15,app-pod-1,40.73498891050338,43.46377446642774,185.82512817464195
2026-01-01 10:13:30,app-pod-1,36.24013135348265,47.76128853073689,152.15549021811816
2026-01-01 10:13:45,app-pod-1,39.05291765480592,49.87686025301008,177.06261150558507
2026-01-01 10:14:00,app-pod-1,32.829097556207095,44.18224996711221,117.38625825787109
2026-01-01 10:14:15,app-pod-1,39.539567870221155,49.056396573688474,155.79518296009525
2026-01-01 10:14:30,app-pod-1,41.171333903617516,48.25710150081385,200.76320331337547
2026-01-01 10:14:45,app-pod-1,38.02512938490109,47.10834484221017,181.24447385717534
2026-01-01 10:15:00,app-pod-1,44.295354792800346,50.09849271184238,158.02733091136287
2026-01-01 10:15:15,app-pod-1,36.18248647521863,50.678959167838656,144.53850977324257
2026-01-01 10:15:30,app-pod-1,39.458940574182705,58.76355590545728,159.8768816945817
2026-01-01 10:15:45,app-pod-1,38.679552119922015,47.973952242481374,160.96609405094912
2026-01-01 10:16:00,app-pod-1,38.46652993345132,46.89370971355912,172.97675965944282
2026-01-01 10:16:15,app-pod-1,38.40484257517004,48.162696631069366,181.20675654474678
2026-01-01 10:16:30,app-pod-1,39.04949990349525,44.045040927530216,156.7592422479071
2026-01-01 10:16:45,app-pod-1,41.252426392371454,52.70159033018412,181.83949251894185
2026-01-01 10:17:00,app-pod-1,42.82211385691258,52.181361745244445,181.01139667424312
2026-01-01 10:17:15,app-pod-1,38.66249906165415,44.96139830294445,154.33303457644763
2026-01-01 10:17:30,app-pod-1,41.09553234311822,53.27720673539515,138.90975675700213
2026-01-01 10:17:45,app-pod-1,36.52460732699852,45.6621739706259,161.37553360857981
2026-01-01 10:18:00,app-pod-1,40.9080882943446,43.785378613669344,172.71025886065863
2026-01-01 10:18:15,app-pod-1,36.30455088964833,47.17120784986864,151.0620420102935
2026-01-01 10:18:30,app-pod-1,41.84279857239054,50.47492151767001,152.65220571434298
2026-01-01 10:18:45,app-pod-1,45.18302450078536,56.430207881102874,210.1191571022311
2026-01-01 10:19:00,app-pod-1,38.165123134114985,50.87332094425473,154.94757077319287
2026-01-01 10:19:15,app-pod-1,31.934007103447964,41.80767331926977,110.61539478154869
2026-01-01 10:19:30,app-pod-1,36.847671425879795,43.4329353160482,127.85588000645318
2026-01-01 10:19:45,app-pod-1,42.1677581736269,49.52614947182782,178.8331187014661
2026-01-01 10:20:00,app-pod-1,40.111595595889725,49.89466131546609,171.05512847966307
2026-01-01 10:20:15,app-pod-1,39.17932843732598,49.84430179495343,149.77216139960416
2026-01-01 10:20:30,app-pod-1,41.4388050816178,50.51422459781305,172.69459774642561
2026-01-01 10:20:45,app-pod-1,39.846362693461955,47.43864416806453,169.39954591191298
2026-01-01 10:21:00,app-pod-1,42.02637031310197,54.4025443192875,170.2043595673617
2026-01-01 10:21:15,app-pod-1,41.111648192359176,45.40664426418504,153.92647595527114
2026-01-01 10:21:30,app-pod-1,42.89865099251771,62.42607295553651,186.01494320758025
2026-01-01 10:21:45,app-pod-1,39.390100441726176,51.38842220997712,170.12487142427258
2026-01-01 10:22:00,app-pod-1,41.00964305760665,43.06932312447461,172.553772831167
2026-01-01 10:22:15,app-pod-1,37.35262642801814,47.07298515429478,136.90452756040293
2026-01-01 10:22:30,app-pod-1,36.449758161410884,49.378248303148276,125.83354524307904
2026-01-01 10:22:45,app-pod-1,43.35456664445893,48.6013511235227,174.5661252339223
2026-01-01 10:23:00,app-pod-1,38.8629910812376,39.728373518982785,169.39553122416726
2026-01-01 10:23:15,app-pod-1,40.609122304541046,43.23106590518425,178.04208243259268
2026-01-01 10:23:30,app-pod-1,38.545794454164266,49.69252083964274,162.9489053281562
2026-01-01 10:23:45,app-pod-1,36.39511153512484,36.70349571174553,138.82363346879754
2026-01-01 10:24:00,app-pod-1,38.167681539263214,39.47065421825414,140.60761515714015
2026-01-01 10:24:15,app-pod-1,42.42277960883679,52.38011946085538,169.43811598539642
2026-01-01 10:24:30,app-pod-1,39.76057281649718,46.71965488731388,158.93153139661334
2026-01-01 10:24:45,app-pod-1,32.94047852043317,39.57943301627923,148.3713434797129
2026-01-01 10:25:00,app-pod-1,37.40920042744629,43.712779562599735,142.44108576496828
2026-01-01 10:25:15,app-pod-1,43.381841388179296,43.01321990750391,167.5776264033523
2026-01-01 10:25:30,app-pod-1,37.37358607651295,48.58377740583379,180.31921081014332
2026-01-01 10:25:45,app-pod-1,32.59354770174362,38.782765616133304,153.64252435277766
2026-01-01 10:26:00,app-pod-1,43.65412803477256,47.879128701421436,161.3748055216289
2026-01-01 10:26:15,app-pod-1,40.0021470199786,49.73542859692091,182.03986656411982
2026-01-01 10:26:30,app-pod-1,37.72490956042602,45.124299015027134,134.0714120431704
2026-01-01 10:26:45,app-pod-1,36.80066413305497,42.2371983449668,140.69177579507598
2026-01-01 10:27:00,app-pod-1,41.14193291706056,38.852160918322745,159.76407920094454
2026-01-01 10:27:15,app-pod-1,36.248877319184444,47.21134335276818,143.83163493551814
2026-01-01 10:27:30,app-pod-1,41.29953781523945,49.30464130870962,174.4944963189222
2026-01-01 10:27:45,app-pod-1,39.46128607421189,45.03596296353146,159.44224407113643
2026-01-01 10:28:00,app-pod-1,38.54866834624753,41.79707231503904,163.41558370077067
2026-01-01 10:28:15,app-pod-1,38.23108003982797,46.8255684211472,146.89670722090816
2026-01-01 10:28:30,app-pod-1,37.24953529290538,48.47703350766261,154.61148053072523
2026-01-01 10:28:45,app-pod-1,40.89125429200622,49.11267241102587,164.74951974519837
2026-01-01 10:29:00,app-pod-1,35.13819073643092,52.78706111796241,119.7278118291872
2026-01-01 10:29:15,app-pod-1,32.848319950566,46.51769647842134,138.63843293263
2026-01-01 10:29:30,app-pod-1,39.537282618962145,47.139682384903296,159.58996100314286
2026-01-01 10:29:45,app-pod-1,39.56753499857873,51.38866827948793,147.5614962763698
2026-01-01 10:30:00,app-pod-1,39.0943921048371,47.60938586534136,150.00493649290706
2026-01-01 10:30:15,app-pod-1,38.85669328189072,47.42564906993677,149.4219619559493
2026-01-01 10:30:30,app-pod-1,36.651717480558254,52.13802122294589,142.93309280586058
2026-01-01 10:30:45,app-pod-1,39.95560811206123,43.478636287740265,186.206804257726
2026-01-01 10:31:00,app-pod-1,37.43629796678504,46.321956817024315,181.09900845187605
2026-01-01 10:31:15,app-pod-1,36.09143500157891,51.21255451435326,103.47515975614398
2026-01-01 10:31:30,app-pod-1,36.59689609709802,47.16278005884307,153.71020034075016
2026-01-01 10:31:45,app-pod-1,43.574274516938445,48.656727235013015,188.62136859539163
2026-01-01 10:32:00,app-pod-1,32.28720362218195,34.07024370865651,125.90766281854081
2026-01-01 10:32:15,app-pod-1,38.971263713937724,35.92814988878786,169.80640612747797
2026-01-01 10:32:30,app-pod-1,32.41432676001091,53.070934680811376,154.46982237073485
2026-01-01 10:32:45,app-pod-1,37.10670780292994,47.51725456830501,127.84920135895848
2026-01-01 10:33:00,app-pod-1,36.11026629473416,42.3568207108826,146.44749347231152
2026-01-01 10:33:15,app-pod-1,31.135795973842505,43.542341627338956,153.89439155206585
2026-01-01 10:33:30,app-pod-1,38.537716954373394,42.238031176544624,135.58438830252015
2026-01-01 10:33:45,app-pod-1,36.21020454531748,43.691136794740906,143.11233306444672
2026-01-01 10:34:00,app-pod-1,31.032405506802213,37.01798188979672,117.40366288579744
2026-01-01 10:34:15,app-pod-1,39.82842588731879,40.813530198300626,175.0920946504702
2026-01-01 10:34:30,app-pod-1,41.594428531549795,38.59117524289525,184.24640333414357
2026-01-01 10:34:45,app-pod-1,41.739462733305594,41.229336952169746,169.39276130537561
2026-01-01 10:35:00,app-pod-1,38.32563008762845,51.93437988102721,153.78565980416653
2026-01-01 10:35:15,app-pod-1,37.36659761527845,41.222208524644756,123.67917277829419
2026-01-01 10:35:30,app-pod-1,41.19254689492238,51.50924338546007,186.11522539685856
2026-01-01 10:35:45,app-pod-1,42.234873043968136,54.347648080003765,163.64199744551914
2026-01-01 10:36:00,app-pod-1,40.56806509953288,48.480543995710306,160.13738452128626
2026-01-01 10:36:15,app-pod-1,34.322374358650606,42.532825989450075,151.86349447389586
2026-01-01 10:36:30,app-pod-1,37.73064139513528,47.07656357923301,153.88656071277543
2026-01-01 10:36:45,app-pod-1,38.42476645848261,44.814234688317256,168.75669509010282
2026-01-01 10:37:00,app-pod-1,31.656969853202636,48.17942520752499,135.67903145229266
2026-01-01 10:37:15,app-pod-1,38.473497041661766,56.314117299885694,156.95079407918314
2026-01-01 10:37:30,app-pod-1,43.86397643636283,57.95384265730876,180.11254667250483
2026-01-01 10:37:45,app-pod-1,38.94438696852336,36.50325470409851,138.93595667544727
2026-01-01 10:38:00,app-pod-1,41.42438686951461,46.81193701435966,163.4628455355681
2026-01-01 10:38:15,app-pod-1,37.53245263532677,46.293512538634516,166.39051629026227
2026-01-01 10:38:30,app-pod-1,36.74360598274427,48.0358139900337,133.49482314509723
2026-01-01 10:38:45,app-pod-1,38.086619349028204,38.0240608558095,141.617336215641
2026-01-01 10:39:00,app-pod-1,34.47486119759657,35.415184536472765,124.70508047970021
2026-01-01 10:39:15,app-pod-1,34.010543305636716,50.34132906207266,138.34288217613766
2026-01-01 10:39:30,app-pod-1,40.680302052023634,45.68061484336764,183.7591409996605
2026-01-01 10:39:45,app-pod-1,40.97792673404635,41.24751702156628,172.11910685185634
2026-01-01 10:40:00,app-pod-1,33.86708391975133,38.188754705211124,102.8138969811096
2026-01-01 10:40:15,app-pod-1,39.72389430176629,49.75909922779748,168.62495220917847
2026-01-01 10:40:30,app-pod-1,36.53850486780183,41.4642149751438,139.52266865240728
2026-01-01 10:40:45,app-pod-1,37.798289333938996,47.66693074467754,158.83389262289666
2026-01-01 10:41:00,app-pod-1,38.13899027837173,41.80365638112769,150.31345848346172
2026-01-01 10:41:15,app-pod-1,39.72084847221736,39.08359329363205,145.97654554528842
2026-01-01 10:41:30,app-pod-1,36.965406363828414,52.997685270786505,146.78955158067927
2026-01-01 10:41:45,app-pod-1,40.9271844416028,50.63997866556683,157.08668626078799
2026-01-01 10:42:00,app-pod-1,37.6043757039552,44.654308686578055,155.0332270391517
2026-01-01 10:42:15,app-pod-1,38.528120787048856,44.362875942526145,140.82240744351304
2026-01-01 10:42:30,app-pod-1,34.13520306045531,51.21914398769489,119.66926442475105
2026-01-01 10:42:45,app-pod-1,43.090382837555254,53.1209182139323,183.34275906237315
2026-01-01 10:43:00,app-pod-1,38.00328767487065,52.33636653058825,168.64574321997904
2026-01-01 10:43:15,app-pod-1,38.71220443505106,44.18007971708974,163.54968463395153
2026-01-01 10:43:30,app-pod-1,31.728046157599252,42.462965011217364,117.18059211030327
2026-01-01 10:43:45,app-pod-1,34.06388115719514,45.85571139001925,125.15447560353343
2026-01-01 10:44:00,app-pod-1,40.22501415289933,45.40716436046032,150.66271811393116
2026-01-01 10:44:15,app-pod-1,37.35140455878466,45.66832264613106,162.76154218139507
2026-01-01 10:44:30,app-pod-1,30.728752390786923,38.59207497413459,110.53927669102498
2026-01-01 10:44:45,app-pod-1,39.56431407475446,49.69031583983921,171.5178639434593
2026-01-01 10:45:00,app-pod-1,34.79744089300507,37.75123780585064,148.7433109338823
2026-01-01 10:45:15,app-pod-1,40.64207763226212,51.30930443881877,181.13421525205476
2026-01-01 10:45:30,app-pod-1,36.12394938228489,46.840330576313974,160.44309371396082
2026-01-01 10:45:45,app-pod-1,36.98089861911259,44.870086390842204,156.0634282106691
2026-01-01 10:46:00,app-pod-1,39.882956863876785,50.16565553297417,137.50160970500536
2026-01-01 10:46:15,app-pod-1,33.63292123129839,41.718342543243985,143.68361056304715
2026-01-01 10:46:30,app-pod-1,33.32615920945358,39.97765773998107,135.0367377182997
2026-01-01 10:46:45,app-pod-1,35.69449635881838,47.70477822511626,137.17917935366958
2026-01-01 10:47:00,app-pod-1,38.744794528538655,50.05642619574892,175.41254183017224
2026-01-01 10:47:15,app-pod-1,32.249921428751406,40.03859380608081,126.72965067235972
2026-01-01 10:47:30,app-pod-1,31.217719015754525,38.88714184981288,116.92914230877199
2026-01-01 10:47:45,app-pod-1,38.67224782196351,46.15570605657217,171.54983380675853
2026-01-01 10:48:00,app-pod-1,34.37140494979794,41.299955200788474,131.4092294450247
2026-01-01 10:48:15,app-pod-1,34.98290934134631,52.113632088353754,131.23923905604482
2026-01-01 10:48:30,app-pod-1,30.568396337529904,42.98025600724196,105.3662738166123
2026-01-01 10:48:45,app-pod-1,34.08112245887513,43.92978688894866,124.02184951431539
2026-01-01 10:49:00,app-pod-1,36.07458409066676,40.58858399502159,133.28249625392706
2026-01-01 10:49:15,app-pod-1,38.86763787682624,50.90229374896157,164.78626434203673
2026-01-01 10:49:30,app-pod-1,33.74202489814758,40.56139292898122,119.68201501231066
2026-01-01 10:49:45,app-pod-1,41.00704764467643,45.4411967958683,136.16060744017832
2026-01-01 10:50:00,app-pod-1,33.96044791754606,47.63538685766517,140.39023867860658
2026-01-01 10:50:15,app-pod-1,33.944030135169605,45.69743469957821,126.26685115821402
2026-01-01 10:50:30,app-pod-1,40.584560613953954,35.89195438408998,162.09423868767237
2026-01-01 10:50:45,app-pod-1,36.58604372695456,44.82137679004664,165.5804145443117
2026-01-01 10:51:00,app-pod-1,34.27475731247669,44.61992822147178,138.1722004422867
2026-01-01 10:51:15,app-pod-1,35.444593278452594,43.11323451601101,164.422689845153
2026-01-01 10:51:30,app-pod-1,39.94836754473422,48.76567560976298,158.77126711345676
2026-01-01 10:51:45,app-pod-1,40.266902403534175,39.138391667928865,176.17195683448435
2026-01-01 10:52:00,app-pod-1,33.39705455664397,29.222835192947155,125.37680974526869
2026-01-01 10:52:15,app-pod-1,35.6992658560849,40.11214490740807,144.41242318012314
2026-01-01 10:52:30,app-pod-1,36.076164028091966,46.66455042850012,130.31013607306102
2026-01-01 10:52:45,app-pod-1,32.82609256404393,26.8534836522263,119.09138364740483
2026-01-01 10:53:00,app-pod-1,35.5968702047318,40.70007880711472,139.01748437458986
2026-01-01 10:53:15,app-pod-1,35.758999552562855,35.41749484079706,123.10798739179711
2026-01-01 10:53:30,app-pod-1,39.1427581828443,46.18680986533427,158.96143230746017
2026-01-01 10:53:45,app-pod-1,39.323496796965024,57.31594404765477,152.75258745494187
2026-01-01 10:54:00,app-pod-1,34.69267869900143,43.198995115980495,142.28941376275995
2026-01-01 10:54:15,app-pod-1,35.01752588547954,43.97475389318134,120.37223877403551
2026-01-01 10:54:30,app-pod-1,37.63133391204374,50.53808844237178,161.05132030794135
2026-01-01 10:54:45,app-pod-1,33.86195663864482,43.80990243610424,160.91203153665018
2026-01-01 10:55:00,app-pod-1,37.36250073583206,45.07879166413574,171.7479994321672
2026-01-01 10:55:15,app-pod-1,35.311912454269965,49.351568338713996,169.80624776010325
2026-01-01 10:55:30,app-pod-1,32.64648118440998,45.21197258164601,131.222389656387
2026-01-01 10:55:45,app-pod-1,32.663205170660206,44.30737242729441,125.36790288259184
2026-01-01 10:56:00,app-pod-1,39.8539232044333,47.20384548026598,166.72944591578374
2026-01-01 10:56:15,app-pod-1,35.02250792626876,42.78543202475281,136.51673516763609
2026-01-01 10:56:30,app-pod-1,40.39185335802817,52.86015177677803,135.46085619548808
2026-01-01 10:56:45,app-pod-1,33.908894497064914,42.053913048549575,147.92507069409936
2026-01-01 10:57:00,app-pod-1,36.30242460069596,51.56796161726724,141.69367020914916
2026-01-01 10:57:15,app-pod-1,42.585838424644834,44.574355065804966,148.33306206240658
2026-01-01 10:57:30,app-pod-1,32.21464084507469,49.71916836408117,121.23432940146479
2026-01-01 10:57:45,app-pod-1,29.67234399302211,43.13084121055756,115.51447368458304
2026-01-01 10:58:00,app-pod-1,39.20453791542684,42.60050192553876,156.99563943526587
2026-01-01 10:58:15,app-pod-1,32.84331387442833,45.535212884861366,131.7309304568762
2026-01-01 10:58:30,app-pod-1,35.240589432549456,41.41689811119822,161.49765390661565
2026-01-01 10:58:45,app-pod-1,33.523914918019216,43.63388071435082,114.76755233509084
2026-01-01 10:59:00,app-pod-1,36.06511263202545,42.81244315669156,141.9782879346002
2026-01-01 10:59:15,app-pod-1,32.38796414770953,42.007014082731274,116.3673989521821
2026-01-01 10:59:30,app-pod-1,34.678694751095264,48.982240294816016,157.55730277303138
2026-01-01 10:59:45,app-pod-1,36.546897030321254,48.17538618195831,137.7657765252006
2026-01-01 11:00:00,app-pod-1,32.15145424322763,36.87919101141395,123.4483694101946
2026-01-01 11:00:15,app-pod-1,33.05505250507544,37.79805454526061,147.96564050072243
2026-01-01 11:00:30,app-pod-1,34.092073650823046,45.2183296069028,156.23991693995026
2026-01-01 11:00:45,app-pod-1,30.82668729727446,43.294616742571,145.39610225730456
2026-01-01 11:01:00,app-pod-1,33.824356015714315,40.30482431406453,110.65072762798124
2026-01-01 11:01:15,app-pod-1,35.427327888899896,52.75570693714011,148.95302309592023
2026-01-01 11:01:30,app-pod-1,33.851184715537876,47.76330398722449,139.45649303222692
2026-01-01 11:01:45,app-pod-1,34.21458932376644,40.82233069971254,136.08996511186504
2026-01-01 11:02:00,app-pod-1,34.94789506836907,40.85224996877838,140.79010193996163
2026-01-01 11:02:15,app-pod-1,33.019245013717295,41.97440544103587,151.3635891392447
2026-01-01 11:02:30,app-pod-1,37.03853248507496,44.267700684181676,163.73296834596908
2026-01-01 11:02:45,app-pod-1,39.252142640018,53.75728731667148,170.46226895991202
2026-01-01 11:03:00,app-pod-1,33.52992468399352,48.3935621437699,137.22341171321096
2026-01-01 11:03:15,app-pod-1,36.357512291966614,45.62560617188358,179.48891084411235
2026-01-01 11:03:30,app-pod-1,34.16191203533419,47.30286622918001,130.6383054815171
2026-01-01 11:03:45,app-pod-1,35.9560656331808,49.2841220749493,119.58484127885687
2026-01-01 11:04:00,app-pod-1,39.53577650560312,47.966347195254855,154.1644457996085
2026-01-01 11:04:15,app-pod-1,36.343245097661956,47.45336496520882,146.23904656348284
2026-01-01 11:04:30,app-pod-1,29.475845676671295,43.60402974413132,137.451144172453
2026-01-01 11:04:45,app-pod-1,36.13689330501123,47.73385393175228,136.88290226730288
2026-01-01 11:05:00,app-pod-1,38.45230907645048,43.022597211136386,161.17768741623803
2026-01-01 11:05:15,app-pod-1,34.06773511587788,40.4588657943842,114.11227634782543
2026-01-01 11:05:30,app-pod-1,37.698228192289314,44.94578642617227,167.01418131311772
2026-01-01 11:05:45,app-pod-1,32.6197716924844,39.300518789504636,131.50387798677627
2026-01-01 11:06:00,app-pod-1,30.21228979855129,33.78309999580763,116.64081812159213
2026-01-01 11:06:15,app-pod-1,35.0711977392066,47.929598222189824,172.25957731817581
2026-01-01 11:06:30,app-pod-1,29.35703839571891,42.28196751134824,133.4767597770272
2026-01-01 11:06:45,app-pod-1,33.88592788943727,37.02331664114335,119.94608337960624
2026-01-01 11:07:00,app-pod-1,38.4445346063848,45.706590665831676,152.1372618056988
2026-01-01 11:07:15,app-pod-1,28.833480536975244,39.26200728961953,156.37871524796577
2026-01-01 11:07:30,app-pod-1,30.70303487294577,42.40184655361173,152.49439128990153
2026-01-01 11:07:45,app-pod-1,31.424179127662168,36.58731314612522,139.54116346491162
2026-01-01 11:08:00,app-pod-1,34.30906150774441,37.24637187544902,109.53052397666946
2026-01-01 11:08:15,app-pod-1,33.38061060023135,45.96504990033149,153.50469648062628
2026-01-01 11:08:30,app-pod-1,38.653904644410844,39.38792318974448,145.08784113611927
2026-01-01 11:08:45,app-pod-1,37.29826972591425,44.94547134286666,169.04584791635725
2026-01-01 11:09:00,app-pod-1,35.89976753863582,43.49945134825394,132.7590428712195
2026-01-01 11:09:15,app-pod-1,34.82955835304344,43.76426925599648,146.65067660561925
2026-01-01 11:09:30,app-pod-1,35.55107022366177,46.14933726245249,132.6000414983822
2026-01-01 11:09:45,app-pod-1,31.764142107905514,50.22775256459089,121.60736380338028
2026-01-01 11:10:00,app-pod-1,36.9004233394319,37.832835334647825,156.93464289934693
2026-01-01 11:10:15,app-pod-1,30.9713574697204,46.06285814246802,104.10195352881381
2026-01-01 11:10:30,app-pod-1,36.79231404300771,33.19383029944851,182.7555266832244
2026-01-01 11:10:45,app-pod-1,37.82329829598124,53.444864551273454,135.88487117574437
2026-01-01 11:11:00,app-pod-1,34.8761472493932,34.19895637188945,123.25733560673699
2026-01-01 11:11:15,app-pod-1,33.69359187029339,55.76748749937933,144.15137400010292
2026-01-01 11:11:30,app-pod-1,35.40183335207667,42.83244419906789,160.98645045764525
2026-01-01 11:11:45,app-pod-1,25.595016098109696,44.36842657254196,97.52452289370507
2026-01-01 11:12:00,app-pod-1,35.065008471811566,49.96628604732242,124.18799562592973
2026-01-01 11:12:15,app-pod-1,33.79682948284826,41.475335181471735,121.35163430107636
2026-01-01 11:12:30,app-pod-1,33.96365987467373,41.975815821333605,120.4043459337101
2026-01-01 11:12:45,app-pod-1,36.213789592881085,41.16385789935538,149.4778528245045
2026-01-01 11:13:00,app-pod-1,33.84852825810937,47.630820612898006,134.34432123118975
2026-01-01 11:13:15,app-pod-1,30.63085257515208,39.32425628151411,128.91089943418808
2026-01-01 11:13:30,app-pod-1,33.605898434036206,39.42921126357167,139.89663515025612
2026-01-01 11:13:45,app-pod-1,34.21140140469089,46.63436104306438,149.21028994366858
2026-01-01 11:14:00,app-pod-1,34.33216042308699,39.54663008913215,131.17948139430672
2026-01-01 11:14:15,app-pod-1,34.45173578149002,42.471303588283,126.73387204284374
2026-01-01 11:14:30,app-pod-1,37.06269908651819,46.4794186849237,150.5952073715861
2026-01-01 11:14:45,app-pod-1,30.66509787107176,38.25342106344389,121.83554134328885
2026-01-01 11:15:00,app-pod-1,34.428907808817115,41.642492061572305,141.5099114506618
2026-01-01 11:15:15,app-pod-1,37.750195803520604,54.100053068161714,140.32508909868898
2026-01-01 11:15:30,app-pod-1,28.655167866856353,39.037441505373714,124.25393080921236
2026-01-01 11:15:45,app-pod-1,34.37653345813819,42.26543862177867,119.83053464964104
2026-01-01 11:16:00,app-pod-1,32.06004440161177,41.566405390784624,121.63440771551808
2026-01-01 11:16:15,app-pod-1,32.68263070492741,45.150116435944526,147.66614281870486
2026-01-01 11:16:30,app-pod-1,31.058916784087845,36.57192333549217,107.26594275100906
2026-01-01 11:16:45,app-pod-1,33.24326009207367,45.4063590667435,148.72668605318432
2026-01-01 11:17:00,app-pod-1,39.2542475634554,48.757074244714985,135.88049965714737
2026-01-01 11:17:15,app-pod-1,29.915753678700185,31.99775065471954,95.88462660031327
2026-01-01 11:17:30,app-pod-1,30.178774383416783,50.096420085435554,98.30716363327578
2026-01-01 11:17:45,app-pod-1,29.760355921060675,48.1363169485585,120.79351619292575
2026-01-01 11:18:00,app-pod-1,38.826965369727255,43.17606109508489,166.25179773555294
2026-01-01 11:18:15,app-pod-1,32.23623793468725,36.95323386579466,148.33386329708514
2026-01-01 11:18:30,app-pod-1,33.52488210026037,44.60767495530847,152.29258975809327
2026-01-01 11:18:45,app-pod-1,32.37198840221393,35.53107544239331,142.4284323826896
2026-01-01 11:19:00,app-pod-1,30.725602274267562,48.32933636049857,110.42565731920295
2026-01-01 11:19:15,app-pod-1,32.83194841883566,40.640095214423,118.72024066594408
2026-01-01 11:19:30,app-pod-1,40.89065641589678,56.732494132671825,175.37951048638016
2026-01-01 11:19:45,app-pod-1,37.670659417977056,42.247444740652604,172.00226427152427
2026-01-01 11:20:00,app-pod-1,30.91415009996179,41.07889464213965,108.18948720119216
2026-01-01 11:20:15,app-pod-1,35.39419862828809,51.11200207268849,160.98678460398895
2026-01-01 11:20:30,app-pod-1,30.935416659916353,40.0385942637473,94.93660461532653
2026-01-01 11:20:45,app-pod-1,28.079386638810096,41.016029363045774,118.16642296427023
2026-01-01 11:21:00,app-pod-1,36.44552282997439,50.975159759172136,144.2249823032593
2026-01-01 11:21:15,app-pod-1,36.84576510832384,43.01179832165585,144.32021426074073
2026-01-01 11:21:30,app-pod-1,36.48213580831781,39.22879961308401,146.39761019376664
2026-01-01 11:21:45,app-pod-1,31.91287181525659,35.04545728914172,114.84553445240489
2026-01-01 11:22:00,app-pod-1,32.80062491520761,45.8776011878347,137.89367118416138
2026-01-01 11:22:15,app-pod-1,35.52872940464469,46.81400251823938,143.02494483047005
2026-01-01 11:22:30,app-pod-1,34.4323975799361,49.41099417136072,151.759262554794
2026-01-01 11:22:45,app-pod-1,32.05546990159757,41.06860533620535,152.07773555632215
2026-01-01 11:23:00,app-pod-1,28.357635851722023,32.6966588082027,115.33429709751006
2026-01-01 11:23:15,app-pod-1,33.534942065701244,31.710697914582987,121.85899277222809
2026-01-01 11:23:30,app-pod-1,36.40880677241769,59.82597741245088,128.56674017985995
2026-01-01 11:23:45,app-pod-1,29.55747058490549,43.32484450212136,143.7036596120193
2026-01-01 11:24:00,app-pod-1,35.04496744583255,45.21543599249425,163.735464642848
2026-01-01 11:24:15,app-pod-1,34.101764512138416,45.26443396006597,149.7176322058008
2026-01-01 11:24:30,app-pod-1,35.33603064514557,37.57852671043972,142.24193111248093
2026-01-01 11:24:45,app-pod-1,35.6799551117422,41.00160862340431,154.94730385144584
2026-01-01 11:25:00,app-pod-1,30.95907199802228,50.3880010385718,143.40326870798393
2026-01-01 11:25:15,app-pod-1,28.170025014248786,43.010753939235244,103.41074540020301
2026-01-01 11:25:30,app-pod-1,31.398776534032265,38.1611552856829,126.04203566980851
2026-01-01 11:25:45,app-pod-1,35.64514539105532,38.817525133322526,125.98704851035961
2026-01-01 11:26:00,app-pod-1,31.330176512014297,39.352653013687174,123.38478166364656
2026-01-01 11:26:15,app-pod-1,30.85247951753432,40.01958242615963,146.57402126767406
2026-01-01 11:26:30,app-pod-1,27.44897623792225,49.46001354577909,125.97412177805514
2026-01-01 11:26:45,app-pod-1,38.14938423569274,45.76323208515514,154.62263896392025
2026-01-01 11:27:00,app-pod-1,35.34699336409952,38.79513643420459,100.98947670647847
2026-01-01 11:27:15,app-pod-1,35.157947836560616,44.317551667542006,130.79490181468347
2026-01-01 11:27:30,app-pod-1,35.72984011680978,46.33258042365685,144.4554499402307
2026-01-01 11:27:45,app-pod-1,34.535189741356135,37.771899931012435,134.90205767019722
2026-01-01 11:28:00,app-pod-1,32.05047545366273,44.44616048982698,128.69349053397556
2026-01-01 11:28:15,app-pod-1,32.27056375723613,48.633974391423145,132.7211038475906
2026-01-01 11:28:30,app-pod-1,31.457553739862988,42.71364403415791,117.82500357305699
2026-01-01 11:28:45,app-pod-1,40.62285660026929,44.4506738609401,162.37846215390917
2026-01-01 11:29:00,app-pod-1,34.364754699372796,41.410976101710204,135.21736798998853
2026-01-01 11:29:15,app-pod-1,31.283998340656407,33.60461895515017,114.58795334785738
2026-01-01 11:29:30,app-pod-1,34.05026786295649,43.16601133355687,163.89613638212606
2026-01-01 11:29:45,app-pod-1,29.599545504874744,42.27358163756188,111.25130368053254
2026-01-01 11:30:00,app-pod-1,37.12404400016871,41.503667875790704,114.68303780999949
2026-01-01 11:30:15,app-pod-1,30.605685036644147,51.12248028078904,149.1717280478664
2026-01-01 11:30:30,app-pod-1,34.07051402104428,47.81075729198673,123.58791631656554
2026-01-01 11:30:45,app-pod-1,35.74355295670768,36.05660037495316,156.47283706399128
2026-01-01 11:31:00,app-pod-1,33.67828501533158,34.71348671819432,124.49984362621899
2026-01-01 11:31:15,app-pod-1,32.7857456701013,38.02990295555182,139.68215471429772
2026-01-01 11:31:30,app-pod-1,32.51309528357775,50.62509373230078,129.33017073438293
2026-01-01 11:31:45,app-pod-1,32.28971612091486,47.05740983740221,144.16382704336462
2026-01-01 11:32:00,app-pod-1,30.70729140132044,49.613664958715745,119.6236020307121
2026-01-01 11:32:15,app-pod-1,31.067281135045512,41.79814322734563,114.43932592660673
2026-01-01 11:32:30,app-pod-1,36.832844227052064,44.735544319125054,151.1866746866515
2026-01-01 11:32:45,app-pod-1,32.04680204105287,36.195213998433886,122.44983219220615
2026-01-01 11:33:00,app-pod-1,29.993359141008444,42.74377102328989,91.03584376305122
2026-01-01 11:33:15,app-pod-1,30.780188371438207,40.565291025421644,114.09824254110009
2026-01-01 11:33:30,app-pod-1,35.6085236455795,43.752605599496334,185.46562922269968
2026-01-01 11:33:45,app-pod-1,34.31255919883036,52.10904564444544,109.92964340721457
2026-01-01 11:34:00,app-pod-1,33.945051810054906,43.129808252715634,139.39595458553362
2026-01-01 11:34:15,app-pod-1,31.469822960613445,48.68378329266783,122.23585141845517
2026-01-01 11:34:30,app-pod-1,33.940793581604396,35.81818220141001,163.30947275413618
2026-01-01 11:34:45,app-pod-1,30.26833976753214,54.628399001587105,104.407784356744
2026-01-01 11:35:00,app-pod-1,31.398495403001967,40.11259447332453,127.1135331562111
2026-01-01 11:35:15,app-pod-1,35.06506272303042,48.081464022491424,150.55321615002364
2026-01-01 11:35:30,app-pod-1,34.75679149639605,48.661118607209794,136.33774594091219
2026-01-01 11:35:45,app-pod-1,29.16653558134803,37.92979125506644,105.15284650894753
2026-01-01 11:36:00,app-pod-1,29.52398990662735,44.76194338493441,117.76301712280434
2026-01-01 11:36:15,app-pod-1,32.39497738235316,47.031500050553404,124.93746587147768
2026-01-01 11:36:30,app-pod-1,37.22556724470765,42.49217456606651,144.2177314696772
2026-01-01 11:36:45,app-pod-1,26.278771388126685,34.888638850779216,119.07577075082429
2026-01-01 11:37:00,app-pod-1,32.83876005095303,43.21366615309083,137.39928395290644
2026-01-01 11:37:15,app-pod-1,27.853923203931057,38.92027650432506,119.69219597543874
2026-01-01 11:37:30,app-pod-1,30.05734982601458,48.00579535745788,125.18384204655214
2026-01-01 11:37:45,app-pod-1,30.84534482770441,45.10508230411848,137.77958530454856
2026-01-01 11:38:00,app-pod-1,30.655390020093805,41.10665516675021,142.18545558898478
2026-01-01 11:38:15,app-pod-1,30.293809918974592,44.23605673682058,116.87454114795283
2026-01-01 11:38:30,app-pod-1,31.895099351511163,32.09330415707436,139.87243099415664
2026-01-01 11:38:45,app-pod-1,30.245989673646584,38.09563790339389,101.54113426098473
2026-01-01 11:39:00,app-pod-1,27.44266021870559,40.64896719468835,75.97480136030171
2026-01-01 11:39:15,app-pod-1,34.14791503298922,49.48036803255471,163.9877356411377
2026-01-01 11:39:30,app-pod-1,34.045194367295714,44.83048273038597,131.18040086568055
2026-01-01 11:39:45,app-pod-1,34.29437034047539,51.29725423822105,140.96457396134684
2026-01-01 11:40:00,app-pod-1,27.12091136616093,43.32433724643897,90.1054085261986
2026-01-01 11:40:15,app-pod-1,32.618134683098674,40.39104715781235,111.40238302842342
2026-01-01 11:40:30,app-pod-1,33.72758011486961,42.90915285063988,124.2161620859973
2026-01-01 11:40:45,app-pod-1,28.58429864180699,42.05111748045775,123.98066051455427
2026-01-01 11:41:00,app-pod-1,31.683683894790473,39.93540096207151,118.98659356997479
2026-01-01 11:41:15,app-pod-1,31.285621546742277,49.556385972302564,120.10562943844845
2026-01-01 11:41:30,app-pod-1,37.13912884599023,40.45375952073171,137.38884920295814
2026-01-01 11:41:45,app-pod-1,37.364418449992186,47.73562516711646,166.94449513962374
2026-01-01 11:42:00,app-pod-1,26.576112734566298,42.280512982221694,119.33240107452613
2026-01-01 11:42:15,app-pod-1,39.02921264015542,45.75321390080328,148.8546268441925
2026-01-01 11:42:30,app-pod-1,28.78000232661907,37.452004965387104,125.38175328733178
2026-01-01 11:42:45,app-pod-1,34.445945424745084,43.73175531507157,134.10522666779508
2026-01-01 11:43:00,app-pod-1,34.393663746499186,48.135557186475296,132.51141630535585
2026-01-01 11:43:15,app-pod-1,28.473341621876596,37.43209914767435,113.14770486702668
2026-01-01 11:43:30,app-pod-1,32.91845644465169,37.69831357670972,141.3223352517375
2026-01-01 11:43:45,app-pod-1,31.09429087919849,47.518927500404075,110.99417079338401
2026-01-01 11:44:00,app-pod-1,33.05811948877968,45.13716600682371,139.7683972183786
2026-01-01 11:44:15,app-pod-1,32.065382084829366,47.48505461182814,165.7288429363208
2026-01-01 11:44:30,app-pod-1,34.94061770241993,48.25509104803115,142.50928851500782
2026-01-01 11:44:45,app-pod-1,31.55603033608535,52.988667776669566,126.75989272348869
2026-01-01 11:45:00,app-pod-1,30.804440376323928,47.13796844145948,121.95524644638799
2026-01-01 11:45:15,app-pod-1,34.57448460525116,40.5817414143017,145.4711133460385
2026-01-01 11:45:30,app-pod-1,33.005707591558426,45.455335150248814,107.86677239264125
2026-01-01 11:45:45,app-pod-1,33.43818616618153,40.61928671110934,159.2690092579989
2026-01-01 11:46:00,app-pod-1,29.227210773921353,38.18841672255578,131.62664741024568
2026-01-01 11:46:15,app-pod-1,28.0634058011326,32.58188205771633,102.58588513207519
2026-01-01 11:46:30,app-pod-1,29.474249643265676,39.20140884095328,118.37020702487318
2026-01-01 11:46:45,app-pod-1,29.293172442656637,43.23039215253314,108.81246677314999
2026-01-01 11:47:00,app-pod-1,33.4924535572263,43.1146089643897,138.4583395872854
2026-01-01 11:47:15,app-pod-1,34.04002570453065,38.331175976927994,137.08036577044803
2026-01-01 11:47:30,app-pod-1,30.62489916416293,33.82233275257248,125.92909999642553
2026-01-01 11:47:45,app-pod-1,35.36126227099598,55.31211326710002,126.02022582615832
2026-01-01 11:48:00,app-pod-1,35.15212730615426,46.232292879515484,133.38535663453317
2026-01-01 11:48:15,app-pod-1,31.755128538893146,38.10824412922577,144.21138284907525
2026-01-01 11:48:30,app-pod-1,28.53746792031675,42.2851448427361,106.14300129630348
2026-01-01 11:48:45,app-pod-1,35.70748343485498,55.941168793428915,103.17751571668276
2026-01-01 11:49:00,app-pod-1,30.77651051734166,44.64586916036863,120.8465862916367
2026-01-01 11:49:15,app-pod-1,31.316266101803617,27.98604692611987,161.43743106414294
2026-01-01 11:49:30,app-pod-1,29.897162261910708,54.18947202327221,132.32181398936706
2026-01-01 11:49:45,app-pod-1,28.22481209612642,30.511136065836606,104.13706129534884
2026-01-01 11:50:00,app-pod-1,26.466469456360848,37.49646889256843,105.10685116887461
2026-01-01 11:50:15,app-pod-1,32.74919635220292,37.25741594637779,141.19467595870617
2026-01-01 11:50:30,app-pod-1,28.47859084193692,36.235003039489776,87.5705866990956
2026-01-01 11:50:45,app-pod-1,39.98558932652132,49.41196095347811,147.10147238212554
2026-01-01 11:51:00,app-pod-1,27.526975567343943,28.913765353147713,116.08310539932195
2026-01-01 11:51:15,app-pod-1,26.991248631573526,38.44264611465352,131.88229313345755
2026-01-01 11:51:30,app-pod-1,32.27201103632033,48.32711983913103,122.49819642017
2026-01-01 11:51:45,app-pod-1,35.307733276911854,40.49921167090054,164.7361936966109
2026-01-01 11:52:00,app-pod-1,30.89175890487968,34.67280593370499,112.25218168951469
2026-01-01 11:52:15,app-pod-1,32.39291345810552,41.97851390989515,78.78896390616165
2026-01-01 11:52:30,app-pod-1,25.1237394040594,35.8949101325847,111.65212021998641
2026-01-01 11:52:45,app-pod-1,28.600041699595675,37.043890838044625,122.5061509435441
2026-01-01 11:53:00,app-pod-1,27.389923076783752,33.23121577316056,120.60245655915372
2026-01-01 11:53:15,app-pod-1,24.90382591511562,40.02860104651154,110.07187674156249
2026-01-01 11:53:30,app-pod-1,30.918096666979224,44.618985224094104,126.54863748433826
2026-01-01 11:53:45,app-pod-1,23.816864925159077,31.343571775328915,91.38523195318712
2026-01-01 11:54:00,app-pod-1,26.55695106789512,33.953597524507785,102.91747861162709
2026-01-01 11:54:15,app-pod-1,28.890148137319176,40.90556366615205,108.65457152421233
2026-01-01 11:54:30,app-pod-1,27.98606196769435,34.76538508694771,105.93838641667313
2026-01-01 11:54:45,app-pod-1,31.64733436729514,43.046443970590545,99.42381611029421
2026-01-01 11:55:00,app-pod-1,31.353038276398657,49.28735943655937,107.19753390160422
2026-01-01 11:55:15,app-pod-1,33.09588225935915,42.86800417540984,129.93220956554777
2026-01-01 11:55:30,app-pod-1,32.6498250473506,36.78679569594921,96.98629547923741
2026-01-01 11:55:45,app-pod-1,33.793299577709305,45.61582719100525,105.05560096554692
2026-01-01 11:56:00,app-pod-1,30.343292928718505,40.35203140250487,116.35893911294806
2026-01-01 11:56:15,app-pod-1,31.23763533497974,41.11555954702925,123.02557759534376
2026-01-01 11:56:30,app-pod-1,31.839961852691072,44.66458766127769,122.65951716029697
2026-01-01 11:56:45,app-pod-1,30.708576590086615,44.95119062695226,87.13569639005019
2026-01-01 11:57:00,app-pod-1,29.070208981675673,40.52665711453949,139.5667642758116
2026-01-01 11:57:15,app-pod-1,29.242649410411683,40.166453003741765,95.42713762347665
2026-01-01 11:57:30,app-pod-1,27.765486634893747,49.75354809679257,98.78953048244755
2026-01-01 11:57:45,app-pod-1,31.461196876472478,48.02560780806722,106.9182677338971
2026-01-01 11:58:00,app-pod-1,29.892485187712023,45.092470221724255,139.05540369659073
2026-01-01 11:58:15,app-pod-1,28.163193573605547,40.37026523092486,118.97407612502963
2026-01-01 11:58:30,app-pod-1,28.144164301373262,34.67219883148641,105.4780103882651
2026-01-01 11:58:45,app-pod-1,26.477886354071913,44.17145237752031,97.75670697726657
2026-01-01 11:59:00,app-pod-1,33.02379020940653,43.83812388017468,134.78905934879288
2026-01-01 11:59:15,app-pod-1,30.30130273872591,38.32506684799247,102.50689643654057
2026-01-01 11:59:30,app-pod-1,27.455233137966935,38.00296092863838,115.53202358406165
2026-01-01 11:59:45,app-pod-1,32.44745986012935,37.8823090708998,121.56016687949237
2026-01-01 12:00:00,app-pod-1,28.318653570616885,45.10970271436113,121.06920201166854
2026-01-01 12:00:15,app-pod-1,25.758681507640013,41.44626247095694,110.32056370285984
2026-01-01 12:00:30,app-pod-1,33.02003367097066,44.02218587732122,123.1759604084902
2026-01-01 12:00:45,app-pod-1,28.32325930117114,39.61235364269345,82.50236441685203
2026-01-01 12:01:00,app-pod-1,28.68603654367871,36.67688119432589,111.04176759807196
2026-01-01 12:01:15,app-pod-1,30.01445752362726,30.35975704774648,98.31573435367171
2026-01-01 12:01:30,app-pod-1,33.29686890902331,36.24317375301598,134.3669959244938
2026-01-01 12:01:45,app-pod-1,29.907397047083098,37.22195123536172,115.78101018513259
2026-01-01 12:02:00,app-pod-1,26.228117911596836,33.894850628048516,96.09254844818912
2026-01-01 12:02:15,app-pod-1,31.43528462559355,43.45150236099581,106.30770429473233
2026-01-01 12:02:30,app-pod-1,28.326868997331186,43.88627700799843,131.1093136748082
2026-01-01 12:02:45,app-pod-1,35.42379490115741,44.15446033630501,134.88994518070672
2026-01-01 12:03:00,app-pod-1,29.73484892257944,47.858978921412785,154.23965864704542
2026-01-01 12:03:15,app-pod-1,23.011287008390468,32.19341230794017,92.56909217540951
2026-01-01 12:03:30,app-pod-1,30.766674169533538,40.85898628493209,128.34053710340623
2026-01-01 12:03:45,app-pod-1,35.50655874425095,44.599655224587686,142.61441789270927
2026-01-01 12:04:00,app-pod-1,34.378712736890506,49.52603055999545,142.63842689531467
2026-01-01 12:04:15,app-pod-1,35.122001656644535,45.11483657006207,156.87831662250034
2026-01-01 12:04:30,app-pod-1,26.548045594643042,39.25147648904077,122.75557733975381
2026-01-01 12:04:45,app-pod-1,32.321971166377566,34.35116424142469,102.78876898316993
2026-01-01 12:05:00,app-pod-1,27.397718680098645,34.67886953001528,122.42333571459994
2026-01-01 12:05:15,app-pod-1,30.214759337576833,46.630092904791695,128.31612862915227
2026-01-01 12:05:30,app-pod-1,25.70122323823322,27.614144948777334,103.34327594174071
2026-01-01 12:05:45,app-pod-1,27.564903185992424,46.01039549234783,135.94787659610546
2026-01-01 12:06:00,app-pod-1,27.44772094175169,41.71172710399733,136.0823860423908
2026-01-01 12:06:15,app-pod-1,32.150318050437484,38.76761599348746,142.1702162500869
2026-01-01 12:06:30,app-pod-1,31.835001400101397,38.124256098034536,119.18699578447664
2026-01-01 12:06:45,app-pod-1,30.2414957230332,50.648823505364774,103.07873592774882
2026-01-01 12:07:00,app-pod-1,25.337965481637386,44.79360486954327,112.6678639090516
2026-01-01 12:07:15,app-pod-1,28.43250536147987,39.30554989531842,134.123024824181
2026-01-01 12:07:30,app-pod-1,27.107268894736308,39.648046873577314,77.99920915574663
2026-01-01 12:07:45,app-pod-1,31.93284107253978,39.12208194622648,144.0257852461571
2026-01-01 12:08:00,app-pod-1,32.83656462440153,43.6595151262116,127.52327543732592
2026-01-01 12:08:15,app-pod-1,32.44936391808268,39.3450362998114,102.66241315611433
2026-01-01 12:08:30,app-pod-1,26.992746852268926,38.502207675717344,115.01192973752524
2026-01-01 12:08:45,app-pod-1,21.018004576613926,43.76425010245346,97.71281810856361
2026-01-01 12:09:00,app-pod-1,23.91391799042847,36.26167236054779,90.38544209970233
2026-01-01 12:09:15,app-pod-1,33.45788529471578,38.18041029993291,117.97122170481603
2026-01-01 12:09:30,app-pod-1,27.967441178413743,32.745348584964745,137.55112861706905
2026-01-01 12:09:45,app-pod-1,26.897234763673598,39.46365312139392,97.55938425998586
2026-01-01 12:10:00,app-pod-1,34.05559313300198,40.034439420637426,153.6144572932834
2026-01-01 12:10:15,app-pod-1,32.90129676144698,44.26392344292557,108.90943216797757
2026-01-01 12:10:30,app-pod-1,29.15736882702895,32.31264271327753,122.8695510229221
2026-01-01 12:10:45,app-pod-1,28.182020214297392,43.17866482288758,118.54068822206696
2026-01-01 12:11:00,app-pod-1,28.644133791133747,34.75006929482859,127.67777526216858
2026-01-01 12:11:15,app-pod-1,29.700134908614032,41.02158073241652,141.19529053296728
2026-01-01 12:11:30,app-pod-1,33.79699860901295,41.96638293910921,122.9835487615208
2026-01-01 12:11:45,app-pod-1,30.242470483020163,49.761674149508465,128.78150351035728
2026-01-01 12:12:00,app-pod-1,31.131367974258552,42.64940344912862,104.0269611249067
2026-01-01 12:12:15,app-pod-1,32.4393051126876,52.43487331945429,109.08849619366104
2026-01-01 12:12:30,app-pod-1,25.400681964166616,40.58418937522873,92.92770913325447
2026-01-01 12:12:45,app-pod-1,31.152512123773633,48.933788098203934,130.74995758418748
2026-01-01 12:13:00,app-pod-1,27.982437984747627,38.54371555720873,137.08276924116646
2026-01-01 12:13:15,app-pod-1,21.296077812983302,36.63476971653992,113.06849509944182
2026-01-01 12:13:30,app-pod-1,22.43807530101879,41.799870655807936,84.42893126794134
2026-01-01 12:13:45,app-pod-1,25.74645302011593,42.54731685700139,107.56882895935617
2026-01-01 12:14:00,app-pod-1,30.372698895080607,43.91585561747927,135.6358775596798
2026-01-01 12:14:15,app-pod-1,29.09865271280203,38.72938273502278,127.87535117834251
2026-01-01 12:14:30,app-pod-1,29.28858042454439,39.70812382814747,114.61247054458535
2026-01-01 12:14:45,app-pod-1,34.566538541980464,49.88488673740311,139.40772973725018
2026-01-01 12:15:00,app-pod-1,24.884668570817706,44.14882424323309,97.8859604578385
2026-01-01 12:15:15,app-pod-1,28.58786823080167,37.0471941151628,111.22586373056961
2026-01-01 12:15:30,app-pod-1,29.56170732213226,36.97440025371773,113.12567288613782
2026-01-01 12:15:45,app-pod-1,26.417815472697523,33.97180188953718,103.87638454061471
2026-01-01 12:16:00,app-pod-1,28.689850760366326,44.231398610907206,108.67219181784242
2026-01-01 12:16:15,app-pod-1,23.783259885750287,32.0009068097126,78.10177463698105
2026-01-01 12:16:30,app-pod-1,32.7910655886907,47.04176294219222,144.1029666004781
2026-01-01 12:16:45,app-pod-1,26.494744040006687,41.27477254360974,113.72284216870281
2026-01-01 12:17:00,app-pod-1,34.612030690427524,41.50296226147036,166.59702890923955
2026-01-01 12:17:15,app-pod-1,28.39865148648484,47.69835260979572,119.13737624997887
2026-01-01 12:17:30,app-pod-1,31.55848120611851,34.779642303776825,119.97952259388494
2026-01-01 12:17:45,app-pod-1,28.29265977005509,48.10252483783136,103.77410837981468
2026-01-01 12:18:00,app-pod-1,28.338586588661514,41.43143993329054,114.064837364889
2026-01-01 12:18:15,app-pod-1,26.656981661379515,28.2925553796722,114.92105409615199
2026-01-01 12:18:30,app-pod-1,28.744694917813405,48.08068462157745,111.30812060840096
2026-01-01 12:18:45,app-pod-1,29.319574600568778,45.38476474149809,95.22443637421541
2026-01-01 12:19:00,app-pod-1,25.991060323010373,36.05268380904207,92.87908660366978
2026-01-01 12:19:15,app-pod-1,27.946961905294607,34.73927050749924,112.05822285835673
2026-01-01 12:19:30,app-pod-1,26.470059854379826,30.68370817887395,116.98449431481083
2026-01-01 12:19:45,app-pod-1,35.1776119834983,56.701559197500764,118.42309150831787
2026-01-01 12:20:00,app-pod-1,27.987692835311986,34.97447561390917,115.92702310057298
2026-01-01 12:20:15,app-pod-1,32.87084904468229,36.69165152127297,134.80018913259448
2026-01-01 12:20:30,app-pod-1,27.62655514172786,40.67818422096025,103.73257313750163
2026-01-01 12:20:45,app-pod-1,28.969556729183836,32.089222376623106,107.07439362796873
2026-01-01 12:21:00,app-pod-1,24.205875411796146,32.03637079603452,85.77864552651529
2026-01-01 12:21:15,app-pod-1,26.8070258508581,43.73976406640301,109.34019795391238
2026-01-01 12:21:30,app-pod-1,28.758125841985702,42.45174106348689,131.9347833091595
2026-01-01 12:21:45,app-pod-1,32.86281375492737,41.072119829752246,149.41802236207403
2026-01-01 12:22:00,app-pod-1,28.749033282624328,40.21585666249393,98.13642792222018
2026-01-01 12:22:15,app-pod-1,32.21253100168186,40.336419050177284,126.04545129669387
2026-01-01 12:22:30,app-pod-1,29.96184452401755,40.663302119967085,86.94473106130093
2026-01-01 12:22:45,app-pod-1,32.90015081974357,39.22104866102224,133.23836794429187
2026-01-01 12:23:00,app-pod-1,27.81911211584331,36.572181883453176,120.24116726534034
2026-01-01 12:23:15,app-pod-1,35.14520125042175,41.54825018756806,164.1452227849968
2026-01-01 12:23:30,app-pod-1,26.496641270558513,34.91834463011218,79.18970427236668
2026-01-01 12:23:45,app-pod-1,25.631743573494056,43.161775483528245,86.20607546426686
2026-01-01 12:24:00,app-pod-1,24.279272185579835,40.84607748997115,99.27914077045375
2026-01-01 12:24:15,app-pod-1,34.88080889547379,39.7547498848769,115.24741008477581
2026-01-01 12:24:30,app-pod-1,30.32438425821484,35.25510001803754,123.88071929562894
2026-01-01 12:24:45,app-pod-1,26.841988539003886,38.00300876164964,116.71299233207253
2026-01-01 12:25:00,app-pod-1,31.569730593581188,52.875249406954566,107.05960651502886
2026-01-01 12:25:15,app-pod-1,29.864053412969255,35.76631137059574,121.4449942026041
2026-01-01 12:25:30,app-pod-1,33.677676243041226,42.76825142160865,116.52754094693913
2026-01-01 12:25:45,app-pod-1,23.11411494443745,36.62348252969453,113.08784781182436
2026-01-01 12:26:00,app-pod-1,26.939855399699102,38.31468790956362,110.85911298569928
2026-01-01 12:26:15,app-pod-1,26.326696548834597,36.137638213086774,95.7058257608329
2026-01-01 12:26:30,app-pod-1,21.771540367286356,41.01547811809322,68.51404076464561
2026-01-01 12:26:45,app-pod-1,30.85190045231636,43.86862343133872,129.24484721221918
2026-01-01 12:27:00,app-pod-1,26.83806238343318,43.0156702871286,127.72128206526895
2026-01-01 12:27:15,app-pod-1,29.846481675851354,43.8394369214276,107.81336806537753
2026-01-01 12:27:30,app-pod-1,34.68524269688959,48.749411496852645,132.14630079647966
2026-01-01 12:27:45,app-pod-1,26.524537500162555,46.489205414984106,94.81603949002738
2026-01-01 12:28:00,app-pod-1,26.29915418392558,45.064627762689575,128.52900530148452
2026-01-01 12:28:15,app-pod-1,27.896953097595812,51.15188696629664,82.95820535586954
2026-01-01 12:28:30,app-pod-1,30.48105302994053,47.42344352799432,141.2081104617655
2026-01-01 12:28:45,app-pod-1,25.797525229427173,34.71103377796148,97.53212959100179
2026-01-01 12:29:00,app-pod-1,25.583135825887013,42.14475528715005,101.25831650555442
2026-01-01 12:29:15,app-pod-1,30.62594774324583,44.99033931519506,117.39427122722566
2026-01-01 12:29:30,app-pod-1,28.56866024833723,49.599536699997,117.86865421558113
2026-01-01 12:29:45,app-pod-1,21.276922886919984,30.05805343746254,74.16071022358334
2026-01-01 12:30:00,app-pod-1,23.71330075719165,39.38906593699883,110.7289500775818
2026-01-01 12:30:15,app-pod-1,31.871555333037943,38.90473700929177,143.97117697406335
2026-01-01 12:30:30,app-pod-1,28.552007308778798,42.54913063664583,99.45689363846404
2026-01-01 12:30:45,app-pod-1,25.038012542177547,36.45287545652569,110.16405465172078
2026-01-01 12:31:00,app-pod-1,26.791752422820608,41.151570716928866,101.81960178778563
2026-01-01 12:31:15,app-pod-1,27.321075681380734,32.07306204655939,110.05880507644433
2026-01-01 12:31:30,app-pod-1,29.466953247201136,44.592999680820284,140.74507644906868
2026-01-01 12:31:45,app-pod-1,23.163353745820903,37.24464519800513,82.54290246405893
2026-01-01 12:32:00,app-pod-1,24.693690564787317,38.04654780421065,112.67300385659307
2026-01-01 12:32:15,app-pod-1,28.013802607864246,49.360803324741624,118.91208811574153
2026-01-01 12:32:30,app-pod-1,26.87383230204231,36.899265620090496,104.58490711640601
2026-01-01 12:32:45,app-pod-1,28.867317655173814,41.91844948248158,120.98032413362762
2026-01-01 12:33:00,app-pod-1,23.441625368097625,36.91049125286462,97.49268032214384
2026-01-01 12:33:15,app-pod-1,28.17994445677405,40.716156920945494,95.34447814552581
2026-01-01 12:33:30,app-pod-1,30.36172359443626,52.362226039319275,112.34603672344974
2026-01-01 12:33:45,app-pod-1,28.52584615234062,40.28712776870718,98.42459883497631
2026-01-01 12:34:00,app-pod-1,27.461146996692566,36.38640390024348,105.69530641443987
2026-01-01 12:34:15,app-pod-1,26.734585753827794,48.06872400491556,127.11387245633442
2026-01-01 12:34:30,app-pod-1,24.4961114306046,35.608834174228406,106.69986274681507
2026-01-01 12:34:45,app-pod-1,26.763101007937014,30.70827996951063,85.563567869244
2026-01-01 12:35:00,app-pod-1,30.73664983484289,37.811436352245764,118.84608403318175
2026-01-01 12:35:15,app-pod-1,26.578885867614456,32.37228263711584,109.81991638424739
2026-01-01 12:35:30,app-pod-1,24.24500217650619,27.971674191982075,108.14133591061793
2026-01-01 12:35:45,app-pod-1,25.416119306966504,35.97620849303588,91.90297165909574
2026-01-01 12:36:00,app-pod-1,27.473861591023173,38.88062328734905,91.33396900762925
2026-01-01 12:36:15,app-pod-1,25.7292225564495,43.91309536515918,102.07174666918175
2026-01-01 12:36:30,app-pod-1,28.284131994480084,42.94590045644638,121.67197304339149
2026-01-01 12:36:45,app-pod-1,28.37521479897187,42.78182189992364,117.02355649538544
2026-01-01 12:37:00,app-pod-1,29.452098229137423,36.150418734407594,104.53823070842616
2026-01-01 12:37:15,app-pod-1,31.03429610130639,46.14867358073504,150.45646645743022
2026-01-01 12:37:30,app-pod-1,29.729666705225313,47.7669308756514,117.43643372249842
2026-01-01 12:37:45,app-pod-1,23.917850063885805,38.71534950245086,98.57705435657347
2026-01-01 12:38:00,app-pod-1,23.988444543057636,38.90449886162997,86.02426714639805
2026-01-01 12:38:15,app-pod-1,26.45021800770522,32.19169110689376,122.39849200628906
2026-01-01 12:38:30,app-pod-1,25.302494873107644,42.98392544920199,109.78768288069668
2026-01-01 12:38:45,app-pod-1,23.21953325072398,45.15782601931388,97.59808444030445
2026-01-01 12:39:00,app-pod-1,25.287934540500526,39.31631617358455,83.87691581232235
2026-01-01 12:39:15,app-pod-1,25.16797164379414,34.64579375881847,117.08233997445055
2026-01-01 12:39:30,app-pod-1,24.554471802800904,36.37815598202141,109.57143180585788
2026-01-01 12:39:45,app-pod-1,25.60115522243195,35.818705080639425,117.62862185281578
2026-01-01 12:40:00,app-pod-1,30.062388997616385,39.24142403252999,120.80499635581783
2026-01-01 12:40:15,app-pod-1,27.10326746869342,42.21220254655569,107.29015241692416
2026-01-01 12:40:30,app-pod-1,33.89950162947933,45.12697169898724,132.86661329171037
2026-01-01 12:40:45,app-pod-1,26.974124199379993,43.90156996942284,142.08146596218282
2026-01-01 12:41:00,app-pod-1,25.570931768711414,39.75416496198909,94.14703305601255
2026-01-01 12:41:15,app-pod-1,26.432061422431946,34.18200312581145,87.93457303837658
2026-01-01 12:41:30,app-pod-1,27.16767665402722,36.5139135385721,103.07186412743097
2026-01-01 12:41:45,app-pod-1,27.682504820262075,36.56354801024417,102.7331143488927
2026-01-01 12:42:00,app-pod-1,32.58542346773413,41.87744604432163,149.2393964180253
2026-01-01 12:42:15,app-pod-1,23.797878973516113,45.63208373853422,74.85162991481855
2026-01-01 12:42:30,app-pod-1,28.88953378367994,49.9971716068141,107.138772414229
2026-01-01 12:42:45,app-pod-1,26.91420703061055,43.02295092366032,110.51467558602516
2026-01-01 12:43:00,app-pod-1,21.556226052113452,35.68317722064751,105.2492970279758
2026-01-01 12:43:15,app-pod-1,28.560184107109308,33.18386777745454,124.9377210273944
2026-01-01 12:43:30,app-pod-1,30.029531388680617,42.12071350072685,144.4033858139557
2026-01-01 12:43:45,app-pod-1,23.63370893032099,32.59355976903942,99.7217292331013
2026-01-01 12:44:00,app-pod-1,26.15701848879319,46.46252242498483,101.5737817540023
2026-01-01 12:44:15,app-pod-1,20.986343798178858,26.659912209772752,96.77872311529836
2026-01-01 12:44:30,app-pod-1,22.364578263279043,37.577626450945914,68.95089906529495
2026-01-01 12:44:45,app-pod-1,29.263682025185886,36.113380529378276,91.40645273707918
2026-01-01 12:45:00,app-pod-1,24.69894404165514,37.24168490174124,113.43973008534051
2026-01-01 12:45:15,app-pod-1,22.750389545011686,39.25561363306346,94.160060569655
2026-01-01 12:45:30,app-pod-1,26.74378914161277,43.83049584303942,121.43521373811853
2026-01-01 12:45:45,app-pod-1,24.46678502607212,36.823298513592576,85.0815535340714
2026-01-01 12:46:00,app-pod-1,24.60017633832946,41.02620618773827,117.6724624149344
2026-01-01 12:46:15,app-pod-1,28.20924312457631,36.43411969414291,122.89235565649874
2026-01-01 12:46:30,app-pod-1,22.484693476684626,36.96697735754534,89.47196818400379
2026-01-01 12:46:45,app-pod-1,23.23243121684896,41.27373892398359,96.03994361927698
2026-01-01 12:47:00,app-pod-1,26.38940495364306,40.13308085825008,110.76153822362264
2026-01-01 12:47:15,app-pod-1,28.81403731805702,37.52310764077339,102.40516672478122
2026-01-01 12:47:30,app-pod-1,29.598936690624857,39.32404384562024,112.62052849172717
2026-01-01 12:47:45,app-pod-1,23.867923362547458,41.785826666522915,100.43852866186745
2026-01-01 12:48:00,app-pod-1,28.653897084403763,34.59850487444184,108.23857959638148
2026-01-01 12:48:15,app-pod-1,23.468001911177062,31.70602566778668,71.83072452688342
2026-01-01 12:48:30,app-pod-1,31.27772441357275,44.9023508885596,129.5342291223745
2026-01-01 12:48:45,app-pod-1,22.376455876561515,33.46780114088407,102.04633611515543
2026-01-01 12:49:00,app-pod-1,29.741882989246267,33.554027110723936,134.995551390842
2026-01-01 12:49:15,app-pod-1,23.765670889919086,43.39006295815291,103.04734201275399
2026-01-01 12:49:30,app-pod-1,31.75355630308279,36.72948797275841,139.2888339751806
2026-01-01 12:49:45,app-pod-1,27.466471953759452,38.22938030103342,124.67852386353678
2026-01-01 12:50:00,app-pod-1,22.623158133013277,32.7386074746738,91.68746979282706
2026-01-01 12:50:15,app-pod-1,24.083195387526857,35.3698193435677,64.54903131512913
2026-01-01 12:50:30,app-pod-1,27.972162722963937,35.15741661781805,129.28536914198145
2026-01-01 12:50:45,app-pod-1,28.7652658428349,43.707082278451736,101.6612889936995
2026-01-01 12:51:00,app-pod-1,25.373904524396593,38.315850788612174,84.53246486542035
2026-01-01 12:51:15,app-pod-1,25.698750104251243,42.90739304903033,86.24388861726219
2026-01-01 12:51:30,app-pod-1,27.81856359860962,36.42715346131813,148.54292337572798
2026-01-01 12:51:45,app-pod-1,25.917634323862497,48.8074528764498,110.2787525906147
2026-01-01 12:52:00,app-pod-1,21.620464335107574,25.61108110705558,70.85761121633956
2026-01-01 12:52:15,app-pod-1,23.040802062932556,28.202886904441318,81.91196176500414
2026-01-01 12:52:30,app-pod-1,26.163834568767534,47.080108436719414,104.64446363818516
2026-01-01 12:52:45,app-pod-1,29.083677995278997,42.72878293392722,124.47076864671108
2026-01-01 12:53:00,app-pod-1,30.263939454037867,42.89168803310688,125.2451428851337
2026-01-01 12:53:15,app-pod-1,27.733347334196306,41.56971967052747,97.00429272136748
2026-01-01 12:53:30,app-pod-1,26.23540372515124,41.22081895835811,109.69881305577887
2026-01-01 12:53:45,app-pod-1,27.59875097523874,40.81796428483687,101.22718675659053
2026-01-01 12:54:00,app-pod-1,23.33084017226132,31.502065662457394,109.02708599975777
2026-01-01 12:54:15,app-pod-1,24.850188803285132,41.486086687663544,100.24520424741205
2026-01-01 12:54:30,app-pod-1,22.81628406204577,39.2747899011232,79.87512478085293
2026-01-01 12:54:45,app-pod-1,21.521248542004667,42.207029713102415,96.4193060618737
2026-01-01 12:55:00,app-pod-1,26.24692918838515,47.19405581637543,110.73639130031596
2026-01-01 12:55:15,app-pod-1,25.78163350908388,39.69952385457503,96.00354854379786
2026-01-01 12:55:30,app-pod-1,27.2668681604267,32.949062624137774,120.01885345503437
2026-01-01 12:55:45,app-pod-1,26.821069024069693,47.637362972859464,116.72103275098833
2026-01-01 12:56:00,app-pod-1,25.889494901978235,33.03189675637006,121.58531258405554
2026-01-01 12:56:15,app-pod-1,26.810246398967386,40.45699344763907,117.8930635782122
2026-01-01 12:56:30,app-pod-1,24.99118720967944,36.21016141467133,96.75554563268426
2026-01-01 12:56:45,app-pod-1,26.336756588133703,36.28260286076963,79.98907871157779
2026-01-01 12:57:00,app-pod-1,22.89850093136107,39.85045125961034,94.39370264814487
2026-01-01 12:57:15,app-pod-1,26.164909511304728,39.53773465425314,109.78670142171404
2026-01-01 12:57:30,app-pod-1,27.039908268383705,41.49414324420925,108.92758720135565
2026-01-01 12:57:45,app-pod-1,23.004480314769157,32.02470476952156,46.85480522524769
2026-01-01 12:58:00,app-pod-1,25.14789621588971,36.73315252424949,110.77403423886959
2026-01-01 12:58:15,app-pod-1,23.100473668550308,32.32265666878172,78.72114080376814
2026-01-01 12:58:30,app-pod-1,23.370648370148505,35.36409591921662,103.76843565375779
2026-01-01 12:58:45,app-pod-1,21.554273665502354,34.4941804415146,111.72736553939764
2026-01-01 12:59:00,app-pod-1,28.705285811389118,49.315220933996365,111.0291795311977
2026-01-01 12:59:15,app-pod-1,28.083921924206855,38.361802774601095,118.91294818405915
2026-01-01 12:59:30,app-pod-1,26.478079411063366,27.906663965091123,106.40398443867856
2026-01-01 12:59:45,app-pod-1,30.761283261818352,48.508355969876774,130.92888674507444
2026-01-01 13:00:00,app-pod-1,24.255882008244416,39.22541427590121,98.5752046028023
2026-01-01 13:00:15,app-pod-1,33.897836194680266,43.073433163509236,127.83664011119895
2026-01-01 13:00:30,app-pod-1,24.098896739165163,34.68315088311014,82.82145368940421
2026-01-01 13:00:45,app-pod-1,25.5260072860013,33.13357681991648,125.96101494637107
2026-01-01 13:01:00,app-pod-1,23.54604196901988,46.17246986374637,100.7624626469262
2026-01-01 13:01:15,app-pod-1,25.83530713080696,38.34393943486505,115.79895230238225
2026-01-01 13:01:30,app-pod-1,27.204136258790584,30.354139663746032,114.80248857749734
2026-01-01 13:01:45,app-pod-1,24.3345096302332,38.67285690758945,111.97456023167491
2026-01-01 13:02:00,app-pod-1,29.985392019787728,47.02063292402561,106.50205884523919
2026-01-01 13:02:15,app-pod-1,25.35166036117895,38.52833559459275,102.65436311176038
2026-01-01 13:02:30,app-pod-1,25.42465507926608,33.28929119450969,109.2809120364444
2026-01-01 13:02:45,app-pod-1,21.865198660868757,30.350267632484844,106.850838580284
2026-01-01 13:03:00,app-pod-1,25.826688226349674,33.49208711984859,143.40289439790726
2026-01-01 13:03:15,app-pod-1,24.148115058362265,44.51197052608834,102.70523956408532
2026-01-01 13:03:30,app-pod-1,22.704489735654896,35.5348225387743,80.90144784033582
2026-01-01 13:03:45,app-pod-1,22.17880441185626,27.131541014906226,70.780571346908
2026-01-01 13:04:00,app-pod-1,32.50254302293008,44.67244974527337,116.43795108742978
2026-01-01 13:04:15,app-pod-1,23.675852940163754,37.27828098598239,83.09162009556495
2026-01-01 13:04:30,app-pod-1,20.07436682003036,31.807579439604595,36.78123079533909
2026-01-01 13:04:45,app-pod-1,22.32970370442468,30.528758812653223,79.18398963680127
2026-01-01 13:05:00,app-pod-1,24.24871620095152,31.654626841801687,107.7459753238782
2026-01-01 13:05:15,app-pod-1,26.02247911242362,43.64890445602822,105.22091253751644
2026-01-01 13:05:30,app-pod-1,26.025932559299115,39.45571707053487,100.2243612326381
2026-01-01 13:05:45,app-pod-1,26.370458338267593,40.852539160096235,81.15254359198946
2026-01-01 13:06:00,app-pod-1,22.385112186009565,36.89337257810729,105.29659843781774
2026-01-01 13:06:15,app-pod-1,25.320099618473225,39.36251325749036,108.95759783769884
2026-01-01 13:06:30,app-pod-1,21.64969186163418,32.81281098600272,86.4047927774849
2026-01-01 13:06:45,app-pod-1,22.398040079750224,34.649481283421274,56.554372133294045
2026-01-01 13:07:00,app-pod-1,21.482947713817435,40.862622426797415,78.5702033009999
2026-01-01 13:07:15,app-pod-1,20.650020540611465,41.52796521752359,89.10585793781101
2026-01-01 13:07:30,app-pod-1,27.386934921484784,33.0603945062406,109.11922902642706
2026-01-01 13:07:45,app-pod-1,26.239267816614447,37.3261933060912,107.8361422890129
2026-01-01 13:08:00,app-pod-1,27.082562015479663,43.15422020580409,118.61194048544172
2026-01-01 13:08:15,app-pod-1,24.249645253415757,46.385150338469685,99.31966564398641
2026-01-01 13:08:30,app-pod-1,26.4412762844874,47.41869130579493,115.51023063283057
2026-01-01 13:08:45,app-pod-1,18.806139114077986,29.18550830512209,62.571320102031954
2026-01-01 13:09:00,app-pod-1,26.658431054624643,45.03613232926638,88.2921478724532
2026-01-01 13:09:15,app-pod-1,24.579696220152293,37.49896886464168,105.47919511470859
2026-01-01 13:09:30,app-pod-1,25.908840842186954,43.35827178390956,113.87149029182028
2026-01-01 13:09:45,app-pod-1,25.14676435722071,41.544128454160926,108.37166436629695
2026-01-01 13:10:00,app-pod-1,21.02471854630388,28.397482769588898,86.07266686604042
2026-01-01 13:10:15,app-pod-1,19.470961389847915,36.379542756029416,73.02323148889218
2026-01-01 13:10:30,app-pod-1,21.80812210459961,40.294168429066175,90.39727852667728
2026-01-01 13:10:45,app-pod-1,25.618247539861173,37.83199700276366,108.16248923942727
2026-01-01 13:11:00,app-pod-1,25.972988264965977,36.94950964894308,110.4814147741992
2026-01-01 13:11:15,app-pod-1,19.778112765923343,25.9863593772809,118.21954441312344
2026-01-01 13:11:30,app-pod-1,20.917874354244955,38.06059963072614,69.85944063444808
2026-01-01 13:11:45,app-pod-1,21.670705562070328,36.21323573251878,135.07271911050017
2026-01-01 13:12:00,app-pod-1,22.747744931700602,31.312501878639992,72.13866334937806
2026-01-01 13:12:15,app-pod-1,19.712762466609917,32.169733742244944,84.63608076259871
2026-01-01 13:12:30,app-pod-1,19.51202188615779,34.430931565949315,60.12544883071068
2026-01-01 13:12:45,app-pod-1,21.291940924185468,32.11117970166647,89.76142035770181
2026-01-01 13:13:00,app-pod-1,23.995485379000026,36.81022540284947,110.71378388880638
2026-01-01 13:13:15,app-pod-1,20.174225360726826,25.372294516491532,81.18564164055265
2026-01-01 13:13:30,app-pod-1,23.34788983712932,43.0906313702503,107.98776578299545
2026-01-01 13:13:45,app-pod-1,26.850258304563084,38.874727238025585,101.0458000472183
2026-01-01 13:14:00,app-pod-1,19.74856765965763,28.327229829308788,48.24630852379925
2026-01-01 13:14:15,app-pod-1,23.01388416371739,23.81117467266376,101.45617364295836
2026-01-01 13:14:30,app-pod-1,26.68681378315633,43.82644435337639,107.20683000035285
2026-01-01 13:14:45,app-pod-1,22.33706815427658,38.426405471611815,82.1540631889062
2026-01-01 13:15:00,app-pod-1,21.85020162136152,36.34856970229832,81.24238349881753
2026-01-01 13:15:15,app-pod-1,27.041043155116427,43.24697021490452,114.26289864814495
2026-01-01 13:15:30,app-pod-1,22.61130216781166,40.13240349895172,78.22721521357745
2026-01-01 13:15:45,app-pod-1,26.82275387170986,39.74811806046456,112.91968763026584
2026-01-01 13:16:00,app-pod-1,24.77553308423846,36.07180207267784,116.93168762130816
2026-01-01 13:16:15,app-pod-1,22.439478814838058,33.621927177310354,120.65896742854807
2026-01-01 13:16:30,app-pod-1,24.88646800055873,39.5252377199171,120.61377006866887
2026-01-01 13:16:45,app-pod-1,24.388136382522358,44.0568523421624,99.97872702458848
2026-01-01 13:17:00,app-pod-1,26.46883555775168,38.01366903384632,109.74031872957826
2026-01-01 13:17:15,app-pod-1,21.740557580964193,42.600777336258545,80.95850241667962
2026-01-01 13:17:30,app-pod-1,23.488627365277814,38.30780152295653,86.96985731187188
2026-01-01 13:17:45,app-pod-1,23.159884991545844,38.1153743366654,105.7200169430902
2026-01-01 13:18:00,app-pod-1,25.43630724024394,49.83096240479062,97.13257808611168
2026-01-01 13:18:15,app-pod-1,20.2277639609705,42.42282585377151,86.40255046022735
2026-01-01 13:18:30,app-pod-1,26.33367938647472,46.826621792473375,90.89707493481164
2026-01-01 13:18:45,app-pod-1,24.661189248666844,33.2747641822325,119.19944673425019
2026-01-01 13:19:00,app-pod-1,19.290890419034625,44.464535804105694,72.32671172138464
2026-01-01 13:19:15,app-pod-1,26.845924865973807,38.38106343558188,123.70338702386964
2026-01-01 13:19:30,app-pod-1,29.90289444777332,39.7945702146738,109.05423013197682
2026-01-01 13:19:45,app-pod-1,26.18560402054353,27.533680747314275,93.39175869274317
2026-01-01 13:20:00,app-pod-1,27.440551435166036,40.83984012738534,129.6826824610322
2026-01-01 13:20:15,app-pod-1,23.395214439360966,30.959880317039477,84.19074503716101
2026-01-01 13:20:30,app-pod-1,18.13409686026894,34.73513694492321,49.0178836855003
2026-01-01 13:20:45,app-pod-1,17.56576977915755,26.488213179221823,54.66397106550933
2026-01-01 13:21:00,app-pod-1,23.842904990053427,45.678532682011415,108.22225017518775
2026-01-01 13:21:15,app-pod-1,21.28125839802479,37.65475069300099,96.53434174087701
2026-01-01 13:21:30,app-pod-1,20.29301021032222,45.60446502597343,69.7345245967941
2026-01-01 13:21:45,app-pod-1,22.828051503153326,30.864515894744763,81.83642549462887
2026-01-01 13:22:00,app-pod-1,24.84260823839452,45.13572199041604,109.46567034796756
2026-01-01 13:22:15,app-pod-1,18.617148888592574,24.018442136850666,94.20740373226135
2026-01-01 13:22:30,app-pod-1,21.608366180734173,36.166233708885386,85.40147163086014
2026-01-01 13:22:45,app-pod-1,27.464196986561507,36.066822290883294,118.1703641777984
2026-01-01 13:23:00,app-pod-1,19.68831409938156,31.542037193315306,91.85475239574608
2026-01-01 13:23:15,app-pod-1,25.503065535886552,35.26966378557644,134.30731062124426
2026-01-01 13:23:30,app-pod-1,21.419200879862508,30.41985968914711,68.34106380144306
2026-01-01 13:23:45,app-pod-1,24.490394114209852,30.844834346693432,87.93072533288239
2026-01-01 13:24:00,app-pod-1,26.124623530702593,36.07510243683446,96.90139411108889
2026-01-01 13:24:15,app-pod-1,25.036123013007227,38.10542809553941,112.5573542827501
2026-01-01 13:24:30,app-pod-1,25.519401774406646,43.68205302521474,98.2988412668591
2026-01-01 13:24:45,app-pod-1,19.316796200229035,34.998509323265594,81.9508723817821
2026-01-01 13:25:00,app-pod-1,26.092218354549864,44.097253854656834,106.1965177158209
2026-01-01 13:25:15,app-pod-1,20.17283094967966,26.73009730499026,80.71738068707887
2026-01-01 13:25:30,app-pod-1,23.48921529913162,34.27760368084842,95.56780981232194
2026-01-01 13:25:45,app-pod-1,23.465016945995647,39.980536457879076,109.30857850791399
2026-01-01 13:26:00,app-pod-1,24.125343142122805,38.60369397844275,81.94258783440534
2026-01-01 13:26:15,app-pod-1,23.660551296286506,32.25651033410466,92.41536232118244
2026-01-01 13:26:30,app-pod-1,20.09796588135373,38.73892057777712,62.162697338422234
2026-01-01 13:26:45,app-pod-1,18.559516899230715,30.335295919699092,77.63642151889752
2026-01-01 13:27:00,app-pod-1,25.205897289688576,33.7573102958134,97.8906562476477
2026-01-01 13:27:15,app-pod-1,23.12609591465789,38.62300594274456,108.54303064714999
2026-01-01 13:27:30,app-pod-1,25.9964724799914,38.22837756266516,103.91354161172465
2026-01-01 13:27:45,app-pod-1,22.393901796386075,33.0611695823272,82.9180201844992
2026-01-01 13:28:00,app-pod-1,18.29237504965088,30.02031990852009,69.46884947751268
2026-01-01 13:28:15,app-pod-1,25.386033622401367,32.42123953664746,127.39549769371308
2026-01-01 13:28:30,app-pod-1,21.356318137152456,32.970681465712396,61.87406338452906
2026-01-01 13:28:45,app-pod-1,23.473234688238637,41.931311459204224,84.48019724372068
2026-01-01 13:29:00,app-pod-1,20.484649367512787,35.562006872199774,82.47871813005216
2026-01-01 13:29:15,app-pod-1,27.33974513179642,43.93079199614422,99.81258382848468
2026-01-01 13:29:30,app-pod-1,19.756966911879516,36.41021952668917,86.38809273897743
2026-01-01 13:29:45,app-pod-1,21.35420256464487,31.886710760392308,84.56952868691575
2026-01-01 13:30:00,app-pod-1,22.668677460790164,27.622367848631896,94.51448338261584
2026-01-01 13:30:15,app-pod-1,19.049633004361848,28.700471279534316,77.96595404662166
2026-01-01 13:30:30,app-pod-1,23.29759633547807,32.95213837934705,91.64470444845253
2026-01-01 13:30:45,app-pod-1,27.121636101345842,35.24223091948379,89.12418837703103
2026-01-01 13:31:00,app-pod-1,20.794394285182456,39.46117563392632,85.81896357863441
2026-01-01 13:31:15,app-pod-1,23.431094525716762,41.25470850225024,67.27324556445598
2026-01-01 13:31:30,app-pod-1,13.977254438836434,40.84347630856873,45.829603030898085
2026-01-01 13:31:45,app-pod-1,22.08867677472431,31.64346788634509,95.69278638923707
2026-01-01 13:32:00,app-pod-1,21.246250572435912,42.85961693102721,102.8303153253701
2026-01-01 13:32:15,app-pod-1,19.709806975729727,41.75320091133146,114.08046978214647
2026-01-01 13:32:30,app-pod-1,25.38958286719411,36.61138921684156,95.13452179271559
2026-01-01 13:32:45,app-pod-1,21.1464414352655,37.170285989387025,71.60889628776037
2026-01-01 13:33:00,app-pod-1,21.572690411033904,41.304549533429785,94.12501490703843
2026-01-01 13:33:15,app-pod-1,20.95350403433162,34.37282971072083,111.86354835975624
2026-01-01 13:33:30,app-pod-1,16.31460424784035,30.738264087415033,88.249588882775
2026-01-01 13:33:45,app-pod-1,18.649071189228895,29.917662726872965,59.070096678287356
2026-01-01 13:34:00,app-pod-1,24.90829907985572,25.635616762583854,97.52555850748837
2026-01-01 13:34:15,app-pod-1,15.675164282413935,31.324973080132146,75.4561663768371
2026-01-01 13:34:30,app-pod-1,19.686077289090072,30.230907465095918,92.53997644290571
2026-01-01 13:34:45,app-pod-1,20.76587982106556,29.159372756661753,91.9414481419479
2026-01-01 13:35:00,app-pod-1,27.175931804699957,41.13411051401154,101.97249845866301
2026-01-01 13:35:15,app-pod-1,24.230913296864568,29.705078103699705,105.6681314560682
2026-01-01 13:35:30,app-pod-1,20.233635825181796,38.193944534030344,94.87480537388208
2026-01-01 13:35:45,app-pod-1,25.79874353581301,40.47711705137171,89.21467300849402
2026-01-01 13:36:00,app-pod-1,19.643719676980645,31.74963771540019,98.52841719458087
2026-01-01 13:36:15,app-pod-1,24.872640923317288,37.09429738209981,114.36995640273919
2026-01-01 13:36:30,app-pod-1,17.74879385130086,26.47305022513939,59.86575291222811
2026-01-01 13:36:45,app-pod-1,25.025292888413567,41.269398038716375,113.97481897904598
2026-01-01 13:37:00,app-pod-1,20.567222011317504,35.33387661317858,94.46559287753676
2026-01-01 13:37:15,app-pod-1,18.680223553974194,34.38540626072965,87.48818400750231
2026-01-01 13:37:30,app-pod-1,21.094428564683163,37.275551893643865,108.01731007534286
2026-01-01 13:37:45,app-pod-1,22.558024891885147,32.578540354860976,90.07517288149299
2026-01-01 13:38:00,app-pod-1,20.221889855298084,26.560031524103987,85.86037915853595
2026-01-01 13:38:15,app-pod-1,23.34814832797856,41.130295704148146,53.811669484511484
2026-01-01 13:38:30,app-pod-1,19.91746871470097,37.385820168352716,96.40721530741953
2026-01-01 13:38:45,app-pod-1,23.507740019375863,33.77862399720843,109.32475634135628
2026-01-01 13:39:00,app-pod-1,22.953471435361234,38.11298100040306,112.15440031321583
2026-01-01 13:39:15,app-pod-1,21.424228460159505,41.2868271157014,71.64670773309507
2026-01-01 13:39:30,app-pod-1,20.26305304914887,39.8776411498239,95.4828929835222
2026-01-01 13:39:45,app-pod-1,22.022034745994915,32.59263014003646,103.36937843054899
2026-01-01 13:40:00,app-pod-1,23.19839599428711,28.79507196882972,83.0298347860549
2026-01-01 13:40:15,app-pod-1,27.71326468743584,32.813209583221315,126.69252515420419
2026-01-01 13:40:30,app-pod-1,24.32637103978028,35.46982966307064,104.25109482461565
2026-01-01 13:40:45,app-pod-1,24.41633227357733,44.40301825793992,72.1951524883738
2026-01-01 13:41:00,app-pod-1,30.73416178655169,37.87168618987934,131.7038594532553
2026-01-01 13:41:15,app-pod-1,22.996773561697896,33.11610222814175,80.47899129536663
2026-01-01 13:41:30,app-pod-1,22.883111769808966,32.933622748274686,66.39346836006251
2026-01-01 13:41:45,app-pod-1,23.521519761835656,33.80640985184162,99.58437818084225
2026-01-01 13:42:00,app-pod-1,18.362880131069332,32.7978818713154,72.4715599778154
2026-01-01 13:42:15,app-pod-1,20.03838692494486,27.626619974702624,101.21075126524305
2026-01-01 13:42:30,app-pod-1,19.83190807331968,39.30413543295853,82.05341910888605
2026-01-01 13:42:45,app-pod-1,23.27359213649207,35.56740910549621,104.77215844702357
2026-01-01 13:43:00,app-pod-1,20.788571165248065,46.94767268930032,90.78642515174451
2026-01-01 13:43:15,app-pod-1,21.706120114442545,29.326429087359706,102.13884077816209
2026-01-01 13:43:30,app-pod-1,24.534179046978547,45.12325619200952,84.84060601231052
2026-01-01 13:43:45,app-pod-1,23.84164313692814,43.64587718578213,98.3446219994028
2026-01-01 13:44:00,app-pod-1,20.74741405509472,32.46476979433806,80.87861767429591
2026-01-01 13:44:15,app-pod-1,19.202988349445462,31.466788777052486,86.61720415536341
2026-01-01 13:44:30,app-pod-1,24.599204866686648,32.61295432603117,102.23401561820906
2026-01-01 13:44:45,app-pod-1,23.49547172520282,31.897723081444198,84.77131891102378
2026-01-01 13:45:00,app-pod-1,16.33545574073382,31.43178926963938,60.27281986415755
2026-01-01 13:45:15,app-pod-1,20.195202917731443,34.240121963643816,105.50835229900929
2026-01-01 13:45:30,app-pod-1,21.61166020830884,27.116385811110362,61.031374060066106
2026-01-01 13:45:45,app-pod-1,23.432062633653732,47.869970460186934,104.36872113759493
2026-01-01 13:46:00,app-pod-1,23.80634822262314,35.366859470020884,113.84708734148779
2026-01-01 13:46:15,app-pod-1,21.908242615563204,35.663831216980185,96.31552774978861
2026-01-01 13:46:30,app-pod-1,22.79275872229213,32.82374393853728,120.73615865863846
2026-01-01 13:46:45,app-pod-1,21.209928716687962,33.511902406222404,98.91744957288019
2026-01-01 13:47:00,app-pod-1,18.976476114709623,31.494142724075694,81.66776016490395
2026-01-01 13:47:15,app-pod-1,20.194761587373172,34.12168098203492,73.77810297322436
2026-01-01 13:47:30,app-pod-1,21.016062636385932,34.63829429332958,90.10426225325774
2026-01-01 13:47:45,app-pod-1,20.835596400264,38.60924922289015,93.5676144038774
2026-01-01 13:48:00,app-pod-1,15.263471291878664,31.820529589808945,61.10639153291882
2026-01-01 13:48:15,app-pod-1,19.70830665948202,37.31722976363493,67.69082749925956
2026-01-01 13:48:30,app-pod-1,21.049951109894916,34.68591166789927,66.13646444948299
2026-01-01 13:48:45,app-pod-1,20.017812511674485,35.16873153370159,82.85235332741253
2026-01-01 13:49:00,app-pod-1,20.102050311126106,32.86490680437191,58.20345812778086
2026-01-01 13:49:15,app-pod-1,22.287105916934284,40.61653281354224,82.0752833258744
2026-01-01 13:49:30,app-pod-1,17.566881269896914,33.909929036507464,33.791418016434726
2026-01-01 13:49:45,app-pod-1,15.90025815843336,30.339806438338847,76.09631057805214
2026-01-01 13:50:00,app-pod-1,19.720518362789303,32.86481218119591,96.19277408872503
2026-01-01 13:50:15,app-pod-1,23.03802487561837,35.58042070669787,93.33632040641007
2026-01-01 13:50:30,app-pod-1,25.789005713208056,38.2045236176308,130.6279083307292
2026-01-01 13:50:45,app-pod-1,23.053407282495993,35.85557959165259,112.42443041322807
2026-01-01 13:51:00,app-pod-1,16.28291831389123,28.603834543667062,72.32845898277307
2026-01-01 13:51:15,app-pod-1,19.97130598445657,37.8044169654609,78.18700852414302
2026-01-01 13:51:30,app-pod-1,21.419020058691224,39.13369400382471,80.43510845151617
2026-01-01 13:51:45,app-pod-1,21.16261060580215,43.733111613565235,93.08780853860844
2026-01-01 13:52:00,app-pod-1,22.228482403110807,32.54178912895376,86.79552699902891
2026-01-01 13:52:15,app-pod-1,17.84016456674462,35.82030882248176,79.58411129184023
2026-01-01 13:52:30,app-pod-1,20.766894526132276,24.99113958687918,92.4043823120218
2026-01-01 13:52:45,app-pod-1,21.813798828571233,39.4148745051093,83.81150659713275
2026-01-01 13:53:00,app-pod-1,23.010619516214113,28.824523086313956,108.47926529920129
2026-01-01 13:53:15,app-pod-1,18.09723973769704,27.7464122985265,68.96069009620196
2026-01-01 13:53:30,app-pod-1,19.45972250407208,35.28293239792954,78.1589682459682
2026-01-01 13:53:45,app-pod-1,12.364550243726825,25.547689993497215,34.7953319700418
2026-01-01 13:54:00,app-pod-1,18.592438892074508,29.222939674437605,70.31050454340414
2026-01-01 13:54:15,app-pod-1,18.864412982291313,30.781008975112186,107.83062876879644
2026-01-01 13:54:30,app-pod-1,17.359748381441545,35.79995382660171,55.933194992712885
2026-01-01 13:54:45,app-pod-1,20.89619400251773,29.962883819673692,90.15046141568246
2026-01-01 13:55:00,app-pod-1,20.212388325476446,33.877897506720835,74.03218601823728
2026-01-01 13:55:15,app-pod-1,13.58346150535495,27.61514163105178,21.12532349868067
2026-01-01 13:55:30,app-pod-1,20.98851703190452,38.791415778978234,92.33862447692071
2026-01-01 13:55:45,app-pod-1,17.53792220971881,36.516154317217385,61.8098249547692
2026-01-01 13:56:00,app-pod-1,21.760874472644804,26.0562031436708,91.82911613569931
2026-01-01 13:56:15,app-pod-1,16.43917838248721,36.73297196156262,80.60249796852692
2026-01-01 13:56:30,app-pod-1,20.35568783217666,31.195201950229603,84.94172709152797
2026-01-01 13:56:45,app-pod-1,19.397125903830027,34.75944912566439,82.51298630388754
2026-01-01 13:57:00,app-pod-1,21.13688082491189,30.10127287552184,71.52842444254145
2026-01-01 13:57:15,app-pod-1,20.582637910908723,36.26351955118503,92.93293205650428
2026-01-01 13:57:30,app-pod-1,19.42403611174947,46.353570046330134,74.8508842401438
2026-01-01 13:57:45,app-pod-1,15.561705927134707,31.52902195541946,32.27039459903085
2026-01-01 13:58:00,app-pod-1,15.719904907547566,28.704694847051513,75.28828606086921
2026-01-01 13:58:15,app-pod-1,18.38088562812812,31.705813766311977,90.51828530650019
2026-01-01 13:58:30,app-pod-1,20.088736182488347,26.716965541551744,102.57178156333048
2026-01-01 13:58:45,app-pod-1,18.269873145523658,40.03372763268885,105.64183761818799
2026-01-01 13:59:00,app-pod-1,21.951305718234238,36.93032954074702,99.40824108735333
2026-01-01 13:59:15,app-pod-1,19.219071917311865,28.208860810629073,84.58586943577556
2026-01-01 13:59:30,app-pod-1,17.14277308066699,26.918349705823125,84.94430845199398
2026-01-01 13:59:45,app-pod-1,19.18461081022512,33.50563946290171,63.43351604067222
2026-01-01 14:00:00,app-pod-1,20.677579508949655,39.134282622957194,57.63077656862586
2026-01-01 14:00:15,app-pod-1,20.955766366401683,28.91408691279632,76.66793333804034
2026-01-01 14:00:30,app-pod-1,25.59737373742684,43.48520832553464,121.54815761000259
2026-01-01 14:00:45,app-pod-1,17.936644397008905,32.09748331812172,61.83009060526897
2026-01-01 14:01:00,app-pod-1,19.70408447431828,29.14164220698731,85.8004967121599
2026-01-01 14:01:15,app-pod-1,21.18405233054884,32.4903844985193,93.33566886292763
2026-01-01 14:01:30,app-pod-1,19.81658365483786,42.61437794403505,82.93031168098018
2026-01-01 14:01:45,app-pod-1,18.36618217057638,25.91526083667678,54.3002433547789
2026-01-01 14:02:00,app-pod-1,15.201461211753191,26.9815580684965,65.9464310386955
2026-01-01 14:02:15,app-pod-1,18.297937274386964,37.57147401524548,66.86844714132751
2026-01-01 14:02:30,app-pod-1,16.590554025029768,32.69567303478901,91.90513398320343
2026-01-01 14:02:45,app-pod-1,14.613073654672228,26.2729474669803,75.5054715627171
2026-01-01 14:03:00,app-pod-1,17.387101753447197,36.99493740923715,63.754010875077206
2026-01-01 14:03:15,app-pod-1,16.614119864447275,36.691362570958994,92.94252663515866
2026-01-01 14:03:30,app-pod-1,21.488023601088248,36.698569863352176,91.1077655437309
2026-01-01 14:03:45,app-pod-1,21.521220628378448,32.00287150194734,61.01033454188162
2026-01-01 14:04:00,app-pod-1,16.987600633056292,29.599797343967616,66.77582329012967
2026-01-01 14:04:15,app-pod-1,18.899858252769302,34.6532811034305,100.12860193051128
2026-01-01 14:04:30,app-pod-1,14.087134080021855,23.3013485499484,44.05095877785847
2026-01-01 14:04:45,app-pod-1,18.160172439183214,39.35104511309381,71.61709117969687
2026-01-01 14:05:00,app-pod-1,20.821480538896612,43.07608182060682,62.888227389129405
2026-01-01 14:05:15,app-pod-1,22.080703398577327,34.276718129802774,70.30581909628211
2026-01-01 14:05:30,app-pod-1,17.448115745679715,33.994203484129834,57.27886682415961
2026-01-01 14:05:45,app-pod-1,22.72420122359936,41.83595107076618,72.48583122252532
2026-01-01 14:06:00,app-pod-1,15.002952941140611,40.27987125163687,50.737700494025646
2026-01-01 14:06:15,app-pod-1,15.788549806456754,38.836891541973216,89.22844849334248
2026-01-01 14:06:30,app-pod-1,21.64183575567874,26.471597462181155,86.02625453272856
2026-01-01 14:06:45,app-pod-1,24.507643278113903,35.57758185304213,109.81339862613717
2026-01-01 14:07:00,app-pod-1,20.956017491513695,37.17265350147568,100.19760521967609
2026-01-01 14:07:15,app-pod-1,19.336148824860885,31.06421769289296,60.71804832636637
2026-01-01 14:07:30,app-pod-1,12.853091747426014,37.91099794840003,38.93968080331487
2026-01-01 14:07:45,app-pod-1,13.352781388473977,37.49382283594495,64.89840646580886
2026-01-01 14:08:00,app-pod-1,19.789843326023508,29.773239621922805,69.64512822139086
2026-01-01 14:08:15,app-pod-1,18.308931476496287,32.00425193401878,83.72953348035468
2026-01-01 14:08:30,app-pod-1,16.04713134177748,27.48522125829605,89.34836168267464
2026-01-01 14:08:45,app-pod-1,19.542764688890774,32.704293061692695,56.34031544440212
2026-01-01 14:09:00,app-pod-1,19.6731037842112,32.644010902280925,73.33840269419268
2026-01-01 14:09:15,app-pod-1,22.14251272167862,40.27104847890932,85.59598029605036
2026-01-01 14:09:30,app-pod-1,19.700640120496228,29.348124765678186,70.9070637159286
2026-01-01 14:09:45,app-pod-1,22.95759727482415,22.986570067598088,82.71077899931333
2026-01-01 14:10:00,app-pod-1,19.27798992170997,25.47187753402288,69.7301474656145
2026-01-01 14:10:15,app-pod-1,18.88960929866562,28.081218445532283,75.32967630523527
2026-01-01 14:10:30,app-pod-1,22.410170100521544,32.40866112537972,92.11395242659188
2026-01-01 14:10:45,app-pod-1,16.263542990887792,32.32035209669752,79.35533460319587
2026-01-01 14:11:00,app-pod-1,27.62385293243861,33.937727525062726,110.11863169760441
2026-01-01 14:11:15,app-pod-1,20.287940823005172,28.14605562480396,97.92438750153529
2026-01-01 14:11:30,app-pod-1,20.286326858945234,29.553191713001112,72.26830628455686
2026-01-01 14:11:45,app-pod-1,20.70081065214988,28.912297450706006,64.78280004442522
2026-01-01 14:12:00,app-pod-1,24.738628725694387,34.54457138650784,94.38320438659876
2026-01-01 14:12:15,app-pod-1,21.46645106563161,32.0400787664668,92.8031940811063
2026-01-01 14:12:30,app-pod-1,14.255483407727354,33.4241224702782,69.92893417808078
2026-01-01 14:12:45,app-pod-1,23.26279801812659,31.336311687340498,114.95469585684445
2026-01-01 14:13:00,app-pod-1,18.011445671266678,30.820028828237817,76.39878724482202
2026-01-01 14:13:15,app-pod-1,19.33736222230769,30.811040156031538,88.6448389767382
2026-01-01 14:13:30,app-pod-1,15.159909751564335,34.65636170628287,81.17132951697923
2026-01-01 14:13:45,app-pod-1,20.558065478561204,33.61924945490432,70.54355844216597
2026-01-01 14:14:00,app-pod-1,17.007137423556173,37.15847981348529,64.8764347033609
2026-01-01 14:14:15,app-pod-1,19.24358321243387,27.708657368679663,118.5380310077298
2026-01-01 14:14:30,app-pod-1,18.072604443830716,32.4039900685074,85.13625190986149
2026-01-01 14:14:45,app-pod-1,24.681780204969325,34.39779105832886,106.38762545032287
2026-01-01 14:15:00,app-pod-1,24.835376240044724,31.254532878603285,112.7468676250648
2026-01-01 14:15:15,app-pod-1,19.010001611688526,32.96944592325668,56.00484926216377
2026-01-01 14:15:30,app-pod-1,19.04427523975435,41.99563145900416,66.47470453029244
2026-01-01 14:15:45,app-pod-1,17.713906475931022,28.13519051852105,55.67115771155339
2026-01-01 14:16:00,app-pod-1,22.134160805093426,34.85663765437656,94.81576801601119
2026-01-01 14:16:15,app-pod-1,17.811302182993757,25.906753430132873,65.71071775832087
2026-01-01 14:16:30,app-pod-1,17.515983162782703,24.965049354427844,71.49475998808711
2026-01-01 14:16:45,app-pod-1,21.6977201212556,31.252142438164412,82.12563677554003
2026-01-01 14:17:00,app-pod-1,17.12900416014869,29.740387853958175,44.11992772831025
2026-01-01 14:17:15,app-pod-1,18.61260965235408,31.000911551992104,87.72508516672666
2026-01-01 14:17:30,app-pod-1,13.963929135981015,28.644625319790578,29.42276998685494
2026-01-01 14:17:45,app-pod-1,20.802432677345312,26.32003967062487,72.29502962031155
2026-01-01 14:18:00,app-pod-1,24.494476079048948,34.0164021977994,78.24582011637409
2026-01-01 14:18:15,app-pod-1,20.817578478898177,37.0810973022471,70.07419636248927
2026-01-01 14:18:30,app-pod-1,23.021340462990246,29.323712959620483,95.11324029425714
2026-01-01 14:18:45,app-pod-1,16.07969067389005,29.480054997497678,82.8441071046025
2026-01-01 14:19:00,app-pod-1,19.309037594158543,34.980545115601316,53.82122554262868
2026-01-01 14:19:15,app-pod-1,15.752666205533757,27.11553173375528,54.6525445476211
2026-01-01 14:19:30,app-pod-1,17.880944158703723,34.22428289189684,45.288112240675446
2026-01-01 14:19:45,app-pod-1,20.86298365185453,26.998457159373014,74.37075422200661
2026-01-01 14:20:00,app-pod-1,18.833933112288978,37.626001043263315,76.41411347865012
2026-01-01 14:20:15,app-pod-1,14.272683908463483,31.819882401392917,68.59689914114242
2026-01-01 14:20:30,app-pod-1,14.547669034304889,30.46169534156076,26.412246340137994
2026-01-01 14:20:45,app-pod-1,14.331427623700428,35.656089468119504,65.58398779366955
2026-01-01 14:21:00,app-pod-1,19.931453969074102,32.305272482168796,65.1362157402162
2026-01-01 14:21:15,app-pod-1,24.63097032234395,34.1523986633312,80.2810196314723
2026-01-01 14:21:30,app-pod-1,22.50886571972093,42.61892742429088,91.04777830525992
2026-01-01 14:21:45,app-pod-1,12.715753440031534,38.10485641919605,60.27020832758966
2026-01-01 14:22:00,app-pod-1,22.649168699990554,32.387229559404574,89.08985377296783
2026-01-01 14:22:15,app-pod-1,21.177387804841192,34.255455277849755,68.31259155078327
2026-01-01 14:22:30,app-pod-1,13.714546226057688,34.82539507454766,53.34346988708784
2026-01-01 14:22:45,app-pod-1,17.42311458329944,31.805455199255746,58.814780330701794
2026-01-01 14:23:00,app-pod-1,21.601573921738744,38.09404428890704,95.46678281127846
2026-01-01 14:23:15,app-pod-1,19.948608377986048,37.86604385203215,95.92480098148316
2026-01-01 14:23:30,app-pod-1,14.352337771118165,27.235113561999995,72.5812809477443
2026-01-01 14:23:45,app-pod-1,20.094178424984698,36.16229821449058,80.08048623023859
2026-01-01 14:24:00,app-pod-1,11.831793165908778,28.25129174358646,64.16708293206865
2026-01-01 14:24:15,app-pod-1,17.55818541168405,26.206386821210025,54.918037347412216
2026-01-01 14:24:30,app-pod-1,21.622893241205325,30.187762036701724,113.23456795119317
2026-01-01 14:24:45,app-pod-1,18.24659060398994,29.510528800811116,57.58763125498794
2026-01-01 14:25:00,app-pod-1,16.67699438284252,36.31649532200278,36.25618967611155
2026-01-01 14:25:15,app-pod-1,20.824258941622894,39.38377207070266,103.77858190891209
2026-01-01 14:25:30,app-pod-1,21.062902866195003,38.49359659794459,73.59959514674065
2026-01-01 14:25:45,app-pod-1,22.051207854127473,37.63639901421732,89.95591465408813
2026-01-01 14:26:00,app-pod-1,20.726571550312332,36.57273162100083,67.44416549738517
2026-01-01 14:26:15,app-pod-1,21.330138291962776,36.31889905214809,120.77460427795792
2026-01-01 14:26:30,app-pod-1,20.267223404233285,36.22504166007147,108.3961586677966
2026-01-01 14:26:45,app-pod-1,18.847581698473316,35.570120107252336,98.58863576225869
2026-01-01 14:27:00,app-pod-1,18.30203498787826,25.78931366287788,74.53350601062829
2026-01-01 14:27:15,app-pod-1,17.304255307826125,28.161742985757094,83.9275096775599
2026-01-01 14:27:30,app-pod-1,14.3614703223312,24.908421103221627,56.65010033444444
2026-01-01 14:27:45,app-pod-1,15.115195692078526,36.11636202272501,77.29380296421596
2026-01-01 14:28:00,app-pod-1,17.11765609115341,40.25285978172545,62.311483909388
2026-01-01 14:28:15,app-pod-1,18.67063965632189,22.224208157364444,98.45312486134131
2026-01-01 14:28:30,app-pod-1,22.25131895494136,43.399996327817256,82.09219112102957
2026-01-01 14:28:45,app-pod-1,17.786101824281282,32.883878144654545,65.93504373224548
2026-01-01 14:29:00,app-pod-1,20.9045491117751,39.69678347403608,76.62026182672258
2026-01-01 14:29:15,app-pod-1,21.114708344600476,37.31263161414481,87.34561884915213
2026-01-01 14:29:30,app-pod-1,17.165076543982945,39.217528848787666,62.837368532043946
2026-01-01 14:29:45,app-pod-1,19.626157579126644,34.78702247217613,85.81346385461099
2026-01-01 14:30:00,app-pod-1,17.094187294651004,25.14865881219112,61.16194442758375
2026-01-01 14:30:15,app-pod-1,21.773878064317184,34.71334022615598,98.95734007502922
2026-01-01 14:30:30,app-pod-1,19.697713867169096,36.36667993755239,101.56636074030484
2026-01-01 14:30:45,app-pod-1,14.201460587198612,28.861216903367236,57.969049505720136
2026-01-01 14:31:00,app-pod-1,18.240228355772558,36.05681845980415,106.23583994463795
2026-01-01 14:31:15,app-pod-1,22.68274800251982,35.54943665856165,107.64393215315478
2026-01-01 14:31:30,app-pod-1,17.17749012135257,29.046696489372447,100.7835081620338
2026-01-01 14:31:45,app-pod-1,19.047114633929837,27.90308832719318,75.27047462994176
2026-01-01 14:32:00,app-pod-1,19.32440700670428,31.568007992026274,52.37574002256809
2026-01-01 14:32:15,app-pod-1,14.559717397490822,31.214660426745212,47.64681122605249
2026-01-01 14:32:30,app-pod-1,19.184540216226445,23.63221913007876,67.67611051239679
2026-01-01 14:32:45,app-pod-1,13.453755878617265,25.51724706145697,39.51964178303841
2026-01-01 14:33:00,app-pod-1,15.741248694599129,21.035413862347397,30.026425083911626
2026-01-01 14:33:15,app-pod-1,20.82816432871047,31.49434076020713,98.68235842552573
2026-01-01 14:33:30,app-pod-1,18.654153463297895,39.04448109574464,46.716326426725416
2026-01-01 14:33:45,app-pod-1,16.653355109358877,25.726766667907036,80.54660969504013
2026-01-01 14:34:00,app-pod-1,18.889090330983173,36.738161960994866,108.33961086598043
2026-01-01 14:34:15,app-pod-1,17.352364073380087,46.39078048792766,57.73445720820499
2026-01-01 14:34:30,app-pod-1,17.553324708155145,39.55501795199535,76.02685619963108
2026-01-01 14:34:45,app-pod-1,19.469008021060432,34.29587251669836,71.89654771482083
2026-01-01 14:35:00,app-pod-1,15.299427334341427,35.00177141302141,73.60384853898738
2026-01-01 14:35:15,app-pod-1,17.585532784274683,25.46145893680832,52.42596933952173
2026-01-01 14:35:30,app-pod-1,16.51072691119224,23.690435570781794,64.06604145091106
2026-01-01 14:35:45,app-pod-1,12.67374423494188,29.015111509856283,67.51268089574623
2026-01-01 14:36:00,app-pod-1,14.652224910255345,32.249610254520796,57.87584169360341
2026-01-01 14:36:15,app-pod-1,22.10126431716901,40.942906443264505,63.975641952336
2026-01-01 14:36:30,app-pod-1,18.533882713586795,30.12990719250418,92.76033211010707
2026-01-01 14:36:45,app-pod-1,13.392030676507662,30.341398895363593,34.128484050535334
2026-01-01 14:37:00,app-pod-1,12.724830301204452,29.702938993607987,52.08033335303108
2026-01-01 14:37:15,app-pod-1,16.992514633724962,31.23778971572514,76.70972298778499
2026-01-01 14:37:30,app-pod-1,21.995693916256542,35.034611360709576,89.78053043855353
2026-01-01 14:37:45,app-pod-1,16.73500299242395,27.440979581498965,105.00156910219957
2026-01-01 14:38:00,app-pod-1,21.19943425465678,36.23814102018456,95.80493818470629
2026-01-01 14:38:15,app-pod-1,18.317401242046458,33.797430770407914,70.23435315698063
2026-01-01 14:38:30,app-pod-1,18.65854879583422,30.86092532730378,83.67413875230584
2026-01-01 14:38:45,app-pod-1,13.220839564653385,32.583459025375205,56.03252768772389
2026-01-01 14:39:00,app-pod-1,20.02378872563758,39.15581005010779,80.76069609162938
2026-01-01 14:39:15,app-pod-1,16.189657933907412,34.7196420336125,68.41543964162055
2026-01-01 14:39:30,app-pod-1,19.766980729369564,28.624669910255072,72.55661828629661
2026-01-01 14:39:45,app-pod-1,14.718458002787603,30.80114943626128,62.067356965599
2026-01-01 14:40:00,app-pod-1,17.67539584879895,27.815619279842004,63.11921632285743
2026-01-01 14:40:15,app-pod-1,18.183551822815055,33.211260007469704,44.29126342389553
2026-01-01 14:40:30,app-pod-1,16.648753483094456,27.11644395306655,83.69802309381836
2026-01-01 14:40:45,app-pod-1,18.30781482084644,39.201287061366436,64.74954187186665
2026-01-01 14:41:00,app-pod-1,16.278329181563194,35.311487772193445,67.2341222862447
2026-01-01 14:41:15,app-pod-1,15.113697690179016,36.34453490983726,49.04845481302413
2026-01-01 14:41:30,app-pod-1,21.860699036260495,40.561099776359825,76.48925371231286
2026-01-01 14:41:45,app-pod-1,20.17449484173823,32.769147831348434,65.11314230791936
2026-01-01 14:42:00,app-pod-1,14.728444798251799,28.18186264113913,73.1382335611097
2026-01-01 14:42:15,app-pod-1,18.69979019663893,41.798472281148015,92.64498474746824
2026-01-01 14:42:30,app-pod-1,14.749854437657557,29.499299855498215,59.388436219114325
2026-01-01 14:42:45,app-pod-1,13.407286287839545,22.612197189127684,45.57927919988423
2026-01-01 14:43:00,app-pod-1,20.046233274942484,39.06969696078886,54.7888821345021
2026-01-01 14:43:15,app-pod-1,11.815986340251422,28.9900687794946,59.19541312358309
2026-01-01 14:43:30,app-pod-1,19.692348778557417,41.3143647648851,68.62103907684023
2026-01-01 14:43:45,app-pod-1,16.137125494567364,32.5108362361014,47.789591891736066
2026-01-01 14:44:00,app-pod-1,16.244179610948265,31.27091829093022,65.41566976635623
2026-01-01 14:44:15,app-pod-1,18.09161568000904,40.294735019879774,67.35457735303088
2026-01-01 14:44:30,app-pod-1,18.589516690700105,25.320329958305138,51.58725377201232
2026-01-01 14:44:45,app-pod-1,14.3504646100019,27.118513703986295,36.69104943093813
2026-01-01 14:45:00,app-pod-1,18.96626052424881,28.839567507698128,80.91318968851212
2026-01-01 14:45:15,app-pod-1,17.136800560850002,21.02036149972858,58.711832210133004
2026-01-01 14:45:30,app-pod-1,13.012145527719932,33.47438400948697,59.7024607313254
2026-01-01 14:45:45,app-pod-1,16.254323145398185,28.590934131864035,67.21526217874363
2026-01-01 14:46:00,app-pod-1,20.891436082362034,39.1508454658863,99.27887382399165
2026-01-01 14:46:15,app-pod-1,21.76105163915687,37.17816860358283,74.56203029687833
2026-01-01 14:46:30,app-pod-1,18.866996614600396,36.242609963358696,78.95875387097675
2026-01-01 14:46:45,app-pod-1,13.127620582658501,26.91233700365771,62.08460117874343
2026-01-01 14:47:00,app-pod-1,18.154187387350976,28.886690451220442,63.22348726085613
2026-01-01 14:47:15,app-pod-1,19.218680871188013,33.90188098593021,93.7827723192939
2026-01-01 14:47:30,app-pod-1,18.826969455359222,37.7747195352923,50.31371244771718
2026-01-01 14:47:45,app-pod-1,18.98847160276417,33.04002009451621,63.45977145636209
2026-01-01 14:48:00,app-pod-1,17.70717711056543,28.885342364234337,45.273391875208034
2026-01-01 14:48:15,app-pod-1,16.38394591658008,25.47367168461426,54.497659066457224
2026-01-01 14:48:30,app-pod-1,14.759891449017434,31.352739090931337,56.72080496446187
2026-01-01 14:48:45,app-pod-1,10.87501434755515,24.842172368645915,55.97256817561409
2026-01-01 14:49:00,app-pod-1,17.571589151446695,31.941409469063984,67.95700154710593
2026-01-01 14:49:15,app-pod-1,17.094681331652534,30.772383020913477,59.448119543296805
2026-01-01 14:49:30,app-pod-1,18.193125298908495,30.51303283581322,49.53415925286386
2026-01-01 14:49:45,app-pod-1,12.491657699829544,30.21317819367824,31.75395111819294
2026-01-01 14:50:00,app-pod-1,18.423245915631984,35.668792561662926,78.34607292020597
2026-01-01 14:50:15,app-pod-1,22.635754277381253,45.671422717420796,103.7648385272831
2026-01-01 14:50:30,app-pod-1,16.691408628668366,35.473824613490414,60.477305351599234
2026-01-01 14:50:45,app-pod-1,16.255017637625183,39.34692399370833,83.18528839286995
2026-01-01 14:51:00,app-pod-1,17.35099215759827,28.052692653310103,55.15520764420577
2026-01-01 14:51:15,app-pod-1,22.504983811827227,27.74876481464394,84.16182596526605
2026-01-01 14:51:30,app-pod-1,13.321033274263549,29.25257201338369,48.691949400344186
2026-01-01 14:51:45,app-pod-1,16.985617373557957,36.180068382236065,90.88367631879817
2026-01-01 14:52:00,app-pod-1,13.9610605318571,33.27855096309712,57.849129029442686
2026-01-01 14:52:15,app-pod-1,14.703071091945104,36.34905762599445,31.835792528915142
2026-01-01 14:52:30,app-pod-1,16.179383035896755,18.642841330201698,78.9923467224722
2026-01-01 14:52:45,app-pod-1,20.354208657735008,40.512830534835544,109.10574828035833
2026-01-01 14:53:00,app-pod-1,21.699311995539034,36.866831529025525,83.0511371506358
2026-01-01 14:53:15,app-pod-1,17.62488419407627,24.617352210228322,57.043301900611844
2026-01-01 14:53:30,app-pod-1,15.134807482892546,34.21200947166881,73.50309115183637
2026-01-01 14:53:45,app-pod-1,23.726958487568208,37.45628382546256,124.37180350103651
2026-01-01 14:54:00,app-pod-1,14.950245042136366,32.37131802238571,72.53195647783924
2026-01-01 14:54:15,app-pod-1,14.503683723140941,35.148124357775465,33.6696395906247
2026-01-01 14:54:30,app-pod-1,10.876461713023026,29.764900041269698,54.82607408267832
2026-01-01 14:54:45,app-pod-1,20.37378135427766,26.897521455645936,87.5582362337659
2026-01-01 14:55:00,app-pod-1,19.074475661468497,32.6370016141134,61.97844779428556
2026-01-01 14:55:15,app-pod-1,23.407404187304348,28.296957076858583,112.96188443845685
2026-01-01 14:55:30,app-pod-1,11.969682692432908,31.624087287497495,54.45399800141896
2026-01-01 14:55:45,app-pod-1,20.497046835911817,41.337783993058466,101.71256623213625
2026-01-01 14:56:00,app-pod-1,16.317239145918435,25.214807589381277,49.346814331965625
2026-01-01 14:56:15,app-pod-1,18.50944795020818,29.599294762483673,80.0194579663081
2026-01-01 14:56:30,app-pod-1,11.132147135788323,23.380656389440983,31.102167267078116
2026-01-01 14:56:45,app-pod-1,20.464071855342276,32.05532393904791,85.57129209870328
2026-01-01 14:57:00,app-pod-1,18.40374105716189,34.94473453100766,95.77334598247094
2026-01-01 14:57:15,app-pod-1,15.911841720808106,28.92294359405988,42.25110090879336
2026-01-01 14:57:30,app-pod-1,17.94830753491602,35.826466137936336,51.25821271397629
2026-01-01 14:57:45,app-pod-1,13.700897858902778,34.91752735161182,69.13571158367458
2026-01-01 14:58:00,app-pod-1,14.243494457257885,35.479242426726906,56.76213620508978
2026-01-01 14:58:15,app-pod-1,14.575928505502631,24.612244477003603,75.87266241429879
2026-01-01 14:58:30,app-pod-1,10.392543092592133,34.20442488717811,29.460900745926043
2026-01-01 14:58:45,app-pod-1,18.520483208951614,40.29469967064732,74.84979172754723
2026-01-01 14:59:00,app-pod-1,19.49448635342833,41.40954010358567,88.29987771244217
2026-01-01 14:59:15,app-pod-1,13.800187600435068,28.871057221716068,58.35375325234388
2026-01-01 14:59:30,app-pod-1,16.9333604091402,28.09413991984675,40.90223170662745
2026-01-01 14:59:45,app-pod-1,15.07667804013672,25.632468670695282,102.64568600383109
2026-01-01 15:00:00,app-pod-1,16.842686262512142,26.280980950884402,70.5556122785863
2026-01-01 15:00:15,app-pod-1,13.959714392772918,29.830252108265384,35.73260128804391
2026-01-01 15:00:30,app-pod-1,13.176769234518755,33.46299774661526,57.42007532617865
2026-01-01 15:00:45,app-pod-1,18.967884811793564,39.810311573192216,82.30871489876674
2026-01-01 15:01:00,app-pod-1,15.604680732160821,28.495490930700818,77.32757654737274
2026-01-01 15:01:15,app-pod-1,21.847268575064117,35.09964666714344,101.29624781613978
2026-01-01 15:01:30,app-pod-1,15.904537771278994,30.61223867288807,60.410482904168134
2026-01-01 15:01:45,app-pod-1,12.9720568479074,25.904038544209484,26.057032062089448
2026-01-01 15:02:00,app-pod-1,19.415813646224183,37.26981720116002,84.58370006195544
2026-01-01 15:02:15,app-pod-1,17.6121085314127,34.142717205105015,45.812193310705
2026-01-01 15:02:30,app-pod-1,17.885060644408348,33.22865832668387,89.7689116254171
2026-01-01 15:02:45,app-pod-1,19.260995114718614,35.27422377628265,66.05261097614918
2026-01-01 15:03:00,app-pod-1,13.715572249969535,32.67815681476609,64.38669401971083
2026-01-01 15:03:15,app-pod-1,15.276986304664062,33.72107550891678,51.26541304099832
2026-01-01 15:03:30,app-pod-1,15.12919890209489,26.397989450857136,53.13626067653119
2026-01-01 15:03:45,app-pod-1,11.756128033659188,32.71093236727616,35.00996488572359
2026-01-01 15:04:00,app-pod-1,14.822433542752252,31.652534068329373,70.03095707541954
2026-01-01 15:04:15,app-pod-1,19.60719583469497,31.551956109385152,69.10857862798638
2026-01-01 15:04:30,app-pod-1,16.294942377323164,32.577608121357066,76.70775083215989
2026-01-01 15:04:45,app-pod-1,11.529631842326047,29.7931296732535,37.19067198838283
2026-01-01 15:05:00,app-pod-1,10.885202523810092,33.02856010248768,40.06953630766004
2026-01-01 15:05:15,app-pod-1,20.53197105897987,29.141601598860007,82.66135833530812
2026-01-01 15:05:30,app-pod-1,15.251625184827452,37.30105939765018,63.31382482803481
2026-01-01 15:05:45,app-pod-1,13.565308158194266,29.611547492285123,40.3981676144803
2026-01-01 15:06:00,app-pod-1,14.670537285063238,27.73860984580127,69.23926387977332
2026-01-01 15:06:15,app-pod-1,11.04558038388608,25.04811576943458,40.1122334464033
2026-01-01 15:06:30,app-pod-1,19.731797442944785,28.80541941834845,87.08570083136178
2026-01-01 15:06:45,app-pod-1,14.26837882755042,21.28329076050158,56.83009126451027
2026-01-01 15:07:00,app-pod-1,19.534785185567262,37.0613490316931,86.93594924864252
2026-01-01 15:07:15,app-pod-1,15.572596041679892,40.80524923128574,56.12025794701733
2026-01-01 15:07:30,app-pod-1,19.691314469748605,25.695843384644945,66.92128653087885
2026-01-01 15:07:45,app-pod-1,16.157897060353555,26.558388362595696,71.034461757998
2026-01-01 15:08:00,app-pod-1,17.932623956223825,36.31075271508334,64.32448828790649
2026-01-01 15:08:15,app-pod-1,17.515334915200107,32.03254989728296,91.94313640699207
2026-01-01 15:08:30,app-pod-1,17.213076207629925,36.22124955671669,69.86715536369539
2026-01-01 15:08:45,app-pod-1,16.372171112654968,30.951917163114295,44.8842152836974
2026-01-01 15:09:00,app-pod-1,14.614997662939535,27.327360867725787,49.678001350497865
2026-01-01 15:09:15,app-pod-1,21.045053491762914,33.60232689086838,69.19064586729779
2026-01-01 15:09:30,app-pod-1,12.563155560704427,16.88376178121328,66.34640394854235
2026-01-01 15:09:45,app-pod-1,15.282124052749502,24.980065108682325,72.7316051038774
2026-01-01 15:10:00,app-pod-1,15.299110889420309,35.450774493687724,60.28079411763168
2026-01-01 15:10:15,app-pod-1,16.447045207803846,37.472430866356916,70.13928638221992
2026-01-01 15:10:30,app-pod-1,13.936592257491576,36.78644485570568,54.43117738664308
2026-01-01 15:10:45,app-pod-1,16.154553940278547,33.512534490435144,77.52424652138495
2026-01-01 15:11:00,app-pod-1,14.68910969465446,19.002032414826772,66.55391342097278
2026-01-01 15:11:15,app-pod-1,10.435119940587125,24.12955131247528,52.240115325687455
2026-01-01 15:11:30,app-pod-1,15.194992027636758,37.25977280208889,57.90227840785383
2026-01-01 15:11:45,app-pod-1,11.850014496492172,36.410281340962285,37.926660915431526
2026-01-01 15:12:00,app-pod-1,9.933946203105418,33.76700105721001,49.71173108778474
2026-01-01 15:12:15,app-pod-1,15.533134132923887,29.69193156919772,85.40264176240855
2026-01-01 15:12:30,app-pod-1,16.571592580212172,25.067235473275694,82.87652690485024
2026-01-01 15:12:45,app-pod-1,16.67348278399801,31.4682799990062,90.41881169419435
2026-01-01 15:13:00,app-pod-1,16.780364619825093,31.82029032502888,69.55193621241014
2026-01-01 15:13:15,app-pod-1,9.26656703187357,34.31442102276876,22.516401742337976
2026-01-01 15:13:30,app-pod-1,10.966782679025659,28.815704375929016,30.6493233220355
2026-01-01 15:13:45,app-pod-1,20.955914930619496,34.7525463458375,104.51720740518388
2026-01-01 15:14:00,app-pod-1,11.879259303988848,28.682957253509485,19.58788438790142
2026-01-01 15:14:15,app-pod-1,16.838961465494666,33.786567174659695,89.92719644707262
2026-01-01 15:14:30,app-pod-1,12.931196135965784,32.18403772548389,39.91026450075841
2026-01-01 15:14:45,app-pod-1,15.216615705828493,27.028943823989966,89.71731234865484
2026-01-01 15:15:00,app-pod-1,13.063441243599671,23.856306897391924,51.194738099183084
2026-01-01 15:15:15,app-pod-1,16.63345156913338,38.49620870541686,77.37236861037884
2026-01-01 15:15:30,app-pod-1,15.344792621643741,22.5361483629722,97.1548664605686
2026-01-01 15:15:45,app-pod-1,13.575261039829904,37.6914200239048,49.34882714348482
2026-01-01 15:16:00,app-pod-1,11.755292036502436,18.675310939283207,41.81717279944116
2026-01-01 15:16:15,app-pod-1,15.69482698355891,28.06367322433613,52.35671994812475
2026-01-01 15:16:30,app-pod-1,11.239061967265776,32.72661323000328,29.929498831077805
2026-01-01 15:16:45,app-pod-1,16.14539345884271,31.303484866581265,59.634209016841965
2026-01-01 15:17:00,app-pod-1,22.728155039429712,29.32732450879159,82.59000722233976
2026-01-01 15:17:15,app-pod-1,18.8849784746523,35.351625702886594,56.7860594366258
2026-01-01 15:17:30,app-pod-1,16.97529803573925,32.21773033401988,64.74397552028745
2026-01-01 15:17:45,app-pod-1,14.54923659858041,29.1042241767964,64.9437449357978
2026-01-01 15:18:00,app-pod-1,8.975622806988813,23.16332451097763,22.463910214026804
2026-01-01 15:18:15,app-pod-1,10.810861792813132,27.39457325731619,40.806700100353396
2026-01-01 15:18:30,app-pod-1,18.611957954503694,30.11876250839081,95.54539893649292
2026-01-01 15:18:45,app-pod-1,12.3801876814979,40.83879472129432,28.22778360825532
2026-01-01 15:19:00,app-pod-1,12.637594309857283,27.646230257816235,79.52538604847825
2026-01-01 15:19:15,app-pod-1,14.224312023359118,28.088233647255826,46.786894498871455
2026-01-01 15:19:30,app-pod-1,11.521055700280325,25.356558262757282,49.09778431900931
2026-01-01 15:19:45,app-pod-1,11.012837496661781,36.59374046185421,63.23879747209499
2026-01-01 15:20:00,app-pod-1,14.527688919276176,21.974047854015488,81.87585889294724
2026-01-01 15:20:15,app-pod-1,11.990508441412665,30.190518018485953,55.00934431985348
2026-01-01 15:20:30,app-pod-1,12.42804498108081,27.503181627374545,39.29459715769866
2026-01-01 15:20:45,app-pod-1,12.293549820799695,21.488484351349726,37.43203019164192
2026-01-01 15:21:00,app-pod-1,16.19024400003421,27.237789160708363,56.13758972182211
2026-01-01 15:21:15,app-pod-1,13.912845043412327,31.323761499917794,83.99022832561613
2026-01-01 15:21:30,app-pod-1,14.059583281250758,25.51974219859509,50.49115053376202
2026-01-01 15:21:45,app-pod-1,16.37223227712629,32.75838223508862,70.3433402983442
2026-01-01 15:22:00,app-pod-1,14.14138950754678,38.544738798714505,40.90919962021884
2026-01-01 15:22:15,app-pod-1,13.718879137222098,30.456218782142145,37.53035809525085
2026-01-01 15:22:30,app-pod-1,15.951141999455768,23.89823700699656,64.2004513585877
2026-01-01 15:22:45,app-pod-1,16.5305533498531,27.33740603566272,61.25104825373591
2026-01-01 15:23:00,app-pod-1,14.070926619830479,28.422619940155023,52.50812160396936
2026-01-01 15:23:15,app-pod-1,14.740176173570939,28.55694772652636,36.77465742508642
2026-01-01 15:23:30,app-pod-1,12.139206331453448,29.257513657597002,47.454516231223536
2026-01-01 15:23:45,app-pod-1,11.888770527086907,29.88435407935117,70.79413460784977
2026-01-01 15:24:00,app-pod-1,16.764523276761,40.38780606932699,54.26252311134264
2026-01-01 15:24:15,app-pod-1,15.778186567475649,31.026132271793486,76.57427438620368
2026-01-01 15:24:30,app-pod-1,15.795553815099861,25.295915436190352,11.216764447450224
2026-01-01 15:24:45,app-pod-1,15.258538193366233,36.4500073865992,48.99897484216571
2026-01-01 15:25:00,app-pod-1,14.54092016558722,36.493766999816174,29.50782084370703
2026-01-01 15:25:15,app-pod-1,16.477899761436447,32.69674530303536,84.45465487989057
2026-01-01 15:25:30,app-pod-1,17.180362698973173,30.79428191323641,81.90311667032987
2026-01-01 15:25:45,app-pod-1,17.0951113507401,35.07930995826338,52.86544635099581
2026-01-01 15:26:00,app-pod-1,14.045503115113762,28.776453112181983,60.52116972849441
2026-01-01 15:26:15,app-pod-1,18.495243205153507,22.66812559972003,92.00661425997885
2026-01-01 15:26:30,app-pod-1,15.006093853940229,33.32163711262049,80.38225075924711
2026-01-01 15:26:45,app-pod-1,16.204305836725055,35.804271470580424,58.73036343230196
2026-01-01 15:27:00,app-pod-1,15.139925054889744,37.803383690319464,27.426857524569428
2026-01-01 15:27:15,app-pod-1,15.021184317350803,26.86103680738274,46.60663777245945
2026-01-01 15:27:30,app-pod-1,12.059429741876702,29.572427398620057,59.729887891370446
2026-01-01 15:27:45,app-pod-1,16.357278466645923,32.689092715917056,96.9125264744594
2026-01-01 15:28:00,app-pod-1,22.775668112588473,36.36988047733101,90.28779742678185
2026-01-01 15:28:15,app-pod-1,13.101977433013385,29.745664394540448,43.30558294636585
2026-01-01 15:28:30,app-pod-1,14.425943302411849,30.283840388573125,93.69419552363252
2026-01-01 15:28:45,app-pod-1,12.860958647032835,30.061418060837063,57.529824408190755
2026-01-01 15:29:00,app-pod-1,12.722148820437331,32.60890934428289,32.472075193319405
2026-01-01 15:29:15,app-pod-1,18.80620986154281,39.265784526001546,73.44122514493385
2026-01-01 15:29:30,app-pod-1,12.140620108965077,24.71677197280736,63.56139513610057
2026-01-01 15:29:45,app-pod-1,12.723982325765554,28.045280854094976,49.840316538210004
2026-01-01 15:30:00,app-pod-1,9.370454722981396,24.44627770664869,49.39722767700392
2026-01-01 15:30:15,app-pod-1,11.84682634926731,25.464416658486826,23.312194892126172
2026-01-01 15:30:30,app-pod-1,8.981209068952964,18.20668927173694,14.412224137966
2026-01-01 15:30:45,app-pod-1,15.988588982337584,31.313124566901116,52.93151526719518
2026-01-01 15:31:00,app-pod-1,22.479051614819483,38.131937978100076,85.68330562209907
2026-01-01 15:31:15,app-pod-1,12.96672757640333,28.30121054398797,56.87614261868848
2026-01-01 15:31:30,app-pod-1,9.053313125575148,26.292529705917175,45.76465617474525
2026-01-01 15:31:45,app-pod-1,16.740427859849166,33.81048414144007,103.9534186276643
2026-01-01 15:32:00,app-pod-1,11.846514922263673,35.34815892140273,36.30770779206028
2026-01-01 15:32:15,app-pod-1,17.912210529323335,30.439724722911155,66.93900713070774
2026-01-01 15:32:30,app-pod-1,13.154981554627577,23.350426516569854,41.9600975734313
2026-01-01 15:32:45,app-pod-1,12.092539628398951,28.012577004911194,64.56098367519091
2026-01-01 15:33:00,app-pod-1,13.44105107894173,38.826542072108936,70.77346020873662
2026-01-01 15:33:15,app-pod-1,16.235210147944226,25.560144311419016,58.22600780382669
2026-01-01 15:33:30,app-pod-1,13.26659317577201,32.53729370094183,84.05256018614001
2026-01-01 15:33:45,app-pod-1,12.445675262005983,34.501538829829755,39.14921609932516
2026-01-01 15:34:00,app-pod-1,13.326367978719045,17.50078648813203,68.7542401780806
2026-01-01 15:34:15,app-pod-1,10.094329781794873,29.117143465298838,62.19515754218631
2026-01-01 15:34:30,app-pod-1,15.08804183562478,33.57868247030282,39.92847043684873
2026-01-01 15:34:45,app-pod-1,8.523838101864202,24.63001066440567,42.75983677547037
2026-01-01 15:35:00,app-pod-1,12.538743551553798,25.544927680639073,9.27928358738442
2026-01-01 15:35:15,app-pod-1,16.13637276435105,28.342149172425835,76.90867639190756
2026-01-01 15:35:30,app-pod-1,14.754490417161367,28.68530081263485,42.49387435806946
2026-01-01 15:35:45,app-pod-1,15.603454940438745,29.411938299868236,70.92586397170221
2026-01-01 15:36:00,app-pod-1,13.624523094344628,27.083280952257404,65.82292239693814
2026-01-01 15:36:15,app-pod-1,17.31608479965447,30.398883096345898,86.06641639196218
2026-01-01 15:36:30,app-pod-1,16.568149259626907,37.55166360097198,79.62582728952277
2026-01-01 15:36:45,app-pod-1,15.119699378327345,24.511645670253465,61.31722240008353
2026-01-01 15:37:00,app-pod-1,16.551157692640388,22.84051826849032,60.497483103214805
2026-01-01 15:37:15,app-pod-1,16.0070543330531,37.23886356930875,62.912377382173474
2026-01-01 15:37:30,app-pod-1,12.424675768127027,27.737184240986007,32.95868035325104
2026-01-01 15:37:45,app-pod-1,9.698671555734272,24.84790862660131,35.619366980747806
2026-01-01 15:38:00,app-pod-1,14.978776010401496,29.929057588617702,55.55466931725974
2026-01-01 15:38:15,app-pod-1,15.343298041944506,31.786692133256786,49.54991476023678
2026-01-01 15:38:30,app-pod-1,16.96380642901719,29.254408364720206,41.73732744469088
2026-01-01 15:38:45,app-pod-1,10.870806141231924,30.13921993709886,24.329182800863965
2026-01-01 15:39:00,app-pod-1,10.947875718934933,22.852200134209973,0.0
2026-01-01 15:39:15,app-pod-1,15.034288060714816,29.014870753254442,55.5189643644665
2026-01-01 15:39:30,app-pod-1,13.428524109854841,18.326485600474626,59.12157616391485
2026-01-01 15:39:45,app-pod-1,7.972197523868689,31.441723941026957,0.0
2026-01-01 15:40:00,app-pod-1,14.742283605482742,29.43916004103977,62.519856119500204
2026-01-01 15:40:15,app-pod-1,8.047186622263071,28.98355109426994,30.35163407242686
2026-01-01 15:40:30,app-pod-1,10.756201473869599,29.912213953039966,25.37346946971633
2026-01-01 15:40:45,app-pod-1,17.63455053443502,35.09325427596112,64.07012402401934
2026-01-01 15:41:00,app-pod-1,19.041698294578083,33.29031116333292,91.92885565657231
2026-01-01 15:41:15,app-pod-1,9.90766651478862,28.876503524047905,25.017830148202147
2026-01-01 15:41:30,app-pod-1,12.554054955545315,23.981416405822,51.39898595845706
2026-01-01 15:41:45,app-pod-1,13.657710667891644,23.704504686375486,59.82978124709595
2026-01-01 15:42:00,app-pod-1,18.86115701030439,32.6972802396868,63.111518444846055
2026-01-01 15:42:15,app-pod-1,12.026522125738175,25.019683586037893,63.23015358682147
2026-01-01 15:42:30,app-pod-1,12.062149269202896,35.57082535468916,54.30621124859569
2026-01-01 15:42:45,app-pod-1,18.126670024891126,34.564391163959336,68.72801602423266
2026-01-01 15:43:00,app-pod-1,12.343837559301454,25.05827934090832,84.82395731596829
2026-01-01 15:43:15,app-pod-1,15.622541483685204,29.578076846051744,77.67884249251806
2026-01-01 15:43:30,app-pod-1,9.012258486752687,26.973613850667377,10.756620661693226
2026-01-01 15:43:45,app-pod-1,12.917759875666851,28.70241713222221,45.83367843567381
2026-01-01 15:44:00,app-pod-1,8.44045803391996,27.267050788415297,70.76147125234061
2026-01-01 15:44:15,app-pod-1,10.240757376617188,27.51180288594357,26.23030736135446
2026-01-01 15:44:30,app-pod-1,15.91249269966082,24.185461147412173,64.64497769111696
2026-01-01 15:44:45,app-pod-1,13.233022134279551,18.508592656476132,71.3969891865126
2026-01-01 15:45:00,app-pod-1,12.413290532290182,26.821258148143173,59.43798594473767
2026-01-01 15:45:15,app-pod-1,11.112248115923789,30.581037206638438,56.396032649506935
2026-01-01 15:45:30,app-pod-1,12.684437803978904,27.067261289967337,61.80162174366616
2026-01-01 15:45:45,app-pod-1,14.237674377147002,36.149192631029024,57.33158840843187
2026-01-01 15:46:00,app-pod-1,16.27103217804192,31.155289028134852,53.19941282111305
2026-01-01 15:46:15,app-pod-1,5.434812034187506,30.590348745191147,28.260711024093208
2026-01-01 15:46:30,app-pod-1,10.802956950836716,33.32158706190723,37.170178396963216
2026-01-01 15:46:45,app-pod-1,13.76353746095809,34.890910548543,47.83388183093371
2026-01-01 15:47:00,app-pod-1,12.977687535157958,23.066823103575565,74.14782844768065
2026-01-01 15:47:15,app-pod-1,14.472453661411992,30.216420902854402,52.17487477199533
2026-01-01 15:47:30,app-pod-1,14.053013759353504,35.95097706895902,81.80401107351346
2026-01-01 15:47:45,app-pod-1,12.323877209688737,29.98843767057231,53.147003955987
2026-01-01 15:48:00,app-pod-1,11.646029053129986,30.92401986218583,44.1969002404097
2026-01-01 15:48:15,app-pod-1,12.478211973185639,21.79531185565184,22.64942203410818
2026-01-01 15:48:30,app-pod-1,16.649091266165904,41.24831353935647,98.39420098374
2026-01-01 15:48:45,app-pod-1,10.995008179394102,23.739633712748788,43.89048938875983
2026-01-01 15:49:00,app-pod-1,12.990799571280286,19.121433991145217,17.901501367559682
2026-01-01 15:49:15,app-pod-1,13.717454160551188,27.846589223260494,69.68570112432508
2026-01-01 15:49:30,app-pod-1,17.83670811529764,20.248276423103015,70.59395528063405
2026-01-01 15:49:45,app-pod-1,12.242978401366116,23.144459157000448,35.0020318239679
2026-01-01 15:50:00,app-pod-1,16.00859105177517,43.998572901764845,78.00211542968843
2026-01-01 15:50:15,app-pod-1,16.816397272431203,29.87127420318574,29.034603134197518
2026-01-01 15:50:30,app-pod-1,12.91750433172092,21.90331719230569,40.95858941199054
2026-01-01 15:50:45,app-pod-1,12.464938352594558,28.85194627964678,45.36871752034106
2026-01-01 15:51:00,app-pod-1,12.098282549775886,23.979779059683246,61.17594940576535
2026-01-01 15:51:15,app-pod-1,12.306342566116706,32.937035794651344,82.82914343543942
2026-01-01 15:51:30,app-pod-1,15.624920094167678,26.489720168987173,58.828148180435925
2026-01-01 15:51:45,app-pod-1,13.743639142281857,30.974215950273095,61.87371949115322
2026-01-01 15:52:00,app-pod-1,13.74490720438109,23.886139858704468,96.20545323942164
2026-01-01 15:52:15,app-pod-1,9.651816594134807,39.751412339847136,38.67831849494838
2026-01-01 15:52:30,app-pod-1,10.113486137342715,29.59755889627647,47.47693038972018
2026-01-01 15:52:45,app-pod-1,19.434786297505322,32.87682142084139,59.17887272743825
2026-01-01 15:53:00,app-pod-1,12.459478324222676,27.256843573799447,79.22542072152018
2026-01-01 15:53:15,app-pod-1,10.65716942714888,24.692018682757393,31.93403253531077
2026-01-01 15:53:30,app-pod-1,17.263333074976313,28.27976575344583,73.08190172760608
2026-01-01 15:53:45,app-pod-1,13.804031652737084,25.720838526010027,58.819663417745296
2026-01-01 15:54:00,app-pod-1,14.681661463511718,38.668807276767964,60.00672068427388
2026-01-01 15:54:15,app-pod-1,12.521666484635054,26.002096750638344,43.571960769988905
2026-01-01 15:54:30,app-pod-1,11.968419741192434,17.730799285642597,51.49357263986891
2026-01-01 15:54:45,app-pod-1,12.40433151628359,22.85319345699904,75.97753819328884
2026-01-01 15:55:00,app-pod-1,8.753548075645188,30.76610675294732,69.2282019412755
2026-01-01 15:55:15,app-pod-1,12.626672656439357,27.577050576550867,47.8795475168933
2026-01-01 15:55:30,app-pod-1,13.76726677283242,28.96667874030084,48.32711775616069
2026-01-01 15:55:45,app-pod-1,18.41929027251983,38.742575447859345,61.54569467866828
2026-01-01 15:56:00,app-pod-1,13.114651180973402,25.294422880819866,92.7506388194783
2026-01-01 15:56:15,app-pod-1,5.842896673363645,27.25211628200907,25.304110167906888
2026-01-01 15:56:30,app-pod-1,12.552265728103292,25.447170260734342,66.93470145597098
2026-01-01 15:56:45,app-pod-1,21.041549078004344,37.60846753836471,94.61610593120479
2026-01-01 15:57:00,app-pod-1,15.410970474926062,28.83200307859995,94.76990737994487
2026-01-01 15:57:15,app-pod-1,10.368060482191208,26.049896463255394,37.756737757528306
2026-01-01 15:57:30,app-pod-1,14.56292286617009,34.29471429387545,41.64566682928637
2026-01-01 15:57:45,app-pod-1,10.55245953632264,31.126845713838346,70.10161442059635
2026-01-01 15:58:00,app-pod-1,8.705994232528912,25.267056035747313,48.37357359973762
2026-01-01 15:58:15,app-pod-1,11.711246186896895,25.8397539808539,53.689231282406354
2026-01-01 15:58:30,app-pod-1,13.019891598160743,37.10966204112079,75.10745578885202
2026-01-01 15:58:45,app-pod-1,7.117824308543448,27.92913107347026,36.17125451739778
2026-01-01 15:59:00,app-pod-1,9.275812024296181,24.5373593737179,60.65175845678038
2026-01-01 15:59:15,app-pod-1,12.743316223286717,25.654899539851925,54.67214332578196
2026-01-01 15:59:30,app-pod-1,11.476830214425128,33.158268684808284,59.43655322822877
2026-01-01 15:59:45,app-pod-1,13.874844348348557,30.289391474109784,63.39524727506153
2026-01-01 16:00:00,app-pod-1,9.035486942385544,25.507075884039452,31.26269174408877
2026-01-01 16:00:15,app-pod-1,14.810935169246903,30.9425304962858,56.16288402692523
2026-01-01 16:00:30,app-pod-1,9.10643925452467,28.063491851352225,30.532823788445867
2026-01-01 16:00:45,app-pod-1,17.575062709422014,32.019098159441555,74.28255726743305
2026-01-01 16:01:00,app-pod-1,7.488748857082203,31.260558534172514,23.11795933235118
2026-01-01 16:01:15,app-pod-1,9.347545467273113,32.83997420815111,43.928675330650194
2026-01-01 16:01:30,app-pod-1,13.86652593019262,32.36600874714383,61.49462722086028
2026-01-01 16:01:45,app-pod-1,17.596339205576196,39.19103239638147,73.4626688259001
2026-01-01 16:02:00,app-pod-1,13.538015189550519,29.519094473376473,57.48984080426039
2026-01-01 16:02:15,app-pod-1,14.270727184796039,33.4411640543803,48.59053240250458
2026-01-01 16:02:30,app-pod-1,12.624052198013947,33.85911813296947,46.266563274399914
2026-01-01 16:02:45,app-pod-1,9.481554937840393,31.732279856571324,12.867087361169375
2026-01-01 16:03:00,app-pod-1,11.079664813825921,32.335761108369866,42.52061906077267
2026-01-01 16:03:15,app-pod-1,8.903701020822067,29.38853668498387,20.82763563147108
2026-01-01 16:03:30,app-pod-1,8.69267137619305,35.87051054152556,36.268471966519186
2026-01-01 16:03:45,app-pod-1,13.723439925424062,26.907929021469386,44.17642286549431
2026-01-01 16:04:00,app-pod-1,9.138071910948199,25.620546399862686,5.792195667059854
2026-01-01 16:04:15,app-pod-1,13.455701381533501,28.34643858382278,87.60945022116113
2026-01-01 16:04:30,app-pod-1,8.581025435828714,24.16638208126105,30.85266114312966
2026-01-01 16:04:45,app-pod-1,13.365117923496541,19.4117223293729,75.16633961924165
2026-01-01 16:05:00,app-pod-1,10.999417178960961,34.57391605381391,36.09282323731357
2026-01-01 16:05:15,app-pod-1,16.674828374053448,26.542177566606025,92.17105986083754
2026-01-01 16:05:30,app-pod-1,13.41567622411246,30.240047900609206,36.38723694517607
2026-01-01 16:05:45,app-pod-1,16.14142687010266,24.18969292069743,67.20618111824393
2026-01-01 16:06:00,app-pod-1,10.15671759748512,30.213280971838277,24.24252909522738
2026-01-01 16:06:15,app-pod-1,12.581688237428564,24.880201586499005,89.3379007791321
2026-01-01 16:06:30,app-pod-1,9.459618138952019,20.941923076721125,34.09955043473089
2026-01-01 16:06:45,app-pod-1,11.151706220691437,28.777911676892536,57.033613177102275
2026-01-01 16:07:00,app-pod-1,11.595872567658407,24.61343789494774,53.14215166541624
2026-01-01 16:07:15,app-pod-1,10.194294824442,24.265210896677537,40.39444489598827
2026-01-01 16:07:30,app-pod-1,8.715066136495816,26.959494371545173,42.6260625147286
2026-01-01 16:07:45,app-pod-1,8.110748956772657,29.677471537912943,52.830589907069424
2026-01-01 16:08:00,app-pod-1,5.321803795699269,19.63326021763093,31.310304149281226
2026-01-01 16:08:15,app-pod-1,9.161776979994968,21.45728151603898,39.0839310191638
2026-01-01 16:08:30,app-pod-1,14.203087312972707,30.05957945249227,64.60219332156608
2026-01-01 16:08:45,app-pod-1,7.514920316286975,27.95670712269129,58.78526154813967
2026-01-01 16:09:00,app-pod-1,8.195878711979251,33.0508910576886,26.531359251731658
2026-01-01 16:09:15,app-pod-1,17.662795363992743,27.007308763326414,42.84287788624812
2026-01-01 16:09:30,app-pod-1,10.370484973521316,25.669503975113017,25.034425334406198
2026-01-01 16:09:45,app-pod-1,13.233005708599583,35.14203412139598,37.60017021781479
2026-01-01 16:10:00,app-pod-1,14.186734775937055,39.79618702384953,43.52774455814844
2026-01-01 16:10:15,app-pod-1,14.237298490400885,25.000653946736847,44.2455892388635
2026-01-01 16:10:30,app-pod-1,7.6727352951196774,21.676855107550523,30.336947553243284
2026-01-01 16:10:45,app-pod-1,11.536477966346766,29.981035049492036,49.85718079879403
2026-01-01 16:11:00,app-pod-1,7.364975361730098,22.266767042245633,33.009977328803394
2026-01-01 16:11:15,app-pod-1,19.548632068293855,29.887883675255935,67.2403595702976
2026-01-01 16:11:30,app-pod-1,7.41509518970501,26.412919664638043,44.56888177574212
2026-01-01 16:11:45,app-pod-1,9.046263996091152,34.079484565962694,44.201893311042625
2026-01-01 16:12:00,app-pod-1,9.058066951708128,19.793235390698758,59.951897368694674
2026-01-01 16:12:15,app-pod-1,7.679994153977403,32.867666446681746,43.42139222261035
2026-01-01 16:12:30,app-pod-1,16.21788459748336,28.47867312532391,59.62856201110186
2026-01-01 16:12:45,app-pod-1,19.417595083433817,35.321276164694666,97.2527048882227
2026-01-01 16:13:00,app-pod-1,10.713173773839411,35.45347524719689,46.95648639005047
2026-01-01 16:13:15,app-pod-1,8.169342694159432,27.34515784742216,44.64705005984598
2026-01-01 16:13:30,app-pod-1,5.410047904423294,22.299578292100364,32.44663763815322
2026-01-01 16:13:45,app-pod-1,11.37873178558359,31.555990363382207,43.65012964313824
2026-01-01 16:14:00,app-pod-1,11.152216498475175,26.94072053727042,46.15792170035978
2026-01-01 16:14:15,app-pod-1,10.137700513545633,29.703145607455014,38.580182573369555
2026-01-01 16:14:30,app-pod-1,12.746012088648824,27.898803470165078,38.189854030972356
2026-01-01 16:14:45,app-pod-1,13.257724510233377,33.58617164210855,20.86047637159853
2026-01-01 16:15:00,app-pod-1,13.03179494315994,22.151097997460877,41.72009648113452
2026-01-01 16:15:15,app-pod-1,11.104531984987076,22.705564269022574,47.4056127869441
2026-01-01 16:15:30,app-pod-1,8.738423899172066,19.072254605080715,51.237468785044115
2026-01-01 16:15:45,app-pod-1,14.03119283521697,29.539687838670183,68.06462116759246
2026-01-01 16:16:00,app-pod-1,12.061660352281255,20.795471152548025,44.052444984301445
2026-01-01 16:16:15,app-pod-1,14.679638570451091,26.816589123981668,48.51590477449997
2026-01-01 16:16:30,app-pod-1,14.375260967372267,24.525139654316547,54.8029310000958
2026-01-01 16:16:45,app-pod-1,7.730237847242475,32.80954764076385,16.295854435293126
2026-01-01 16:17:00,app-pod-1,7.683368591175439,20.424956252943613,0.0
2026-01-01 16:17:15,app-pod-1,9.709945651518156,20.364233441445997,15.662613231451417
2026-01-01 16:17:30,app-pod-1,8.798325623351676,27.400520605175018,55.814422865828966
2026-01-01 16:17:45,app-pod-1,14.223452674168223,38.39052264472606,84.75308427825024
2026-01-01 16:18:00,app-pod-1,13.002223340966541,28.521220942448153,63.318007972837066
2026-01-01 16:18:15,app-pod-1,15.236464741057,30.471928786354578,60.07356958547622
2026-01-01 16:18:30,app-pod-1,13.119013149730723,35.63709651020389,31.581347009172287
2026-01-01 16:18:45,app-pod-1,12.546162883151244,33.1734607092881,47.76767114973194
2026-01-01 16:19:00,app-pod-1,15.510086431945153,32.98413542542107,71.21793444288629
2026-01-01 16:19:15,app-pod-1,13.310783587934091,26.405844869552894,65.69135343914616
2026-01-01 16:19:30,app-pod-1,12.096630472354049,30.747430862080897,58.718686901641206
2026-01-01 16:19:45,app-pod-1,16.32443424367577,24.623183493809606,83.44125799007207
2026-01-01 16:20:00,app-pod-1,12.219386908725376,25.435193089144775,78.02183159806972
2026-01-01 16:20:15,app-pod-1,10.951613130420917,34.823442446070885,37.73111724558194
2026-01-01 16:20:30,app-pod-1,9.341977434232072,33.049347627668055,79.44759045847476
2026-01-01 16:20:45,app-pod-1,13.955357443506848,31.956173707131676,25.522366548516132
2026-01-01 16:21:00,app-pod-1,15.54828814902578,21.237033097434754,50.51848091277517
2026-01-01 16:21:15,app-pod-1,11.676251388529195,22.132268332054686,49.70500935533806
2026-01-01 16:21:30,app-pod-1,15.742659156558963,27.62249926652093,71.20602546551208
2026-01-01 16:21:45,app-pod-1,5.899787515583264,23.2713561042147,20.874615256434193
2026-01-01 16:22:00,app-pod-1,11.634414458045393,21.89203436810196,39.10116873598189
2026-01-01 16:22:15,app-pod-1,11.671453472597833,26.938448812907325,79.72459510046576
2026-01-01 16:22:30,app-pod-1,9.60174038435444,35.55769445982489,30.254122895995614
2026-01-01 16:22:45,app-pod-1,18.925313585137495,35.25189889388961,60.41064495209343
2026-01-01 16:23:00,app-pod-1,11.566181230391944,29.19046000607954,71.62710971480078
2026-01-01 16:23:15,app-pod-1,10.532617169237351,22.285054923373707,54.86775904434341
2026-01-01 16:23:30,app-pod-1,11.824767888918933,20.082413588680716,63.719829881891286
2026-01-01 16:23:45,app-pod-1,5.7295341172075025,17.869691754330063,25.85620503246299
2026-01-01 16:24:00,app-pod-1,9.449487071113234,18.217695209574213,17.158147922034345
2026-01-01 16:24:15,app-pod-1,14.669948010615354,30.64413991863829,59.949087764950214
2026-01-01 16:24:30,app-pod-1,9.824551043926029,28.79661475278502,16.59289025503641
2026-01-01 16:24:45,app-pod-1,9.215942388602816,21.624709907925237,40.49837553833231
2026-01-01 16:25:00,app-pod-1,15.62234732715426,31.67523982855372,72.29043331532318
2026-01-01 16:25:15,app-pod-1,15.705757943870335,38.33899964187065,78.95432708922458
2026-01-01 16:25:30,app-pod-1,13.227212274140706,39.04753530363468,51.523027599549216
2026-01-01 16:25:45,app-pod-1,10.3021567758387,31.06356149683318,52.429971769143506
2026-01-01 16:26:00,app-pod-1,10.940385316948545,26.784067202072265,30.203858162747117
2026-01-01 16:26:15,app-pod-1,9.237660186325302,30.156883349808986,51.45011260731721
2026-01-01 16:26:30,app-pod-1,8.657124107465211,32.81903679361545,44.74716547105961
2026-01-01 16:26:45,app-pod-1,8.499549238187635,15.91354377777855,21.994332993452183
2026-01-01 16:27:00,app-pod-1,9.77001257666641,34.249353992648565,47.03548996031602
2026-01-01 16:27:15,app-pod-1,8.511411784484713,23.235054146173987,50.39146528884778
2026-01-01 16:27:30,app-pod-1,6.915880236268705,22.166301390700642,28.843209807799557
2026-01-01 16:27:45,app-pod-1,12.256646322569821,26.805012562869287,36.688895856920404
2026-01-01 16:28:00,app-pod-1,12.293689673631505,30.206003465420828,51.841095770514606
2026-01-01 16:28:15,app-pod-1,16.683767730268734,26.122366142694283,75.02183212433498
2026-01-01 16:28:30,app-pod-1,9.567882790472044,25.273447779875674,25.821239402651628
2026-01-01 16:28:45,app-pod-1,12.452730031582316,31.343297054597073,34.69626104390895
2026-01-01 16:29:00,app-pod-1,12.494118304415373,29.838739059460725,57.800808345501
2026-01-01 16:29:15,app-pod-1,10.786042133846939,29.4543020655002,55.493937812012966
2026-01-01 16:29:30,app-pod-1,13.772151790885147,28.020662691713454,87.33496737968903
2026-01-01 16:29:45,app-pod-1,13.856456759380627,33.16806949387973,65.41172637281943
2026-01-01 16:30:00,app-pod-1,12.504642635366885,34.0353304547711,31.882345026826783
2026-01-01 16:30:15,app-pod-1,10.747152372277553,32.50520322140784,73.58536256398556
2026-01-01 16:30:30,app-pod-1,10.433165296026235,29.441266871434046,57.557468403796165
2026-01-01 16:30:45,app-pod-1,7.3942000660849185,29.870403089877836,0.0
2026-01-01 16:31:00,app-pod-1,9.071436583795599,30.70530852923057,20.831396151154078
2026-01-01 16:31:15,app-pod-1,9.61491753134527,40.11298180536242,31.086293811807014
2026-01-01 16:31:30,app-pod-1,8.100797035209332,31.760893274890073,44.97466102325917
2026-01-01 16:31:45,app-pod-1,12.784278487843906,28.505274258314326,15.445289485107061
2026-01-01 16:32:00,app-pod-1,15.046206515625286,25.973948124203353,58.398139821204616
2026-01-01 16:32:15,app-pod-1,8.723973997898069,24.801080524733095,46.611628823424354
2026-01-01 16:32:30,app-pod-1,12.29034606339022,26.944317966373255,6.649698020924177
2026-01-01 16:32:45,app-pod-1,8.329570883572822,28.387812457130316,44.51965982361675
2026-01-01 16:33:00,app-pod-1,10.509042429744028,23.855048474874323,55.04032149735423
2026-01-01 16:33:15,app-pod-1,9.344746949454422,32.50220872222012,24.679199749593447
2026-01-01 16:33:30,app-pod-1,13.213371490866436,22.301545014130028,35.55417693852929
2026-01-01 16:33:45,app-pod-1,9.363291004793224,18.391678021773174,24.518760681805002
2026-01-01 16:34:00,app-pod-1,14.42662988147945,29.42306087740887,17.625051262186822
2026-01-01 16:34:15,app-pod-1,10.646501575707257,23.23975585701752,37.69315789101852
2026-01-01 16:34:30,app-pod-1,9.426890176039443,20.307653853306128,41.001504540452295
2026-01-01 16:34:45,app-pod-1,7.60784508718903,22.14014178600811,12.141328389359462
2026-01-01 16:35:00,app-pod-1,12.119456145230082,24.676190156266443,63.05856831929674
2026-01-01 16:35:15,app-pod-1,14.037601741283034,29.87699287506922,57.68891467496259
2026-01-01 16:35:30,app-pod-1,12.164036414012175,25.412471548237217,52.55641187835046
2026-01-01 16:35:45,app-pod-1,18.052715952347704,29.94122937539303,66.18091386612608
2026-01-01 16:36:00,app-pod-1,15.617753827467224,30.908099088120593,73.61667453020479
2026-01-01 16:36:15,app-pod-1,10.398000910421487,32.349808490972165,60.95041392952422
2026-01-01 16:36:30,app-pod-1,10.358716864522885,34.60482913260997,35.322087821026365
2026-01-01 16:36:45,app-pod-1,12.714126521890211,29.63872637774347,62.271982650985194
2026-01-01 16:37:00,app-pod-1,8.783238265002712,27.2759823793545,46.7133649274319
2026-01-01 16:37:15,app-pod-1,14.788442423288975,29.435974609823077,65.4218288407788
2026-01-01 16:37:30,app-pod-1,12.366683030384243,31.062921221564363,74.62254503313466
2026-01-01 16:37:45,app-pod-1,12.043584431498896,30.381605904969923,37.276992635485904
2026-01-01 16:38:00,app-pod-1,13.327417218344497,35.95843046828321,46.986444147823725
2026-01-01 16:38:15,app-pod-1,16.427416672391505,22.05566852489691,54.05527604412848
2026-01-01 16:38:30,app-pod-1,11.764186186320718,27.062441611863463,57.93206941639849
2026-01-01 16:38:45,app-pod-1,10.904614433891057,29.32917944936196,39.53116376432131
2026-01-01 16:39:00,app-pod-1,15.762332151518052,30.902212718352082,52.61309152186942
2026-01-01 16:39:15,app-pod-1,14.131284591865374,25.1960340538252,81.47235276862958
2026-01-01 16:39:30,app-pod-1,10.258176221350844,20.683889958743205,68.17529209631468
2026-01-01 16:39:45,app-pod-1,11.229179832302794,31.892038012756267,39.98632573528747
2026-01-01 16:40:00,app-pod-1,11.792290332098233,24.46997398048669,26.658040277798822
2026-01-01 16:40:15,app-pod-1,12.284135879077347,19.82439265782613,77.08930527154368
2026-01-01 16:40:30,app-pod-1,7.121469325315564,29.267892827770385,35.54683536745905
2026-01-01 16:40:45,app-pod-1,6.556409268327544,26.884400990059607,32.53647270750403
2026-01-01 16:41:00,app-pod-1,8.514309628865226,25.38064625291448,35.6322536593945
2026-01-01 16:41:15,app-pod-1,8.274903367305559,21.219674393308747,21.094847538708592
2026-01-01 16:41:30,app-pod-1,9.230308062974649,25.894008427229785,30.72195041281815
2026-01-01 16:41:45,app-pod-1,13.058595855532582,35.218955101468836,62.400184058697405
2026-01-01 16:42:00,app-pod-1,10.640382709182218,19.374771466283555,35.84812542871641
2026-01-01 16:42:15,app-pod-1,11.729082675283228,20.39046978900029,53.41108362490619
2026-01-01 16:42:30,app-pod-1,7.459739754076711,22.082991213291645,30.03944267365929
2026-01-01 16:42:45,app-pod-1,9.740496949871613,26.6851294309441,23.10868308446407
2026-01-01 16:43:00,app-pod-1,12.87999257737884,26.534535314746286,75.83692995160763
2026-01-01 16:43:15,app-pod-1,12.895895467835606,32.241209703320024,60.49407578477173
2026-01-01 16:43:30,app-pod-1,8.930157586098716,31.695280032510837,40.680345482889855
2026-01-01 16:43:45,app-pod-1,11.581729691873306,29.501054657348654,54.65223707963415
2026-01-01 16:44:00,app-pod-1,17.68617204846066,35.18248215270298,43.85131256351764
2026-01-01 16:44:15,app-pod-1,11.02974315719767,29.081317970156732,36.72127859798644
2026-01-01 16:44:30,app-pod-1,8.99590707359837,26.344675406095448,13.074120187990868
2026-01-01 16:44:45,app-pod-1,10.547134229522086,20.915200461591986,44.058830214958114
2026-01-01 16:45:00,app-pod-1,11.337928732678389,22.79659157486173,50.24039799721953
2026-01-01 16:45:15,app-pod-1,10.600890815779948,20.66603118618633,44.52364563682984
2026-01-01 16:45:30,app-pod-1,10.9533529471713,26.924823088214488,61.49224908872462
2026-01-01 16:45:45,app-pod-1,6.710120301639276,25.858474367419355,4.380197993521865
2026-01-01 16:46:00,app-pod-1,8.145635470618162,18.45563290552583,20.5937772969194
2026-01-01 16:46:15,app-pod-1,10.578609956515585,27.768002205070946,48.52965981825233
2026-01-01 16:46:30,app-pod-1,10.523923106168413,22.990664533016844,46.05474228340087
2026-01-01 16:46:45,app-pod-1,9.314293125009845,21.174008469822596,17.52571150677173
2026-01-01 16:47:00,app-pod-1,10.474976717733155,24.205736619609663,59.84785489062219
2026-01-01 16:47:15,app-pod-1,11.182241169739312,22.22518632709229,67.87729651623346
2026-01-01 16:47:30,app-pod-1,13.660638709882358,32.59574268671408,61.026359948686405
2026-01-01 16:47:45,app-pod-1,10.687987488809897,26.64156915192229,20.115878976844137
2026-01-01 16:48:00,app-pod-1,12.17617928999169,32.599395787932124,51.10059584079434
2026-01-01 16:48:15,app-pod-1,9.347338382869149,24.325655107477054,42.49449202021755
2026-01-01 16:48:30,app-pod-1,12.68171871251402,26.848772789341385,46.64924010453599
2026-01-01 16:48:45,app-pod-1,12.08593733855859,37.82706934105829,68.55241877545089
2026-01-01 16:49:00,app-pod-1,13.549535016673893,21.369372153270028,52.459060157130814
2026-01-01 16:49:15,app-pod-1,13.085825621218497,35.58248415195144,83.91143779572131
2026-01-01 16:49:30,app-pod-1,12.705034002517499,37.16614398999138,62.56689422807304
2026-01-01 16:49:45,app-pod-1,10.636980489001937,31.274973823608853,46.68912390543833
2026-01-01 16:50:00,app-pod-1,11.660478666168872,26.50998271946309,60.44832542468179
2026-01-01 16:50:15,app-pod-1,14.109638737228975,37.01125747475899,79.40183404589236
2026-01-01 16:50:30,app-pod-1,8.956361915076453,24.66064654110352,49.31122792196258
2026-01-01 16:50:45,app-pod-1,9.020858670941955,22.78567314110576,34.945909433510366
2026-01-01 16:51:00,app-pod-1,11.443895304707352,26.06938499233683,35.87677720996882
2026-01-01 16:51:15,app-pod-1,12.138982013264037,25.646318713692136,31.72431799408439
2026-01-01 16:51:30,app-pod-1,8.414388011759414,21.15695598363368,0.0
2026-01-01 16:51:45,app-pod-1,10.656007129525202,33.009244161212465,45.23752922256309
2026-01-01 16:52:00,app-pod-1,10.591908558052939,23.547094227528138,36.55258966042826
2026-01-01 16:52:15,app-pod-1,4.2216973532669835,22.806953202680024,11.874861313778052
2026-01-01 16:52:30,app-pod-1,10.202411317579545,19.92282847531166,56.24250828532134
2026-01-01 16:52:45,app-pod-1,10.382918145578461,27.42209611065088,39.850584922835104
2026-01-01 16:53:00,app-pod-1,10.367693955434651,21.47775554769056,69.89733054542712
2026-01-01 16:53:15,app-pod-1,15.090039535922262,24.660598560519418,51.76366067060115
2026-01-01 16:53:30,app-pod-1,7.188648540925444,24.485614428167395,14.190326727392367
2026-01-01 16:53:45,app-pod-1,8.355945250515553,31.13402300126556,14.559235386803401
2026-01-01 16:54:00,app-pod-1,2.987017907678137,24.29298097407368,22.789337496177033
2026-01-01 16:54:15,app-pod-1,9.374670460836455,29.107871253249314,54.77097268079679
2026-01-01 16:54:30,app-pod-1,9.624327779279028,26.08744354560028,29.5813876732353
2026-01-01 16:54:45,app-pod-1,9.27518772786008,24.814430083749468,21.141010379536915
2026-01-01 16:55:00,app-pod-1,14.122034930732706,33.84112764398407,79.4422830538433
2026-01-01 16:55:15,app-pod-1,13.374761982201553,26.546447575937076,31.74301972407328
2026-01-01 16:55:30,app-pod-1,11.020408945643204,31.886457034188723,59.23493845057321
2026-01-01 16:55:45,app-pod-1,9.66895183183725,32.94800097695637,30.111086922506335
2026-01-01 16:56:00,app-pod-1,13.85333508555421,25.49040064500906,61.36977069886966
2026-01-01 16:56:15,app-pod-1,10.709490466833202,24.024415848617203,58.99178770214218
2026-01-01 16:56:30,app-pod-1,8.307974778164771,23.08710481264232,40.37574195797045
2026-01-01 16:56:45,app-pod-1,5.6080826016327805,16.59084469237588,18.0034894646957
2026-01-01 16:57:00,app-pod-1,9.426951789240006,24.251852594298715,58.64926607517182
2026-01-01 16:57:15,app-pod-1,13.008915664020007,35.61348965091153,56.37218343002475
2026-01-01 16:57:30,app-pod-1,17.568713334474012,27.07022162245507,125.5124959276292
2026-01-01 16:57:45,app-pod-1,10.918063676528826,34.26862511683992,18.09493469623622
2026-01-01 16:58:00,app-pod-1,8.431324390466626,23.734704783561252,7.926392963321792
2026-01-01 16:58:15,app-pod-1,7.166676541544628,35.586851764595,43.580614685184386
2026-01-01 16:58:30,app-pod-1,12.371641025510208,25.251083391280005,49.01029661105828
2026-01-01 16:58:45,app-pod-1,5.41615529615969,23.071398958200984,33.55376211433786
2026-01-01 16:59:00,app-pod-1,12.355288827638402,24.097786853384882,32.94544196241219
2026-01-01 16:59:15,app-pod-1,13.15166137255779,25.767659092861322,53.41863672844082
2026-01-01 16:59:30,app-pod-1,12.001660910861615,35.092058471895086,54.86640586018893
2026-01-01 16:59:45,app-pod-1,10.028156506577238,29.392392980298965,31.956963370583455
2026-01-01 17:00:00,app-pod-1,12.376305434859077,33.8075027002886,52.98266732708524
2026-01-01 17:00:15,app-pod-1,11.188663526757676,21.25411796378021,24.33176139385785
2026-01-01 17:00:30,app-pod-1,8.335864820978781,29.10924764047472,39.26580215613989
2026-01-01 17:00:45,app-pod-1,16.215884247584928,26.49390238970709,86.54525735589782
2026-01-01 17:01:00,app-pod-1,9.60404308288959,20.03623759285845,19.85250286378855
2026-01-01 17:01:15,app-pod-1,12.980795078317271,30.28038724908987,32.453880153001435
2026-01-01 17:01:30,app-pod-1,3.3921753047076573,23.517214380352428,31.417517174393065
2026-01-01 17:01:45,app-pod-1,14.471933804114043,30.397082594375583,38.15316807551426
2026-01-01 17:02:00,app-pod-1,15.043338426401593,34.11812896161945,72.78236838273274
2026-01-01 17:02:15,app-pod-1,10.721097630688016,31.872599929649994,43.71461781194857
2026-01-01 17:02:30,app-pod-1,12.302481497081413,35.96038374392549,42.942596845912234
2026-01-01 17:02:45,app-pod-1,12.29630911439934,22.655701388550362,71.1831088776872
2026-01-01 17:03:00,app-pod-1,8.687031096942741,33.59100299511104,48.67034151402635
2026-01-01 17:03:15,app-pod-1,12.251390024454754,37.98753046559621,53.20129452219707
2026-01-01 17:03:30,app-pod-1,8.178796073150831,23.89400716894541,0.4251865144465796
2026-01-01 17:03:45,app-pod-1,8.773104165173145,17.79871450025532,45.77622240670831
2026-01-01 17:04:00,app-pod-1,13.974914904116968,22.864945867536285,39.836760729182714
2026-01-01 17:04:15,app-pod-1,13.512792176275944,27.149697618724602,50.730439466655156
2026-01-01 17:04:30,app-pod-1,8.46444932511406,35.99582247911695,33.96780832689903
2026-01-01 17:04:45,app-pod-1,8.377626632074282,25.949738643467892,61.96966634667166
2026-01-01 17:05:00,app-pod-1,8.636368796361758,22.959537573694163,30.746844316208822
2026-01-01 17:05:15,app-pod-1,12.765903360514057,25.509121060573356,29.722035901261282
2026-01-01 17:05:30,app-pod-1,7.562879498451185,18.680404023886872,52.296173618657534
2026-01-01 17:05:45,app-pod-1,11.627844066266029,32.51237099478817,57.39735949003742
2026-01-01 17:06:00,app-pod-1,12.793142023949352,28.494855693169125,62.61720516987231
2026-01-01 17:06:15,app-pod-1,10.282783824741937,37.69709622613152,63.457405351905486
2026-01-01 17:06:30,app-pod-1,13.5726529965237,32.64190407969884,80.13874471558951
2026-01-01 17:06:45,app-pod-1,9.62449628051902,30.886828976649664,25.12197416433306
2026-01-01 17:07:00,app-pod-1,9.890848027809287,25.71306946575311,18.69854582011138
2026-01-01 17:07:15,app-pod-1,7.595687343905027,19.86182944986608,43.01978802844581
2026-01-01 17:07:30,app-pod-1,13.573992457313947,25.13388981847386,50.35896007714981
2026-01-01 17:07:45,app-pod-1,8.217956627221257,18.90633491960947,30.295156463436943
2026-01-01 17:08:00,app-pod-1,11.561914157440475,32.64531350929879,29.422615736279504
2026-01-01 17:08:15,app-pod-1,10.293754427341298,25.281052162909475,49.933466946180076
2026-01-01 17:08:30,app-pod-1,7.344480557920189,29.903639088504463,35.409889838842886
2026-01-01 17:08:45,app-pod-1,8.670670634231866,26.749041455500123,32.35021123720943
2026-01-01 17:09:00,app-pod-1,14.641770306951951,28.785147436014135,37.741947513274894
2026-01-01 17:09:15,app-pod-1,11.09332295328545,21.917311892457064,62.510542245238575
2026-01-01 17:09:30,app-pod-1,7.456119253973551,26.727447142594876,33.660044639507795
2026-01-01 17:09:45,app-pod-1,11.394798315639859,26.883193738713928,62.346849214903045
2026-01-01 17:10:00,app-pod-1,10.035737762817696,31.535936073749493,8.597763208077303
2026-01-01 17:10:15,app-pod-1,20.831508702461832,31.005002712345288,84.17838210429652
2026-01-01 17:10:30,app-pod-1,11.320053897609371,31.00457659581174,34.52673346044129
2026-01-01 17:10:45,app-pod-1,9.318143955539306,34.726942849990195,37.814785127527
2026-01-01 17:11:00,app-pod-1,14.715461624107737,31.66360271017401,73.01000497813939
2026-01-01 17:11:15,app-pod-1,4.927651999250027,27.375813663184424,25.259818489949513
2026-01-01 17:11:30,app-pod-1,10.729126862522373,30.369840034653556,43.18834096139503
2026-01-01 17:11:45,app-pod-1,16.424881037007776,40.98787414849305,65.89123067347714
2026-01-01 17:12:00,app-pod-1,10.088450132244628,28.919717201040385,16.957322863377847
2026-01-01 17:12:15,app-pod-1,5.232620561924044,27.16262865202438,7.33196144047721
2026-01-01 17:12:30,app-pod-1,9.24026879674944,26.286808015144825,53.78038835512298
2026-01-01 17:12:45,app-pod-1,14.78709909589566,26.47902668871317,51.5653439057299
2026-01-01 17:13:00,app-pod-1,11.547299339270639,22.042231109083602,63.295483028631416
2026-01-01 17:13:15,app-pod-1,7.898091098613363,31.863284097212727,43.98792842666122
2026-01-01 17:13:30,app-pod-1,8.354523187281902,20.80636937438463,46.606169404641584
2026-01-01 17:13:45,app-pod-1,8.726766287107973,29.83805889989274,39.900780995379634
2026-01-01 17:14:00,app-pod-1,11.485099559745398,30.11965284374059,39.40027474016404
2026-01-01 17:14:15,app-pod-1,14.411756433902358,34.67715622821031,55.37974483332785
2026-01-01 17:14:30,app-pod-1,13.550122526625582,26.911525655721814,63.8062786153028
2026-01-01 17:14:45,app-pod-1,11.75659881846973,24.27596960051276,15.142183409840001
2026-01-01 17:15:00,app-pod-1,6.3893601117629455,26.364411268732848,44.214086336468895
2026-01-01 17:15:15,app-pod-1,6.396252310705296,23.01566825145614,18.083217594814066
2026-01-01 17:15:30,app-pod-1,11.975584723084939,22.227767623128067,46.60807650430863
2026-01-01 17:15:45,app-pod-1,6.335217523433647,34.127279978105285,24.17593200056151
2026-01-01 17:16:00,app-pod-1,9.690755267840908,22.826487857675907,38.165532369925806
2026-01-01 17:16:15,app-pod-1,11.275756544412628,22.924866021163766,25.398400916777717
2026-01-01 17:16:30,app-pod-1,6.946395460505859,23.651797981457214,30.061457347207842
2026-01-01 17:16:45,app-pod-1,7.282286055101282,31.361893084360467,38.04461370042015
2026-01-01 17:17:00,app-pod-1,10.068628851786352,16.214364980632364,9.607742736203978
2026-01-01 17:17:15,app-pod-1,11.85788527595793,34.1499377660478,27.9197547396471
2026-01-01 17:17:30,app-pod-1,13.52745647793525,24.91185202727316,67.54780625617795
2026-01-01 17:17:45,app-pod-1,12.160049614526494,29.834660930709816,59.28715561957589
2026-01-01 17:18:00,app-pod-1,10.555871633697494,24.009075334969243,46.70460506415163
2026-01-01 17:18:15,app-pod-1,8.092353526285775,35.624231738410074,22.137192676058
2026-01-01 17:18:30,app-pod-1,7.114276142106203,25.603093732686098,39.19129372232583
2026-01-01 17:18:45,app-pod-1,8.790448616471012,22.61285627982353,17.118284103047344
2026-01-01 17:19:00,app-pod-1,11.548992802015885,26.578838352222668,44.135930563566866
2026-01-01 17:19:15,app-pod-1,11.325186751002299,28.375816100210045,25.703352950530245
2026-01-01 17:19:30,app-pod-1,4.0117626810268,23.696616915529763,13.617021581783916
2026-01-01 17:19:45,app-pod-1,7.950613988094945,27.759242209273065,16.346592866799547
2026-01-01 17:20:00,app-pod-1,13.917367594574308,29.73513427779044,67.00663329045103
2026-01-01 17:20:15,app-pod-1,10.537713386711562,20.490587287654513,48.64858100862298
2026-01-01 17:20:30,app-pod-1,6.045288248712343,22.530363419590337,15.62251929108824
2026-01-01 17:20:45,app-pod-1,17.360048723182807,35.18532598043225,85.79468313982242
2026-01-01 17:21:00,app-pod-1,10.202053621894153,23.792023503430904,26.463484136541872
2026-01-01 17:21:15,app-pod-1,11.438197791722043,31.370644852697318,45.2235241398669
2026-01-01 17:21:30,app-pod-1,11.480110735736211,28.1946681798044,36.69812303072892
2026-01-01 17:21:45,app-pod-1,9.175114086169268,25.33387907648604,47.836032865344315
2026-01-01 17:22:00,app-pod-1,8.09156692379119,31.634816309351795,42.017904529034965
2026-01-01 17:22:15,app-pod-1,16.635723880913844,22.954349494718283,86.07224361579587
2026-01-01 17:22:30,app-pod-1,13.276750967155671,25.917121185685723,54.351770597282105
2026-01-01 17:22:45,app-pod-1,12.729402874583306,35.072725560602194,6.52366012440347
2026-01-01 17:23:00,app-pod-1,11.988940243949992,37.542503986532665,41.49273392978571
2026-01-01 17:23:15,app-pod-1,7.246625384018447,36.502600192171414,52.46539711621713
2026-01-01 17:23:30,app-pod-1,14.085696509561394,30.111765208384494,51.46786640469683
2026-01-01 17:23:45,app-pod-1,7.720259836602253,27.69366878369929,2.117996219544299
2026-01-01 17:24:00,app-pod-1,11.096093582549184,31.854404643962763,51.12435214589046
2026-01-01 17:24:15,app-pod-1,5.324662354401098,30.10264000887219,29.15954000277704
2026-01-01 17:24:30,app-pod-1,4.116877910834648,24.44727421095806,5.55952696545101
2026-01-01 17:24:45,app-pod-1,11.190973976022851,32.46442640044633,41.06265932770851
2026-01-01 17:25:00,app-pod-1,7.805471989060064,27.762699394564656,18.512448899388055
2026-01-01 17:25:15,app-pod-1,4.261960020592314,25.5944917239565,24.886385569111006
2026-01-01 17:25:30,app-pod-1,11.848007712357877,23.701759214150115,48.24102259893915
2026-01-01 17:25:45,app-pod-1,16.583161514801823,29.962144463480158,48.84601860616611
2026-01-01 17:26:00,app-pod-1,14.388363508501847,27.458008465562195,57.410296625674206
2026-01-01 17:26:15,app-pod-1,9.444516144907364,20.666684033542545,26.782698994121862
2026-01-01 17:26:30,app-pod-1,10.239816329391552,18.909845309519508,62.875175724497566
2026-01-01 17:26:45,app-pod-1,12.873233332697502,26.89312583992751,64.89839932891614
2026-01-01 17:27:00,app-pod-1,13.573356323111316,28.181937793996624,52.45923513353881
2026-01-01 17:27:15,app-pod-1,9.173246360345182,26.946457832380837,37.90894776030006
2026-01-01 17:27:30,app-pod-1,10.303291472877564,29.990993235214997,56.41980931057994
2026-01-01 17:27:45,app-pod-1,11.0995311142279,28.710282997988642,41.793968616038086
2026-01-01 17:28:00,app-pod-1,11.856267586005089,27.014831422550678,58.80095821097268
2026-01-01 17:28:15,app-pod-1,9.792384796999883,22.279037779015542,61.33033113102971
2026-01-01 17:28:30,app-pod-1,9.828357455922221,31.265195706651646,31.950198835949443
2026-01-01 17:28:45,app-pod-1,14.32513282228691,29.51848188915383,81.99270780293715
2026-01-01 17:29:00,app-pod-1,13.811244159591013,27.49892193667916,75.57172999595178
2026-01-01 17:29:15,app-pod-1,11.61198357266728,27.196117088800747,50.17631632638303
2026-01-01 17:29:30,app-pod-1,15.334172446869196,27.0701989760349,54.678009759073035
2026-01-01 17:29:45,app-pod-1,9.014624922365902,23.6568678286006,39.60017276077084
2026-01-01 17:30:00,app-pod-1,15.040023118411934,27.715724616437413,56.492579035480695
2026-01-01 17:30:15,app-pod-1,11.795813261245456,26.820382192869477,35.291675205925046
2026-01-01 17:30:30,app-pod-1,19.97853305340836,37.2637479214763,87.89826014353868
2026-01-01 17:30:45,app-pod-1,6.585220263900043,26.64521452743307,10.988016565715586
2026-01-01 17:31:00,app-pod-1,8.091865249753676,33.397992711231495,27.289142149222513
2026-01-01 17:31:15,app-pod-1,11.413553061131049,34.048132603351775,40.77318683741571
2026-01-01 17:31:30,app-pod-1,11.346143916817633,37.72440960794522,24.905683815706386
2026-01-01 17:31:45,app-pod-1,16.002164506218477,33.99730755270708,73.88573837160692
2026-01-01 17:32:00,app-pod-1,8.143952917274955,28.41629315396012,29.150741062637984
2026-01-01 17:32:15,app-pod-1,12.861185557580487,26.565751002120663,70.9273918817378
2026-01-01 17:32:30,app-pod-1,13.631195673864887,33.67191145918291,50.854987652360535
2026-01-01 17:32:45,app-pod-1,12.255150441917245,25.29802065912662,42.92167413480654
2026-01-01 17:33:00,app-pod-1,7.2556418351285155,17.72667166268207,15.452926617801143
2026-01-01 17:33:15,app-pod-1,14.35935482558532,37.6831653391485,58.02285739278068
2026-01-01 17:33:30,app-pod-1,13.821524389002489,23.429159099138385,55.956271039095235
2026-01-01 17:33:45,app-pod-1,11.929797978982243,30.54511753326556,58.84569294443145
2026-01-01 17:34:00,app-pod-1,10.741605948095115,23.11746729949977,43.971708647380524
2026-01-01 17:34:15,app-pod-1,10.804429028713583,33.19643843405868,74.62648154817273
2026-01-01 17:34:30,app-pod-1,9.887463382154307,33.23597429636149,46.3931124904285
2026-01-01 17:34:45,app-pod-1,12.043615572998615,31.07641993821496,33.37190752365328
2026-01-01 17:35:00,app-pod-1,10.212277794388541,33.380418003452974,24.776966033069876
2026-01-01 17:35:15,app-pod-1,7.570935031593514,25.336339901271074,38.30570215905977
2026-01-01 17:35:30,app-pod-1,6.96839540486349,36.048750187534694,12.598659900948634
2026-01-01 17:35:45,app-pod-1,7.855745622465162,29.22984810319015,40.345648257970495
2026-01-01 17:36:00,app-pod-1,10.775958820282888,23.040413376079556,56.538420956227824
2026-01-01 17:36:15,app-pod-1,10.026425960405755,27.366531716004722,53.90183648428301
2026-01-01 17:36:30,app-pod-1,10.751079897218276,26.76324579697745,29.966510835488037
2026-01-01 17:36:45,app-pod-1,11.605266638866116,26.871566355017976,60.24313417967742
2026-01-01 17:37:00,app-pod-1,8.218666857231128,17.467370660565752,37.7135060041723
2026-01-01 17:37:15,app-pod-1,14.495436215264977,32.081128072902786,48.863678950341225
2026-01-01 17:37:30,app-pod-1,9.293172985413637,19.576456195086784,34.78167475416885
2026-01-01 17:37:45,app-pod-1,8.793897952177229,13.528692163912142,42.24478820142244
2026-01-01 17:38:00,app-pod-1,11.539234744653783,26.357396115641126,36.06417251124927
2026-01-01 17:38:15,app-pod-1,4.580466240337091,19.426858101274775,22.84975674769335
2026-01-01 17:38:30,app-pod-1,7.716338004244697,21.093751539793523,52.54938124506911
2026-01-01 17:38:45,app-pod-1,13.029127949031219,13.604909812494247,66.57735375146574
2026-01-01 17:39:00,app-pod-1,4.871635661320433,19.155930583159062,20.716335547997655
2026-01-01 17:39:15,app-pod-1,13.434639633255527,28.536038417415355,57.25069766323978
2026-01-01 17:39:30,app-pod-1,14.61336603624227,27.058586524889122,50.38252007484667
2026-01-01 17:39:45,app-pod-1,8.969653321495011,28.215475706313164,28.230167177475085
2026-01-01 17:40:00,app-pod-1,10.95154434044402,34.629384280688626,20.748232929224866
2026-01-01 17:40:15,app-pod-1,13.4314777035911,31.983871593789644,57.492556616205555
2026-01-01 17:40:30,app-pod-1,8.671983005702934,31.20235957450198,44.92540849676303
2026-01-01 17:40:45,app-pod-1,12.673834964350284,34.41731792328744,49.63268757215538
2026-01-01 17:41:00,app-pod-1,8.055243564652756,20.544366659923366,19.061111331597402
2026-01-01 17:41:15,app-pod-1,8.634088333816857,28.239435297102773,35.52828046818516
2026-01-01 17:41:30,app-pod-1,7.667114803247258,30.34276712910041,50.79492773013206
2026-01-01 17:41:45,app-pod-1,11.091318496953894,25.58412055762533,57.8349988013576
2026-01-01 17:42:00,app-pod-1,13.53556048303409,25.521759087972406,53.700126473241724
2026-01-01 17:42:15,app-pod-1,9.507614679825451,29.30736257196003,68.74191474549754
2026-01-01 17:42:30,app-pod-1,6.244529874173459,16.963026552983024,65.4588743450418
2026-01-01 17:42:45,app-pod-1,6.808504493672599,19.325930230239354,20.031878756636516
2026-01-01 17:43:00,app-pod-1,11.238794562121909,24.53337445556817,41.266906725933104
2026-01-01 17:43:15,app-pod-1,15.585740608463158,33.16258949157775,72.7429319224769
2026-01-01 17:43:30,app-pod-1,11.232985171196152,28.957652227615625,31.23729517772436
2026-01-01 17:43:45,app-pod-1,8.889563062855848,31.384548541759752,48.29526575330412
2026-01-01 17:44:00,app-pod-1,12.347270895354367,24.03373935493096,50.911098983339635
2026-01-01 17:44:15,app-pod-1,9.328713108299446,21.65273431947207,42.889429775501576
2026-01-01 17:44:30,app-pod-1,8.910867125282243,28.85716683144589,27.01190083514406
2026-01-01 17:44:45,app-pod-1,7.16888296643174,21.02488355596704,16.85998151153293
2026-01-01 17:45:00,app-pod-1,14.268168067966997,26.970198070104793,27.290690283135184
2026-01-01 17:45:15,app-pod-1,2.423782781731057,12.412823750952995,31.96684457378874
2026-01-01 17:45:30,app-pod-1,12.433592883009418,30.157745025174528,63.856068177741335
2026-01-01 17:45:45,app-pod-1,8.647412967351467,33.75964143622687,44.69003696329241
2026-01-01 17:46:00,app-pod-1,8.806281837207825,21.01795270454358,40.450019612023496
2026-01-01 17:46:15,app-pod-1,15.11292950457974,35.687568711806385,25.88830190669706
2026-01-01 17:46:30,app-pod-1,7.892294519705528,25.227613258844112,20.302660453520907
2026-01-01 17:46:45,app-pod-1,7.993207851257978,16.76817230383043,28.1316171004989
2026-01-01 17:47:00,app-pod-1,9.640983872094433,22.27505443232546,22.343740200757313
2026-01-01 17:47:15,app-pod-1,11.272483781757714,23.10840198321154,19.68710580299508
2026-01-01 17:47:30,app-pod-1,8.70417307432613,24.51028222632516,20.15624955782487
2026-01-01 17:47:45,app-pod-1,5.3069861893259045,25.812461774761655,21.96508898626471
2026-01-01 17:48:00,app-pod-1,7.430314762263228,34.44583451979142,30.462243771851426
2026-01-01 17:48:15,app-pod-1,13.87028096389595,22.553467700134732,69.0939663646496
2026-01-01 17:48:30,app-pod-1,10.2495036184662,24.7507655483264,71.94570998725953
2026-01-01 17:48:45,app-pod-1,11.37735272700802,23.484242644352058,55.795833709502006
2026-01-01 17:49:00,app-pod-1,9.238768648781875,20.127240746700824,34.321829337270636
2026-01-01 17:49:15,app-pod-1,8.043504347012806,26.10769147595679,59.178915068976536
2026-01-01 17:49:30,app-pod-1,15.05369472244903,30.544986261648557,36.4857324708176
2026-01-01 17:49:45,app-pod-1,9.455423512221373,17.54978472314062,6.6390475696319164
2026-01-01 17:50:00,app-pod-1,8.688925929781465,26.17300079057435,21.454852565155438
2026-01-01 17:50:15,app-pod-1,13.306522928000014,23.287586085044314,65.4089034304746
2026-01-01 17:50:30,app-pod-1,7.850098789604111,25.554207748397754,33.928798938747605
2026-01-01 17:50:45,app-pod-1,8.232105649947584,32.10995642099376,16.003567016741425
2026-01-01 17:51:00,app-pod-1,10.046159327236238,29.34765133444506,29.278219278021684
2026-01-01 17:51:15,app-pod-1,10.015384961252034,27.898354944911873,21.43928733764384
2026-01-01 17:51:30,app-pod-1,10.792587847390106,24.91098270615614,24.547725241101766
2026-01-01 17:51:45,app-pod-1,16.287964008427643,31.735913060123224,88.41772265497983
2026-01-01 17:52:00,app-pod-1,11.020928198675197,30.530920850310046,41.93218826344605
2026-01-01 17:52:15,app-pod-1,2.877272074478909,24.334922166177286,38.052819622699346
2026-01-01 17:52:30,app-pod-1,10.989605080767369,27.196629737469436,30.608204645637564
2026-01-01 17:52:45,app-pod-1,10.12364630717455,28.173434034716763,47.86146042711963
2026-01-01 17:53:00,app-pod-1,10.139678256320117,20.51496567921368,43.96495293002888
2026-01-01 17:53:15,app-pod-1,10.746515758148089,23.850877156814974,56.18128662757715
2026-01-01 17:53:30,app-pod-1,9.92200840154148,30.483204643808964,43.506261178376306
2026-01-01 17:53:45,app-pod-1,9.849600208668802,31.104884902939197,54.17465173376229
2026-01-01 17:54:00,app-pod-1,11.845986129801213,28.760183245057657,55.69690870685178
2026-01-01 17:54:15,app-pod-1,8.38005191163774,33.26086500997218,17.151129297825285
2026-01-01 17:54:30,app-pod-1,7.162699889779999,27.553987005152834,39.64152102553086
2026-01-01 17:54:45,app-pod-1,19.076591639421963,32.18797655828005,74.75988109655275
2026-01-01 17:55:00,app-pod-1,7.8571871270581175,19.401267223737896,19.777954820840066
2026-01-01 17:55:15,app-pod-1,10.3047241651993,34.40697316578408,51.628563311309364
2026-01-01 17:55:30,app-pod-1,5.516874437732601,27.713399392185707,35.89087596803874
2026-01-01 17:55:45,app-pod-1,10.352843991698826,36.23854790884177,34.15789850216527
2026-01-01 17:56:00,app-pod-1,7.203369444804171,35.8765958888825,23.555004004666394
2026-01-01 17:56:15,app-pod-1,8.675258413258732,19.637979355367307,13.894229133264972
2026-01-01 17:56:30,app-pod-1,13.137526179106604,22.774599604738697,25.479197798874868
2026-01-01 17:56:45,app-pod-1,11.418039622370394,13.676628172813938,42.03753403386618
2026-01-01 17:57:00,app-pod-1,11.706942022244316,32.7866701007198,58.70858532119047
2026-01-01 17:57:15,app-pod-1,4.6878252608226685,26.563891120013864,10.152315627189026
2026-01-01 17:57:30,app-pod-1,15.511875409484043,31.34720778726806,83.46440659613853
2026-01-01 17:57:45,app-pod-1,6.425319887987814,18.367057766374465,22.625169674473796
2026-01-01 17:58:00,app-pod-1,14.586443981598169,29.76534234149486,55.33063604953989
2026-01-01 17:58:15,app-pod-1,13.065214651891562,30.069177731362622,47.92448294950898
2026-01-01 17:58:30,app-pod-1,11.732426592071455,32.126326948845865,61.65359497525112
2026-01-01 17:58:45,app-pod-1,7.435343134486423,26.569674766466925,15.357713983390582
2026-01-01 17:59:00,app-pod-1,10.454959920043878,30.637478418986547,39.88543717029169
2026-01-01 17:59:15,app-pod-1,8.587342860031493,25.3904856524518,26.138792148329834
2026-01-01 17:59:30,app-pod-1,10.087166310968838,32.96842588730445,31.925144668750193
2026-01-01 17:59:45,app-pod-1,9.250395121860102,29.63392697251928,37.5288956546154
2026-01-01 18:00:00,app-pod-1,3.884168480282775,16.78425258269382,13.836824559399956
2026-01-01 18:00:15,app-pod-1,13.365364352070547,36.30185688473059,69.23652688809251
2026-01-01 18:00:30,app-pod-1,9.756726126804878,32.9575659023391,38.86529150422156
2026-01-01 18:00:45,app-pod-1,8.545705893459361,28.30936781068626,42.507909748572516
2026-01-01 18:01:00,app-pod-1,8.319208687096006,27.227034605904528,35.868161946809046
2026-01-01 18:01:15,app-pod-1,11.075676206311872,36.046031188809934,65.3590898283894
2026-01-01 18:01:30,app-pod-1,7.319159351833998,16.956847214923428,24.74086287604047
2026-01-01 18:01:45,app-pod-1,3.2350563785249733,28.470662085265737,8.446654610587231
2026-01-01 18:02:00,app-pod-1,11.222150948341403,25.474472170967225,56.06418261001292
2026-01-01 18:02:15,app-pod-1,11.558272814683903,33.566678202330664,41.49304863084887
2026-01-01 18:02:30,app-pod-1,9.402294425964106,27.18348533402009,45.08505297500963
2026-01-01 18:02:45,app-pod-1,6.55773115042823,18.37578168825857,61.299640684764974
2026-01-01 18:03:00,app-pod-1,10.268520071187714,24.705364999652943,26.38979034425214
2026-01-01 18:03:15,app-pod-1,5.6084138122954075,29.03453503443661,45.408712245007095
2026-01-01 18:03:30,app-pod-1,6.920640391730258,23.793408867611813,20.29946214226379
2026-01-01 18:03:45,app-pod-1,7.750583432296281,22.31798132901687,51.0675136443464
2026-01-01 18:04:00,app-pod-1,12.534863309546843,25.633544027707686,60.4301410665737
2026-01-01 18:04:15,app-pod-1,8.91560589523381,29.45216123783262,44.66733847066792
2026-01-01 18:04:30,app-pod-1,8.66025595502932,34.81535431922034,32.376576612700475
2026-01-01 18:04:45,app-pod-1,15.868372974052809,20.40344422865556,59.71594285636368
2026-01-01 18:05:00,app-pod-1,11.06214694996796,41.746925101694,33.41847409924829
2026-01-01 18:05:15,app-pod-1,11.022230812979268,28.734292713966145,44.18306387436422
2026-01-01 18:05:30,app-pod-1,8.896656661071201,29.128780339243978,32.827954950324475
2026-01-01 18:05:45,app-pod-1,8.21717930031091,23.570716774480605,35.73399099792497
2026-01-01 18:06:00,app-pod-1,3.4476341804374036,22.39576830202205,0.0
2026-01-01 18:06:15,app-pod-1,12.91365808360564,30.002125719179485,51.99430913180574
2026-01-01 18:06:30,app-pod-1,11.352972381835015,22.701600705599333,64.35168431130631
2026-01-01 18:06:45,app-pod-1,9.471175850319334,22.601415903935887,52.04543142152839
2026-01-01 18:07:00,app-pod-1,9.597648077756974,32.64119135888615,38.735618957127976
2026-01-01 18:07:15,app-pod-1,12.218439110488918,20.791173150546136,87.31002797533043
2026-01-01 18:07:30,app-pod-1,5.346578031233126,25.947800138430893,12.726012551122635
2026-01-01 18:07:45,app-pod-1,8.241789968069893,23.916668430803004,31.667079230000006
2026-01-01 18:08:00,app-pod-1,6.603274870940495,19.81875666228047,4.655374529209805
2026-01-01 18:08:15,app-pod-1,15.327484587701418,40.588898471238,55.25540867666653
2026-01-01 18:08:30,app-pod-1,12.640720399240365,24.075991473161064,77.38009353746617
2026-01-01 18:08:45,app-pod-1,3.406496725581402,16.734037709234624,8.143769169032723
2026-01-01 18:09:00,app-pod-1,5.474134395265617,22.89703055908325,0.0
2026-01-01 18:09:15,app-pod-1,9.619250661197116,22.890682292327476,51.55698589420803
2026-01-01 18:09:30,app-pod-1,8.599859229988992,26.051804745965036,40.23759055308766
2026-01-01 18:09:45,app-pod-1,6.044949204703329,25.008460926549283,36.639487809193064
2026-01-01 18:10:00,app-pod-1,15.853322281314313,32.27061592509465,58.957522951614195
2026-01-01 18:10:15,app-pod-1,10.957618825322347,27.050878941507825,28.723617332254072
2026-01-01 18:10:30,app-pod-1,11.445435341412072,24.500996223527324,43.02739181911496
2026-01-01 18:10:45,app-pod-1,7.945952587835974,28.779182024881834,40.106485147112195
2026-01-01 18:11:00,app-pod-1,12.189854711834995,27.974434465763775,47.6745147461893
2026-01-01 18:11:15,app-pod-1,8.882792592950516,23.73986825479047,41.35049797103454
2026-01-01 18:11:30,app-pod-1,9.175143729937169,33.82256910644363,28.648300602110112
2026-01-01 18:11:45,app-pod-1,11.859285273978172,27.694939889827467,53.813589029877726
2026-01-01 18:12:00,app-pod-1,5.140416609727625,29.05822463429229,20.516457369506526
2026-01-01 18:12:15,app-pod-1,14.81964656048651,36.50794482788751,48.69047749909792
2026-01-01 18:12:30,app-pod-1,10.576908065376367,33.842199822892425,44.40688458785812
2026-01-01 18:12:45,app-pod-1,13.873774250662272,33.167431016019094,49.69471481347784
2026-01-01 18:13:00,app-pod-1,6.805907318996568,24.760967638918775,36.48109629416421
2026-01-01 18:13:15,app-pod-1,7.26391994125863,24.76453550562591,42.15303343351868
2026-01-01 18:13:30,app-pod-1,6.548987131506246,23.363690399637928,33.71901539930559
2026-01-01 18:13:45,app-pod-1,10.78687705422082,16.716335587888945,18.62269704377154
2026-01-01 18:14:00,app-pod-1,10.235253937317397,30.75871178486149,26.469454442829182
2026-01-01 18:14:15,app-pod-1,8.645412323050536,27.27411645806077,25.032996295598004
2026-01-01 18:14:30,app-pod-1,6.997807703515767,29.026086723504175,16.04652014910163
2026-01-01 18:14:45,app-pod-1,6.24161772502552,23.784124650158045,16.82376627517738
2026-01-01 18:15:00,app-pod-1,9.897369833815961,30.2522846934388,53.468206446276355
2026-01-01 18:15:15,app-pod-1,8.647499944751727,19.165714647018987,45.06981635709009
2026-01-01 18:15:30,app-pod-1,7.988901800300072,19.7459032139022,25.597837255150843
2026-01-01 18:15:45,app-pod-1,14.688477473454515,17.900876232811253,67.63081479369276
2026-01-01 18:16:00,app-pod-1,9.801741960225314,26.189473392999588,44.13959862788347
2026-01-01 18:16:15,app-pod-1,13.860381516590381,25.839639122720264,54.948643901303676
2026-01-01 18:16:30,app-pod-1,8.45205362520487,21.39952816179131,51.03158503989497
2026-01-01 18:16:45,app-pod-1,10.787720219676318,29.22466604359996,33.231436267354155
2026-01-01 18:17:00,app-pod-1,9.888568249241283,24.794461803480758,40.34566605591646
2026-01-01 18:17:15,app-pod-1,4.963758031978678,16.309175588366763,4.092130592883677
2026-01-01 18:17:30,app-pod-1,14.343292272702406,42.76413845465217,42.32922726901186
2026-01-01 18:17:45,app-pod-1,9.654492655079697,26.573091756115407,18.206495247006213
2026-01-01 18:18:00,app-pod-1,12.30090798423632,23.194820324286944,34.41577466997678
2026-01-01 18:18:15,app-pod-1,7.807290731984805,22.115926207724115,32.47567134527151
2026-01-01 18:18:30,app-pod-1,9.570591051482886,25.833698890992,33.74510151730262
2026-01-01 18:18:45,app-pod-1,7.46633813404633,24.350206882546427,25.817283180086584
2026-01-01 18:19:00,app-pod-1,13.776685398334951,36.15450114406384,50.61929482046181
2026-01-01 18:19:15,app-pod-1,11.004736445123763,27.306165723425593,70.61008515637621
2026-01-01 18:19:30,app-pod-1,11.173511149876154,37.09749866425457,27.636342367547673
2026-01-01 18:19:45,app-pod-1,14.148768890352956,27.742023503186537,37.933675765425775
2026-01-01 18:20:00,app-pod-1,13.54512992886216,31.613771151502974,41.49918082684712
2026-01-01 18:20:15,app-pod-1,12.374046943375113,33.77173383200173,48.41776525382561
2026-01-01 18:20:30,app-pod-1,5.814774296052474,30.046103530795122,30.980666873015714
2026-01-01 18:20:45,app-pod-1,7.994879683906005,32.155776865878266,41.25833294390604
2026-01-01 18:21:00,app-pod-1,7.072237040472707,23.59050722393022,42.45852290743765
2026-01-01 18:21:15,app-pod-1,12.268510633833117,28.560511142308584,47.45045954469959
2026-01-01 18:21:30,app-pod-1,10.59989717866361,15.02281519224615,36.45477191605238
2026-01-01 18:21:45,app-pod-1,5.918459546570525,23.162871489596565,48.175748610566664
2026-01-01 18:22:00,app-pod-1,9.52584339362274,32.124361265185826,0.0
2026-01-01 18:22:15,app-pod-1,5.611841899365416,28.412471728835204,23.388752934123872
2026-01-01 18:22:30,app-pod-1,9.93683600234678,26.52334959659234,46.19744817679626
2026-01-01 18:22:45,app-pod-1,5.132338198267378,32.08833395343695,48.634612828723235
2026-01-01 18:23:00,app-pod-1,11.687112115135603,26.260952058870885,21.83995588271372
2026-01-01 18:23:15,app-pod-1,11.236715116330002,24.285001461331504,38.644795888879656
2026-01-01 18:23:30,app-pod-1,15.828893997392672,28.739417122043026,42.951422972894804
2026-01-01 18:23:45,app-pod-1,12.650913338203399,23.2433142125618,23.62950783916953
2026-01-01 18:24:00,app-pod-1,8.840819325167026,29.3005486861346,32.29539191127174
2026-01-01 18:24:15,app-pod-1,12.566064663245493,30.23865432231489,62.76066501716809
2026-01-01 18:24:30,app-pod-1,5.921178696510731,27.19472231942277,41.774258611009444
2026-01-01 18:24:45,app-pod-1,7.229092146608181,22.98850874296967,20.938276472219123
2026-01-01 18:25:00,app-pod-1,11.118300831778937,27.492445685548986,54.471096935089584
2026-01-01 18:25:15,app-pod-1,3.6465111819969067,11.660464210353297,11.620264253007981
2026-01-01 18:25:30,app-pod-1,10.01218840407079,28.889659639404787,48.39736030312093
2026-01-01 18:25:45,app-pod-1,7.065315122225204,25.43992786085589,45.578389203789186
2026-01-01 18:26:00,app-pod-1,10.43248405192804,21.800100528882304,38.81647961747338
2026-01-01 18:26:15,app-pod-1,6.897835345469321,24.305197081395537,43.74595711825239
2026-01-01 18:26:30,app-pod-1,11.406294007421819,26.695159294844437,27.429766711872077
2026-01-01 18:26:45,app-pod-1,10.194060680824895,35.957402151614886,50.62390047783511
2026-01-01 18:27:00,app-pod-1,14.339728611545468,24.732175187442806,72.86401353800913
2026-01-01 18:27:15,app-pod-1,10.161410547560168,28.770118277625627,54.598780289587474
2026-01-01 18:27:30,app-pod-1,7.837878244934501,20.032673008062346,13.576193294870553
2026-01-01 18:27:45,app-pod-1,9.405772434016987,23.79467348346054,34.53592474448768
2026-01-01 18:28:00,app-pod-1,6.116367776123365,25.665552211747507,28.998098057838668
2026-01-01 18:28:15,app-pod-1,11.370159317809742,26.90229656815126,52.12642387725986
2026-01-01 18:28:30,app-pod-1,11.923992496826475,28.31684046671075,49.434109227824315
2026-01-01 18:28:45,app-pod-1,17.56474768660786,33.958933921785345,91.69678497770416
2026-01-01 18:29:00,app-pod-1,8.294393034592487,23.33762726822195,13.742881978318593
2026-01-01 18:29:15,app-pod-1,9.359282323221931,30.97223030033255,33.833366783140185
2026-01-01 18:29:30,app-pod-1,8.438179113449948,24.37932666322694,8.436134953216339
2026-01-01 18:29:45,app-pod-1,10.804608034032476,27.075448316059877,52.537164289188325
2026-01-01 18:30:00,app-pod-1,11.316174375962632,29.72787843611312,53.58398921545479
2026-01-01 18:30:15,app-pod-1,10.013837675759618,28.144687378855906,90.28440118878235
2026-01-01 18:30:30,app-pod-1,13.435822987419506,32.62621571390792,69.13868682546551
2026-01-01 18:30:45,app-pod-1,8.328813341094683,27.414991346189804,38.28573048167906
2026-01-01 18:31:00,app-pod-1,13.14120419593449,31.543996244935016,56.38824291884551
2026-01-01 18:31:15,app-pod-1,11.801129393946994,26.633928004937186,42.45535391639129
2026-01-01 18:31:30,app-pod-1,10.152523431431614,21.76291091157453,42.567409135194126
2026-01-01 18:31:45,app-pod-1,9.246804200762249,19.334568426769273,41.130951226957194
2026-01-01 18:32:00,app-pod-1,17.474641901362702,23.878698592742396,40.42717753578748
2026-01-01 18:32:15,app-pod-1,7.746660741708052,34.236296107842016,33.940346824437185
2026-01-01 18:32:30,app-pod-1,11.094557856609086,16.70232344515573,45.893374952057464
2026-01-01 18:32:45,app-pod-1,7.95319630609588,31.535854909152626,58.12298437527581
2026-01-01 18:33:00,app-pod-1,15.563834509470512,26.790339100141992,60.28026164084478
2026-01-01 18:33:15,app-pod-1,12.870593548743368,34.94162034471938,39.99919388753061
2026-01-01 18:33:30,app-pod-1,8.178230772777283,14.712061401366848,36.74090432230861
2026-01-01 18:33:45,app-pod-1,11.754254780998066,27.052508837282232,48.13224020221183
2026-01-01 18:34:00,app-pod-1,10.992769896591328,34.965060942740266,42.012070239515005
2026-01-01 18:34:15,app-pod-1,8.67304491572524,29.637179258385576,15.50734750095183
2026-01-01 18:34:30,app-pod-1,12.50067185520117,27.06414299518686,47.66239493866449
2026-01-01 18:34:45,app-pod-1,11.39737890779736,18.263278727815745,36.90163754767923
2026-01-01 18:35:00,app-pod-1,10.879865932302645,21.00346354185719,40.272241245525606
2026-01-01 18:35:15,app-pod-1,10.110341234336525,34.02297434683246,51.42366328521259
2026-01-01 18:35:30,app-pod-1,11.532617940576161,26.331626552134686,36.012756673616764
2026-01-01 18:35:45,app-pod-1,10.930995055272183,27.29257602162333,40.40549297609559
2026-01-01 18:36:00,app-pod-1,10.423513187172295,28.71413475453376,49.81212725281151
2026-01-01 18:36:15,app-pod-1,8.32661006267481,19.314432478434586,29.265405988862717
2026-01-01 18:36:30,app-pod-1,15.334404656628053,32.77053415884053,100.47540843450456
2026-01-01 18:36:45,app-pod-1,7.105317725057864,22.875645004195473,32.15426841392728
2026-01-01 18:37:00,app-pod-1,11.542981325434594,29.54860085568192,27.543469817600823
2026-01-01 18:37:15,app-pod-1,9.302869044352978,23.621753728361913,24.621935031265444
2026-01-01 18:37:30,app-pod-1,15.54577516665032,23.01646231634944,48.08407883779126
2026-01-01 18:37:45,app-pod-1,7.560251314044501,23.155313260771063,17.865610960942547
2026-01-01 18:38:00,app-pod-1,8.068498183974377,28.851836814322073,40.32866450918878
2026-01-01 18:38:15,app-pod-1,7.36844629486435,27.128212851790224,12.876143334945944
2026-01-01 18:38:30,app-pod-1,11.25193162045264,28.031006470990484,40.03964013678213
2026-01-01 18:38:45,app-pod-1,6.166043935075894,28.80689001960484,41.80537936421382
2026-01-01 18:39:00,app-pod-1,8.853293334565146,25.17933527147447,27.616591019976706
2026-01-01 18:39:15,app-pod-1,3.835487709825496,22.966222966953936,25.414249281446473
2026-01-01 18:39:30,app-pod-1,11.017579050405573,25.31347093681527,18.82576239446733
2026-01-01 18:39:45,app-pod-1,8.79942366703035,30.94268645068852,29.638468856261518
2026-01-01 18:40:00,app-pod-1,5.839674707960278,25.54541503418102,10.06951802022919
2026-01-01 18:40:15,app-pod-1,13.56447328181963,26.710340746406878,58.754457476163
2026-01-01 18:40:30,app-pod-1,6.388467943047346,17.02677882749412,10.032199856558922
2026-01-01 18:40:45,app-pod-1,12.706146701204917,34.41910906533508,81.86944000809555
2026-01-01 18:41:00,app-pod-1,8.21606357511077,22.03091924665434,8.273480889170443
2026-01-01 18:41:15,app-pod-1,15.12779401514473,30.949777573049044,77.54789321876004
2026-01-01 18:41:30,app-pod-1,12.575648746418196,40.56595253821559,63.47675126973651
2026-01-01 18:41:45,app-pod-1,7.3067941743348355,29.12230363070093,33.87509404528939
2026-01-01 18:42:00,app-pod-1,7.5836541920899885,33.364305878597946,31.151115571039817
2026-01-01 18:42:15,app-pod-1,12.155464925887765,25.81820138541569,76.44623976339969
2026-01-01 18:42:30,app-pod-1,9.555765774563472,32.043918026295465,75.28752143942219
2026-01-01 18:42:45,app-pod-1,9.838906892321667,27.020579789384623,36.24662724519494
2026-01-01 18:43:00,app-pod-1,14.167708630806096,31.747480645407176,59.03737512998655
2026-01-01 18:43:15,app-pod-1,8.109006438068002,35.780513071845405,24.150022485977754
2026-01-01 18:43:30,app-pod-1,10.633058763120285,26.04991201343567,24.99292408361079
2026-01-01 18:43:45,app-pod-1,13.22718858681101,29.35530427915039,59.85544566121266
2026-01-01 18:44:00,app-pod-1,12.794808796203519,24.44029289980265,54.923571229594714
2026-01-01 18:44:15,app-pod-1,9.892792814670308,31.367297749809598,15.417851962905576
2026-01-01 18:44:30,app-pod-1,9.509111016885674,23.853243220386794,44.87647384538764
2026-01-01 18:44:45,app-pod-1,5.163603465122821,28.728074504680368,24.901511656331287
2026-01-01 18:45:00,app-pod-1,7.215559413939804,16.801325381033607,19.843567342635335
2026-01-01 18:45:15,app-pod-1,11.343639951866539,30.68373832547461,35.37671989428371
2026-01-01 18:45:30,app-pod-1,9.979206921401355,23.766978314665668,46.273524196758515
2026-01-01 18:45:45,app-pod-1,10.621949270785073,31.087952686200605,66.62102191084998
2026-01-01 18:46:00,app-pod-1,13.519266736485587,29.395690851268768,60.05300139077339
2026-01-01 18:46:15,app-pod-1,6.843897773370589,22.114033867017955,39.08285486227377
2026-01-01 18:46:30,app-pod-1,9.701710702121021,24.85839940710474,26.3238969038862
2026-01-01 18:46:45,app-pod-1,10.980792317384566,23.434613121875994,37.70908342589563
2026-01-01 18:47:00,app-pod-1,8.306610737584775,30.003566292913636,42.34669454362986
2026-01-01 18:47:15,app-pod-1,14.7179763148008,25.059396673233486,38.49673198946722
2026-01-01 18:47:30,app-pod-1,13.153783094820676,27.872254972710486,55.723157853835346
2026-01-01 18:47:45,app-pod-1,11.302923677134547,29.63824447250655,52.61304020650003
2026-01-01 18:48:00,app-pod-1,15.819743323309641,39.14129295355934,62.70096179381493
2026-01-01 18:48:15,app-pod-1,5.944909714134127,24.11494379543482,28.570219343110523
2026-01-01 18:48:30,app-pod-1,10.42298755006203,26.08353835235122,42.55924791700471
2026-01-01 18:48:45,app-pod-1,11.549771407930747,29.45301431113166,36.866661590805535
2026-01-01 18:49:00,app-pod-1,7.711712730364658,15.030877832883114,13.175249427775736
2026-01-01 18:49:15,app-pod-1,11.362162122191581,21.96028498208051,44.09394824929763
2026-01-01 18:49:30,app-pod-1,7.144934892218913,23.124621930160984,48.14732961977968
2026-01-01 18:49:45,app-pod-1,12.541041450552042,25.213883261723165,65.52987676611505
2026-01-01 18:50:00,app-pod-1,13.647584161988052,21.549142467174576,49.41035221541063
2026-01-01 18:50:15,app-pod-1,11.295813656978769,32.195962815723064,39.69168804846053
2026-01-01 18:50:30,app-pod-1,4.925176832879239,24.74640743080208,13.105021489962258
2026-01-01 18:50:45,app-pod-1,7.587969761883901,26.012905069731268,23.75812100969843
2026-01-01 18:51:00,app-pod-1,12.187283599469225,25.06114276385659,53.06537574440976
2026-01-01 18:51:15,app-pod-1,10.561575996238922,27.79006802068557,58.108524915451746
2026-01-01 18:51:30,app-pod-1,2.4208218941777133,24.266822623129695,43.62542610118946
2026-01-01 18:51:45,app-pod-1,14.23619378032382,28.64085537671027,44.49706231350524
2026-01-01 18:52:00,app-pod-1,10.922568223056793,29.868658952341576,53.4579780959388
2026-01-01 18:52:15,app-pod-1,8.06029397615773,21.661903374184835,40.37619194972172
2026-01-01 18:52:30,app-pod-1,13.507327207153317,29.94255560995589,49.083112536457605
2026-01-01 18:52:45,app-pod-1,8.4948059985799,31.658855613636426,18.589085258526694
2026-01-01 18:53:00,app-pod-1,8.467058477978382,32.08703945246506,37.99883036458374
2026-01-01 18:53:15,app-pod-1,11.612484742030507,34.766683344169664,78.24813577124795
2026-01-01 18:53:30,app-pod-1,15.885577283655799,32.547746175723645,67.57801570240262
2026-01-01 18:53:45,app-pod-1,15.418281709539892,30.95086697096665,49.86465273139876
2026-01-01 18:54:00,app-pod-1,11.631736088758785,25.898270681334076,44.16794972528753
2026-01-01 18:54:15,app-pod-1,11.94486312570913,19.32398040540931,30.676842096209576
2026-01-01 18:54:30,app-pod-1,12.937330637136851,22.331632963993336,52.026976836946375
2026-01-01 18:54:45,app-pod-1,6.797033635009537,23.91764868468038,37.43925495503988
2026-01-01 18:55:00,app-pod-1,12.505603615190719,28.21248028499135,39.63341319200296
2026-01-01 18:55:15,app-pod-1,8.376135258146821,32.924409824735235,0.0
2026-01-01 18:55:30,app-pod-1,11.539010031851177,34.65130266917395,50.30925621883834
2026-01-01 18:55:45,app-pod-1,9.906416221353323,23.5020606475144,32.10237648101862
2026-01-01 18:56:00,app-pod-1,12.09771045582271,32.56002589452099,37.13079430152389
2026-01-01 18:56:15,app-pod-1,10.953685331128503,25.2822354089204,32.4252172740442
2026-01-01 18:56:30,app-pod-1,1.3855966703045972,24.38299938423222,11.546165566671082
2026-01-01 18:56:45,app-pod-1,11.146698243252276,31.832777410810316,38.4682042881124
2026-01-01 18:57:00,app-pod-1,12.541840662762699,34.989752524672575,64.12404713735694
2026-01-01 18:57:15,app-pod-1,11.958548614592013,25.90776725630092,62.12096946498739
2026-01-01 18:57:30,app-pod-1,10.3184105542424,32.2944058238743,37.21416214385473
2026-01-01 18:57:45,app-pod-1,15.558081345099316,21.526586760963163,54.41933575525071
2026-01-01 18:58:00,app-pod-1,11.571166579802828,34.58089501355629,48.200293899759714
2026-01-01 18:58:15,app-pod-1,11.955541056350578,28.243795125352822,45.6412664983694
2026-01-01 18:58:30,app-pod-1,13.781493834946515,29.628405694534074,28.83826996919664
2026-01-01 18:58:45,app-pod-1,11.74131717605734,18.031739494787875,75.67682498511564
2026-01-01 18:59:00,app-pod-1,7.965027961478527,23.632190136798066,42.57514805707317
2026-01-01 18:59:15,app-pod-1,3.349635039120983,29.12214152545244,6.446264533565128
2026-01-01 18:59:30,app-pod-1,9.238873640506316,24.33370208984035,8.209746383935826
2026-01-01 18:59:45,app-pod-1,12.958684991016126,32.63839329858733,49.1282620330318
2026-01-01 19:00:00,app-pod-1,9.62219447996522,26.9083117745462,29.669125619330494
2026-01-01 19:00:15,app-pod-1,13.090676639238094,34.47681934546516,51.45410851079963
2026-01-01 19:00:30,app-pod-1,11.139007078923841,28.754809781267312,12.097971051500139
2026-01-01 19:00:45,app-pod-1,14.562724764555607,25.534849679698414,51.16719942991664
2026-01-01 19:01:00,app-pod-1,9.818603402061758,27.155275780687944,33.10458507163197
2026-01-01 19:01:15,app-pod-1,12.112847933015564,36.485078071616954,45.567262593354734
2026-01-01 19:01:30,app-pod-1,12.233431530199496,31.051627461320656,45.39061090467609
2026-01-01 19:01:45,app-pod-1,15.226377784290849,30.07623291253527,61.68927363025441
2026-01-01 19:02:00,app-pod-1,5.607479016824706,35.20395440744383,45.24757674448469
2026-01-01 19:02:15,app-pod-1,9.35800781430093,32.34668398281676,29.70681844849826
2026-01-01 19:02:30,app-pod-1,13.28464558201026,33.38292148439948,39.47121299006715
2026-01-01 19:02:45,app-pod-1,15.382674251838129,32.35458430250856,35.62073918749771
2026-01-01 19:03:00,app-pod-1,11.471109808853297,31.681146039952846,38.217771877907744
2026-01-01 19:03:15,app-pod-1,9.878716140821972,30.728761664489582,18.496100703795094
2026-01-01 19:03:30,app-pod-1,13.034140000943479,18.209821272899745,66.53800442289885
2026-01-01 19:03:45,app-pod-1,13.374872072035812,31.33709151457231,52.057900828621555
2026-01-01 19:04:00,app-pod-1,9.695781045231705,25.9830174349839,52.87509895602467
2026-01-01 19:04:15,app-pod-1,11.771712928989478,25.741317684609758,69.07230756270934
2026-01-01 19:04:30,app-pod-1,14.328420560077202,29.052707991832854,44.33781423069641
2026-01-01 19:04:45,app-pod-1,16.46428639501402,23.745757042398807,60.64674917785393
2026-01-01 19:05:00,app-pod-1,13.026817789987302,20.095721952805214,72.08257318300636
2026-01-01 19:05:15,app-pod-1,10.937535946859631,33.888787250044224,46.588407478095036
2026-01-01 19:05:30,app-pod-1,10.64903291354331,29.765112138024946,50.41878070914165
2026-01-01 19:05:45,app-pod-1,12.48961013093975,16.67766645559643,65.45310409580527
2026-01-01 19:06:00,app-pod-1,10.476586775197784,24.451688035629743,55.35406690575169
2026-01-01 19:06:15,app-pod-1,11.398734461196558,32.38187278982024,51.75033114415181
2026-01-01 19:06:30,app-pod-1,7.662414642859441,23.96361838139845,51.59508084910766
2026-01-01 19:06:45,app-pod-1,14.733468301663933,36.53845258015656,57.910058577833986
2026-01-01 19:07:00,app-pod-1,7.428018602457677,30.448372018103544,37.50329038369847
2026-01-01 19:07:15,app-pod-1,9.558536362764823,19.90741940738181,35.58276788578184
2026-01-01 19:07:30,app-pod-1,11.153973067911263,27.091160653293723,59.924167307756555
2026-01-01 19:07:45,app-pod-1,16.840498339743313,29.5479017137768,56.85052379016253
2026-01-01 19:08:00,app-pod-1,9.605855926182311,19.777907676567114,13.180578633535614
2026-01-01 19:08:15,app-pod-1,8.882247377883933,18.946201540242395,45.35286132283798
2026-01-01 19:08:30,app-pod-1,9.23425675755005,22.433871999076395,21.634949042239498
2026-01-01 19:08:45,app-pod-1,15.869834445301613,27.904257064147938,46.690697866460795
2026-01-01 19:09:00,app-pod-1,2.462560130338204,23.139940977453556,28.824189538558883
2026-01-01 19:09:15,app-pod-1,7.897867970586791,30.749574945482856,46.08566515021479
2026-01-01 19:09:30,app-pod-1,19.10645175076349,35.94274100459629,71.2882960403745
2026-01-01 19:09:45,app-pod-1,12.691758172349303,32.636091922048635,5.085085780185423
2026-01-01 19:10:00,app-pod-1,7.6077061370178,23.99230518856062,38.42942663668805
2026-01-01 19:10:15,app-pod-1,10.80647876845096,30.57953612098012,53.16348816225671
2026-01-01 19:10:30,app-pod-1,11.141190832077642,27.056958674503043,52.31693335126511
2026-01-01 19:10:45,app-pod-1,13.483819971601852,27.23131206385738,60.99808224986559
2026-01-01 19:11:00,app-pod-1,16.47059001560212,41.014917755399615,63.16152248021888
2026-01-01 19:11:15,app-pod-1,12.124401489559162,16.83470125995392,42.3405688017228
2026-01-01 19:11:30,app-pod-1,9.34606663267968,17.17572515633897,20.791838486523915
2026-01-01 19:11:45,app-pod-1,13.333392613465524,31.24687360009389,42.87262031856016
2026-01-01 19:12:00,app-pod-1,8.884111583508343,24.893966365793588,40.35871623316095
2026-01-01 19:12:15,app-pod-1,7.885610206520962,18.33500539373006,36.611345089509044
2026-01-01 19:12:30,app-pod-1,5.712671724439443,18.725815451288767,34.69805513406253
2026-01-01 19:12:45,app-pod-1,6.303811419995486,19.790639009687933,4.118776849430134
2026-01-01 19:13:00,app-pod-1,8.316682007589643,30.28336009096732,8.378343359907465
2026-01-01 19:13:15,app-pod-1,7.479491646487229,31.297696307863255,24.222389899727126
2026-01-01 19:13:30,app-pod-1,11.959436598359872,36.569418445005,32.53853171175939
2026-01-01 19:13:45,app-pod-1,7.428410190257967,17.254831022133885,32.5034526083498
2026-01-01 19:14:00,app-pod-1,1.602527989801784,14.286151930303589,0.0
2026-01-01 19:14:15,app-pod-1,7.908725368681391,18.35797538557436,49.33838361357651
2026-01-01 19:14:30,app-pod-1,9.631838106036541,33.18657170307563,26.19644704755232
2026-01-01 19:14:45,app-pod-1,9.238047494235701,28.55275551806264,60.84230359643519
2026-01-01 19:15:00,app-pod-1,15.619971448025439,31.33497609596641,70.34441354977969
2026-01-01 19:15:15,app-pod-1,9.227793719741117,27.60759907305602,21.08269412880194
2026-01-01 19:15:30,app-pod-1,13.718238301623295,29.318875425442588,86.2941284368005
2026-01-01 19:15:45,app-pod-1,11.025589145921991,22.11220216511287,48.08414130295066
2026-01-01 19:16:00,app-pod-1,10.962714310995862,30.239763966621624,46.3426483365148
2026-01-01 19:16:15,app-pod-1,8.59060166619053,25.08272863806494,33.38422587916581
2026-01-01 19:16:30,app-pod-1,10.92753111592014,21.647664213747632,50.70842429273475
2026-01-01 19:16:45,app-pod-1,8.815749712612947,29.04245202561935,43.144308022541274
2026-01-01 19:17:00,app-pod-1,11.628292534908022,26.010866593072677,33.53856086165558
2026-01-01 19:17:15,app-pod-1,10.416674660763373,28.429089696741247,38.463426885099224
2026-01-01 19:17:30,app-pod-1,8.298766184628692,25.18424052274996,34.93057910477192
2026-01-01 19:17:45,app-pod-1,14.115581879354451,34.33780117667216,65.20343448722726
2026-01-01 19:18:00,app-pod-1,12.42769161822071,29.800199003899202,58.70610562884245
2026-01-01 19:18:15,app-pod-1,9.810275726835817,22.448692134501044,41.70922981995272
2026-01-01 19:18:30,app-pod-1,11.59825924599808,29.728797589891315,38.138192649654904
2026-01-01 19:18:45,app-pod-1,10.91765113183369,29.415799414648895,34.6467258700412
2026-01-01 19:19:00,app-pod-1,8.573706883082766,28.5582596883523,16.422501487212248
2026-01-01 19:19:15,app-pod-1,11.395351778795712,33.15611751881656,54.47042458088938
2026-01-01 19:19:30,app-pod-1,9.328233613710779,23.44984960371168,28.073278043133513
2026-01-01 19:19:45,app-pod-1,8.36389553840209,29.194405212784122,30.57926469059948
2026-01-01 19:20:00,app-pod-1,6.337845593482255,15.812405726233553,28.917540978591276
2026-01-01 19:20:15,app-pod-1,10.137798425709843,26.496534821555358,40.61020622625474
2026-01-01 19:20:30,app-pod-1,12.922027721253182,27.672119980839014,51.60394113408116
2026-01-01 19:20:45,app-pod-1,9.144655283755386,33.64048479953017,23.004192345337465
2026-01-01 19:21:00,app-pod-1,18.79829935802422,32.37713240573453,79.22613580790329
2026-01-01 19:21:15,app-pod-1,13.900792507463397,32.77049864608242,50.910740168435
2026-01-01 19:21:30,app-pod-1,15.164310527739634,21.806124255054957,59.36123539910589
2026-01-01 19:21:45,app-pod-1,13.644656058505602,27.79246941751101,71.94815160001232
2026-01-01 19:22:00,app-pod-1,16.825151139847765,27.545806460725537,74.88037746838819
2026-01-01 19:22:15,app-pod-1,8.913201748505669,38.61679684043159,27.090722912367234
2026-01-01 19:22:30,app-pod-1,3.5996693078776154,19.185784729907546,12.164968347663423
2026-01-01 19:22:45,app-pod-1,9.951200678632855,27.332235838350257,63.796356282234
2026-01-01 19:23:00,app-pod-1,12.971951532922375,29.713245084421512,47.2770693522654
2026-01-01 19:23:15,app-pod-1,11.759587278678083,20.28431964039139,47.63656776236235
2026-01-01 19:23:30,app-pod-1,12.13921699884744,25.867274846477635,58.51905152525167
2026-01-01 19:23:45,app-pod-1,15.283314212582146,32.722152512053775,64.36112916887996
2026-01-01 19:24:00,app-pod-1,12.474564193443458,29.160806311616845,44.30598499406868
2026-01-01 19:24:15,app-pod-1,13.732959735877499,18.111016955074565,43.78053050963812
2026-01-01 19:24:30,app-pod-1,8.525384418843274,23.132811870667286,33.95005354937484
2026-01-01 19:24:45,app-pod-1,8.065765466956384,30.750144134103934,42.1333520332837
2026-01-01 19:25:00,app-pod-1,16.202184383417492,34.28264370495692,84.62224063329677
2026-01-01 19:25:15,app-pod-1,11.670465479665719,34.25949259489202,24.70155061373726
2026-01-01 19:25:30,app-pod-1,9.506013754485519,21.725972941023407,64.46581993039064
2026-01-01 19:25:45,app-pod-1,9.519480416052495,33.068283967632034,33.75178587335074
2026-01-01 19:26:00,app-pod-1,9.444279275444734,26.388965251365406,51.649517125613116
2026-01-01 19:26:15,app-pod-1,9.27277846318223,34.45205742892226,26.028084694596444
2026-01-01 19:26:30,app-pod-1,7.558241137236132,25.30729096648416,6.070373176562807
2026-01-01 19:26:45,app-pod-1,6.914474480326223,14.60275467265679,7.963705370036777
2026-01-01 19:27:00,app-pod-1,10.83879580959826,31.8334299232545,38.39083199281706
2026-01-01 19:27:15,app-pod-1,9.653126691200756,24.539620293967317,46.47390405337101
2026-01-01 19:27:30,app-pod-1,14.76149961248619,28.451901671897915,59.5138853045985
2026-01-01 19:27:45,app-pod-1,12.327391254686265,21.363691722931538,45.55604555886547
2026-01-01 19:28:00,app-pod-1,12.252275948898202,36.68759065925896,65.77945357356612
2026-01-01 19:28:15,app-pod-1,9.235145365117559,23.859095886568056,36.97036877638759
2026-01-01 19:28:30,app-pod-1,11.10962707515771,35.651917827172994,48.63527835503942
2026-01-01 19:28:45,app-pod-1,12.563943413944655,26.638544581796992,96.92118348333719
2026-01-01 19:29:00,app-pod-1,13.637777138786696,24.907717986404293,54.430530955156144
2026-01-01 19:29:15,app-pod-1,11.215786282920996,34.448696268193764,34.42546843869051
2026-01-01 19:29:30,app-pod-1,14.743126959662463,29.953515126762575,66.18690435015239
2026-01-01 19:29:45,app-pod-1,11.53803941414477,27.75876755312556,57.16349190485774
2026-01-01 19:30:00,app-pod-1,13.900950705327308,23.322535792313516,60.1185546955227
2026-01-01 19:30:15,app-pod-1,10.061212573061036,24.754732027661444,42.598537226284996
2026-01-01 19:30:30,app-pod-1,6.101385924930191,26.414449265606127,46.63900813958905
2026-01-01 19:30:45,app-pod-1,12.352631781279102,22.15094227810111,69.76923530925085
2026-01-01 19:31:00,app-pod-1,13.731952756030841,26.916928458362506,53.1712937424438
2026-01-01 19:31:15,app-pod-1,13.290470258135215,27.201096993657362,43.50946260419293
2026-01-01 19:31:30,app-pod-1,12.839457879848474,29.319824539463923,57.795874166587446
2026-01-01 19:31:45,app-pod-1,10.535628557118823,34.772738218174496,32.404013858748534
2026-01-01 19:32:00,app-pod-1,9.169664176614413,24.918999258715168,49.95608172810306
2026-01-01 19:32:15,app-pod-1,13.253623120439443,25.825032872244797,59.37533662516136
2026-01-01 19:32:30,app-pod-1,12.88633784049298,42.75228964846844,91.59581693908896
2026-01-01 19:32:45,app-pod-1,9.932877484007472,24.78708747118808,61.83096336934295
2026-01-01 19:33:00,app-pod-1,14.952448364598208,29.51342304937276,43.6286859887922
2026-01-01 19:33:15,app-pod-1,8.984202159470135,24.499709665673933,28.154978413739784
2026-01-01 19:33:30,app-pod-1,9.890873328178024,25.539765824176477,10.854238296654696
2026-01-01 19:33:45,app-pod-1,16.559385708075165,31.98034431073242,34.17134073258964
2026-01-01 19:34:00,app-pod-1,14.264544325499257,34.589163415815854,58.76558031171837
2026-01-01 19:34:15,app-pod-1,10.593480860281637,29.435375218564175,24.488167846751477
2026-01-01 19:34:30,app-pod-1,12.538382986587935,34.16234590744366,74.77131792078977
2026-01-01 19:34:45,app-pod-1,12.149371474586362,33.72470340524762,65.9662177436272
2026-01-01 19:35:00,app-pod-1,3.456928822678922,23.462610703954624,9.755298787231125
2026-01-01 19:35:15,app-pod-1,8.983146028583482,28.169762070327316,31.007897509198184
2026-01-01 19:35:30,app-pod-1,11.558847257396515,33.634876461520676,68.51598338139625
2026-01-01 19:35:45,app-pod-1,10.650393672601226,21.899225930808445,68.32068407522928
2026-01-01 19:36:00,app-pod-1,12.470398541639248,41.220334990338976,35.892625547148945
2026-01-01 19:36:15,app-pod-1,15.126422271628748,28.02556993750209,44.58794199395983
2026-01-01 19:36:30,app-pod-1,10.78227419465663,25.79276732841476,38.61272957273017
2026-01-01 19:36:45,app-pod-1,8.58284509568205,19.948486693608608,40.79925596332131
2026-01-01 19:37:00,app-pod-1,12.739314103991367,23.006765833021966,43.25218157092674
2026-01-01 19:37:15,app-pod-1,10.793860470488468,32.42587267379061,49.9586543443837
2026-01-01 19:37:30,app-pod-1,11.314532999110773,39.2711394875888,74.51261157811842
2026-01-01 19:37:45,app-pod-1,10.916417051451898,24.80529138197459,22.575200248344046
2026-01-01 19:38:00,app-pod-1,18.52628798250209,34.70498422838905,67.42001372906991
2026-01-01 19:38:15,app-pod-1,5.087719828504153,24.662236858513722,0.0
2026-01-01 19:38:30,app-pod-1,10.653910575821506,32.45896021515885,30.06687012435777
2026-01-01 19:38:45,app-pod-1,11.816946515884316,39.36543488370601,42.847638681550464
2026-01-01 19:39:00,app-pod-1,9.493709046650032,34.25046342256295,27.066668715187106
2026-01-01 19:39:15,app-pod-1,14.545758562755465,28.988734589025086,65.98269774624193
2026-01-01 19:39:30,app-pod-1,14.295220246723936,32.650492351254925,59.44522523375464
2026-01-01 19:39:45,app-pod-1,11.721371089709058,31.345248976507474,51.370770568312736
2026-01-01 19:40:00,app-pod-1,11.06182299323592,27.642822939427045,39.64682527845382
2026-01-01 19:40:15,app-pod-1,11.547204639188774,22.603362579948488,42.96969874861916
2026-01-01 19:40:30,app-pod-1,11.577967621097459,24.110696241953114,41.051512270388365
2026-01-01 19:40:45,app-pod-1,11.666482484351654,33.90730099369223,42.93606398808229
2026-01-01 19:41:00,app-pod-1,11.346899786362243,34.19936982956382,51.672738813555085
2026-01-01 19:41:15,app-pod-1,12.677562081308311,27.836456632719884,21.857888041854746
2026-01-01 19:41:30,app-pod-1,14.189188891981555,31.237709194687525,61.0758754658984
2026-01-01 19:41:45,app-pod-1,8.248132316905327,31.76001172848195,19.961570813911184
2026-01-01 19:42:00,app-pod-1,8.796302615303336,17.636067470545843,30.102345859731017
2026-01-01 19:42:15,app-pod-1,6.712143257789347,22.46673812625826,3.425579553604905
2026-01-01 19:42:30,app-pod-1,14.566314049296475,40.285776741920756,52.885180625386866
2026-01-01 19:42:45,app-pod-1,12.72753768731113,30.405814962134375,55.07841124602008
2026-01-01 19:43:00,app-pod-1,13.501837761346547,23.80520600942541,60.86361639991008
2026-01-01 19:43:15,app-pod-1,7.707029339293405,25.981332005373954,13.033144593761424
2026-01-01 19:43:30,app-pod-1,17.35987868759598,37.25909304265856,75.57209401949571
2026-01-01 19:43:45,app-pod-1,10.18801327151106,14.398944603414833,57.84869472049779
2026-01-01 19:44:00,app-pod-1,12.528736495350428,29.651544632700762,42.70959538810966
2026-01-01 19:44:15,app-pod-1,14.596847523831938,28.355720493719918,58.40108682117402
2026-01-01 19:44:30,app-pod-1,9.082350120506625,18.1476544521699,5.301201989391
2026-01-01 19:44:45,app-pod-1,10.413933525354526,27.699389743399713,28.200223266810404
2026-01-01 19:45:00,app-pod-1,12.600060493148856,28.137641186401957,54.4580452305675
2026-01-01 19:45:15,app-pod-1,20.644624308181033,34.33078575473853,96.91050829581307
2026-01-01 19:45:30,app-pod-1,12.985260555276207,27.34837928746953,42.951875359465426
2026-01-01 19:45:45,app-pod-1,16.91067234451821,26.730782881392045,107.6834804544244
2026-01-01 19:46:00,app-pod-1,15.718332203535358,23.728818374483517,67.58167341716393
2026-01-01 19:46:15,app-pod-1,13.215088050633447,25.79711193407029,33.75999906622134
2026-01-01 19:46:30,app-pod-1,9.153237085709321,30.70352653037685,55.920689011497814
2026-01-01 19:46:45,app-pod-1,15.309872967147363,31.88226254563688,42.44534490387832
2026-01-01 19:47:00,app-pod-1,7.646090106833118,25.006396427550232,35.51076580830051
2026-01-01 19:47:15,app-pod-1,16.95287675121459,26.668172980492763,53.872891064435116
2026-01-01 19:47:30,app-pod-1,12.760118792868479,27.062508490736878,30.67895843110847
2026-01-01 19:47:45,app-pod-1,4.2193049422515125,26.63930125136212,31.30950261216195
2026-01-01 19:48:00,app-pod-1,11.158351231137122,30.334764674223436,40.736750472857594
2026-01-01 19:48:15,app-pod-1,14.151628115469432,27.520145331965026,82.49159328028153
2026-01-01 19:48:30,app-pod-1,11.488649362632499,14.985043796503739,30.68559363034329
2026-01-01 19:48:45,app-pod-1,14.354695924543595,26.67404899637261,34.02417317356312
2026-01-01 19:49:00,app-pod-1,9.66958466714838,24.355236678950675,31.48335640490714
2026-01-01 19:49:15,app-pod-1,8.311709887682412,21.28266723286388,76.60447154672434
2026-01-01 19:49:30,app-pod-1,12.025341777801033,26.3518603287622,60.61010122170998
2026-01-01 19:49:45,app-pod-1,12.344417102926784,32.72384261302484,57.68606361775565
2026-01-01 19:50:00,app-pod-1,11.214630283248596,27.663758933491444,53.662609285333055
2026-01-01 19:50:15,app-pod-1,15.951741121031642,36.11469902424686,56.53431285920051
2026-01-01 19:50:30,app-pod-1,9.729350997648899,19.268685270127207,79.85765809607409
2026-01-01 19:50:45,app-pod-1,13.229596472291044,27.735397240829013,59.78966724796188
2026-01-01 19:51:00,app-pod-1,12.504157164230037,19.05779946073602,55.48137291069963
2026-01-01 19:51:15,app-pod-1,7.640268055918564,23.21529998995875,45.33401646637682
2026-01-01 19:51:30,app-pod-1,8.363515071951623,20.626173273877768,14.355411933100797
2026-01-01 19:51:45,app-pod-1,12.366549419251234,35.062848760617776,36.27599388963199
2026-01-01 19:52:00,app-pod-1,18.284648138882346,34.84781372643517,69.45588420314024
2026-01-01 19:52:15,app-pod-1,14.089110363427046,34.936524732364,71.22636473021011
2026-01-01 19:52:30,app-pod-1,7.184670237599,22.882530039954652,9.267885759323583
2026-01-01 19:52:45,app-pod-1,3.040405291145394,17.02969321821856,11.151304879029173
2026-01-01 19:53:00,app-pod-1,14.581346014905423,24.9491272377416,55.192641254130194
2026-01-01 19:53:15,app-pod-1,12.10388150014009,29.79991345395235,24.799738886175017
2026-01-01 19:53:30,app-pod-1,15.826677521831956,40.12948173624949,55.67273550222451
2026-01-01 19:53:45,app-pod-1,9.771104454561733,28.90168457829565,47.218199590842445
2026-01-01 19:54:00,app-pod-1,13.47429524033626,27.558168021797467,31.64813627597277
2026-01-01 19:54:15,app-pod-1,14.972598580203814,29.53696473050975,81.06041322644965
2026-01-01 19:54:30,app-pod-1,11.102128622755812,27.61498837717008,51.429195272510405
2026-01-01 19:54:45,app-pod-1,11.176725062408313,37.956920344576616,49.897000019604356
2026-01-01 19:55:00,app-pod-1,12.541253379145012,34.946920194575924,50.28783468583114
2026-01-01 19:55:15,app-pod-1,14.103997902827265,31.172593552730913,40.031162015205496
2026-01-01 19:55:30,app-pod-1,12.443491678956272,29.259104014299922,40.02851396018983
2026-01-01 19:55:45,app-pod-1,15.419028374641865,32.290086814098686,67.10393419367426
2026-01-01 19:56:00,app-pod-1,11.121800289410988,30.256638549003075,34.71237309047276
2026-01-01 19:56:15,app-pod-1,8.53300755107549,23.907115520874864,36.96326630544375
2026-01-01 19:56:30,app-pod-1,18.459727383863203,28.701414431821057,60.355689746780065
2026-01-01 19:56:45,app-pod-1,10.725528971138555,32.66897158257132,49.673564579609035
2026-01-01 19:57:00,app-pod-1,10.844753607390818,27.70124117803349,51.27022339950183
2026-01-01 19:57:15,app-pod-1,12.363340336969417,33.39797791495343,25.038031509382648
2026-01-01 19:57:30,app-pod-1,12.772984821956708,37.17188311925191,52.10156733534161
2026-01-01 19:57:45,app-pod-1,11.422102496784014,30.59854541824661,22.863391068780885
2026-01-01 19:58:00,app-pod-1,12.540584390354976,30.571151471098837,22.246722905569353
2026-01-01 19:58:15,app-pod-1,12.484352756798756,44.74026183234445,41.029027269509434
2026-01-01 19:58:30,app-pod-1,13.138871502159548,30.232310692910772,94.50924944132795
2026-01-01 19:58:45,app-pod-1,5.55274590146141,18.434188091791246,33.841802901219324
2026-01-01 19:59:00,app-pod-1,18.278652631240696,31.38893068100855,93.99617117981782
2026-01-01 19:59:15,app-pod-1,12.204994863005446,36.30191996283152,57.94622752987719
2026-01-01 19:59:30,app-pod-1,14.399584404046209,23.60887233143211,60.679988380727224
2026-01-01 19:59:45,app-pod-1,8.534289898984923,22.211704908524545,47.56803384695482
2026-01-01 20:00:00,app-pod-1,11.266491140563478,33.41867782823702,35.472394032316174
2026-01-01 20:00:15,app-pod-1,10.673462935949045,26.11332084259916,49.751570994757806
2026-01-01 20:00:30,app-pod-1,17.11052103591762,31.426135790259856,86.09855133004301
2026-01-01 20:00:45,app-pod-1,10.954868713232,33.035272199915546,54.31080068307465
2026-01-01 20:01:00,app-pod-1,14.99752985673236,26.914165021442848,78.63181890247945
2026-01-01 20:01:15,app-pod-1,10.783029457824043,20.205108362866522,45.8711202257261
2026-01-01 20:01:30,app-pod-1,11.387455461482332,21.026788968724954,70.93103162338733
2026-01-01 20:01:45,app-pod-1,12.01970378099706,31.32269486374605,44.95533881672886
2026-01-01 20:02:00,app-pod-1,16.61895217165739,32.92892698931415,98.24119513676186
2026-01-01 20:02:15,app-pod-1,7.108941833901498,21.513426717334397,37.039878671518295
2026-01-01 20:02:30,app-pod-1,8.842612657055119,20.395870755902912,29.611256790819183
2026-01-01 20:02:45,app-pod-1,6.95881181654752,23.51830264583893,10.1482945042479
2026-01-01 20:03:00,app-pod-1,9.549365410686597,32.26714221873298,26.077596146687966
2026-01-01 20:03:15,app-pod-1,10.388236525103107,23.092675798425894,27.162521106563954
2026-01-01 20:03:30,app-pod-1,7.9907782641859955,22.280124675167386,30.632324961026253
2026-01-01 20:03:45,app-pod-1,10.64298456015055,21.497481355373488,23.462563204904228
2026-01-01 20:04:00,app-pod-1,6.812510543157508,22.9316929346994,46.64141890303885
2026-01-01 20:04:15,app-pod-1,9.81393439968553,28.56014903336277,40.91658071480705
2026-01-01 20:04:30,app-pod-1,16.480428741435176,42.11214590422007,66.97396014860612
2026-01-01 20:04:45,app-pod-1,14.101219095542362,30.959760930979336,38.924073944710244
2026-01-01 20:05:00,app-pod-1,13.464165603058648,29.15652539595596,42.32109685837567
2026-01-01 20:05:15,app-pod-1,9.90475496493811,31.248011505382333,6.313509683572249
2026-01-01 20:05:30,app-pod-1,8.31618413578867,29.30240665420329,57.53181365031659
2026-01-01 20:05:45,app-pod-1,9.518339483876819,23.774533566880358,16.80760827910932
2026-01-01 20:06:00,app-pod-1,12.817567232230115,40.48259742971146,31.141712782932714
2026-01-01 20:06:15,app-pod-1,15.563136345866436,30.772278680636738,83.45014626454642
2026-01-01 20:06:30,app-pod-1,15.677137829614379,32.155873082509046,68.5220212007536
2026-01-01 20:06:45,app-pod-1,14.873322501333956,33.168068687364425,61.30434181723703
2026-01-01 20:07:00,app-pod-1,10.780284907884912,29.275561273584202,48.22516676242045
2026-01-01 20:07:15,app-pod-1,13.078095320386353,36.781655068643396,66.62088688046292
2026-01-01 20:07:30,app-pod-1,12.051928779356686,25.48680644989983,49.705844868581366
2026-01-01 20:07:45,app-pod-1,12.423917834790059,32.61365372861657,26.542650178892842
2026-01-01 20:08:00,app-pod-1,19.150421767750917,34.22813746435054,87.59953515663696
2026-01-01 20:08:15,app-pod-1,7.764608499504471,30.348841925200748,37.39359214766718
2026-01-01 20:08:30,app-pod-1,12.358170064670393,27.575791795427882,67.00598047048837
2026-01-01 20:08:45,app-pod-1,16.709058690432926,29.94426430253744,48.099751809599425
2026-01-01 20:09:00,app-pod-1,8.687769080819924,29.741805793704007,23.81094785949462
2026-01-01 20:09:15,app-pod-1,11.165853014026087,29.606063395268162,50.544745326817115
2026-01-01 20:09:30,app-pod-1,11.521651633989942,23.96368463216662,31.918933037830783
2026-01-01 20:09:45,app-pod-1,12.45058989647418,35.443474359603215,14.509722042310244
2026-01-01 20:10:00,app-pod-1,8.344299604923634,29.503556598988844,36.337157100747575
2026-01-01 20:10:15,app-pod-1,14.929761357089168,30.07981199748215,73.14415992486019
2026-01-01 20:10:30,app-pod-1,15.154517173213696,28.267006462594008,58.68409137873124
2026-01-01 20:10:45,app-pod-1,14.692553493609765,32.10544192989476,66.99224088325585
2026-01-01 20:11:00,app-pod-1,10.568098717838902,30.700095222621147,48.32290758612387
2026-01-01 20:11:15,app-pod-1,13.450564350473122,21.445019675477035,53.95968776583294
2026-01-01 20:11:30,app-pod-1,10.504543497990412,29.231585061207447,44.05762134241792
2026-01-01 20:11:45,app-pod-1,12.216926460077596,31.81462203412199,69.10477752025386
2026-01-01 20:12:00,app-pod-1,19.68699242260415,22.018651695984047,64.28421104451215
2026-01-01 20:12:15,app-pod-1,13.525566931457725,30.448845145746855,65.69793991019577
2026-01-01 20:12:30,app-pod-1,9.68781317301232,30.25451489308652,21.038086312276516
2026-01-01 20:12:45,app-pod-1,13.803330955823554,32.56672324039921,43.29162063331587
2026-01-01 20:13:00,app-pod-1,9.218889104854885,30.465464147302544,54.81431614031627
2026-01-01 20:13:15,app-pod-1,9.689217556846025,25.144619329700976,20.609399298671427
2026-01-01 20:13:30,app-pod-1,10.174871065778763,21.922877572667854,37.07561554695435
2026-01-01 20:13:45,app-pod-1,11.977323729890863,19.38540495209662,83.32950150247308
2026-01-01 20:14:00,app-pod-1,16.13319054542424,36.754349584637254,79.91602208636148
2026-01-01 20:14:15,app-pod-1,15.069529469895434,34.06399809789852,49.22053843551982
2026-01-01 20:14:30,app-pod-1,14.915392008444737,36.28321906005365,51.17418928337517
2026-01-01 20:14:45,app-pod-1,10.0617232910949,23.417499509545706,37.69515124162638
2026-01-01 20:15:00,app-pod-1,11.746664687642145,32.24184739447632,66.6658222161557
2026-01-01 20:15:15,app-pod-1,14.198741628189252,22.42571437994848,41.77025936787128
2026-01-01 20:15:30,app-pod-1,11.509928678038786,23.709482281078092,30.107180584130603
2026-01-01 20:15:45,app-pod-1,12.571959398580999,29.43025766154588,60.98813344751541
2026-01-01 20:16:00,app-pod-1,14.743324626489008,33.63636538767441,33.75624399679054
2026-01-01 20:16:15,app-pod-1,12.38514006433991,37.06466028452306,35.87440296759351
2026-01-01 20:16:30,app-pod-1,14.12186614939603,28.684985977585193,55.21112987394992
2026-01-01 20:16:45,app-pod-1,18.234121724844528,28.435136598445848,72.42918371970408
2026-01-01 20:17:00,app-pod-1,12.952628620495235,24.48109564518952,31.341216028512076
2026-01-01 20:17:15,app-pod-1,17.018506778660154,28.47372501994064,73.38013310165032
2026-01-01 20:17:30,app-pod-1,15.170911540224793,41.72477206053295,68.99012157988886
2026-01-01 20:17:45,app-pod-1,9.103402988751066,30.156749997798038,26.476272064438653
2026-01-01 20:18:00,app-pod-1,10.211065139769111,32.71040484965067,65.75562022957321
2026-01-01 20:18:15,app-pod-1,11.02905544944583,26.52541087871261,49.210312822999285
2026-01-01 20:18:30,app-pod-1,10.977724816985045,27.676163959895803,28.83801467037695
2026-01-01 20:18:45,app-pod-1,13.283766381884059,32.79495899711146,77.44677372177881
2026-01-01 20:19:00,app-pod-1,15.410993385402186,28.258701590876832,53.79410776260349
2026-01-01 20:19:15,app-pod-1,17.344981665968852,30.684947733444815,72.06302862871453
2026-01-01 20:19:30,app-pod-1,14.516496395664971,26.78802589564628,50.76426723466843
2026-01-01 20:19:45,app-pod-1,12.267416699070303,26.34972819056364,58.43196328934731
2026-01-01 20:20:00,app-pod-1,7.3702353833305425,25.404057830847993,22.25801721626274
2026-01-01 20:20:15,app-pod-1,13.841251081834073,25.580325126464054,49.05215960918076
2026-01-01 20:20:30,app-pod-1,13.719335657499057,31.033429855896273,52.47767799972759
2026-01-01 20:20:45,app-pod-1,14.203373522408375,31.365270193441447,49.28424026448322
2026-01-01 20:21:00,app-pod-1,19.985889789876417,33.09387963863257,96.02077798627529
2026-01-01 20:21:15,app-pod-1,17.401559604947018,28.043792445645806,50.73933927792925
2026-01-01 20:21:30,app-pod-1,16.047573210351448,31.75811649200532,63.63307769708198
2026-01-01 20:21:45,app-pod-1,10.818798959235401,25.048636456705825,44.61717187540697
2026-01-01 20:22:00,app-pod-1,12.178705385283378,28.758064605228533,46.84530731222499
2026-01-01 20:22:15,app-pod-1,13.445834470022762,34.90272146603311,68.30781723109148
2026-01-01 20:22:30,app-pod-1,11.41684493613663,21.727090869775477,23.108159831997774
2026-01-01 20:22:45,app-pod-1,15.25717724479772,41.54745575582528,69.5474676325153
2026-01-01 20:23:00,app-pod-1,14.83924690834686,30.0248548769041,40.68270391325821
2026-01-01 20:23:15,app-pod-1,10.51635298642023,29.42064346002376,34.43376415267974
2026-01-01 20:23:30,app-pod-1,17.3845017966059,28.405400806414953,49.32265499880147
2026-01-01 20:23:45,app-pod-1,14.113777258124497,35.59070182839539,51.473741403449495
2026-01-01 20:24:00,app-pod-1,8.632446672274295,25.414580323338654,25.856617549397434
2026-01-01 20:24:15,app-pod-1,13.678464646444661,27.604333703515394,79.28793554788903
2026-01-01 20:24:30,app-pod-1,14.688964936131914,27.40470034891447,62.37635578579467
2026-01-01 20:24:45,app-pod-1,16.776594222166025,30.401155826570243,73.70316719085264
2026-01-01 20:25:00,app-pod-1,12.858678705270492,31.092811708453887,34.82216130958681
2026-01-01 20:25:15,app-pod-1,16.36783268574055,32.32153633317126,76.57248743560586
2026-01-01 20:25:30,app-pod-1,14.45837298905348,29.92156242678607,82.406881661856
2026-01-01 20:25:45,app-pod-1,9.964731508184775,23.41820496598024,52.90756356123234
2026-01-01 20:26:00,app-pod-1,9.677362467208106,22.928286357420795,19.029261243552305
2026-01-01 20:26:15,app-pod-1,17.303528980835143,29.808098873685946,62.25198813146937
2026-01-01 20:26:30,app-pod-1,17.536807603184286,34.57714388303257,71.77458207915987
2026-01-01 20:26:45,app-pod-1,14.93060755634983,33.7627246682969,51.06498258818205
2026-01-01 20:27:00,app-pod-1,18.462043909718872,36.9086517212933,111.84303843778753
2026-01-01 20:27:15,app-pod-1,17.157816242772107,32.00313690224643,61.3971185096602
2026-01-01 20:27:30,app-pod-1,16.05195488643656,33.15417812509472,63.55754928492839
2026-01-01 20:27:45,app-pod-1,11.280235271461697,27.053911165608632,36.11752127320786
2026-01-01 20:28:00,app-pod-1,19.221576052151168,24.743613281863976,80.36155991628127
2026-01-01 20:28:15,app-pod-1,15.649333163184782,29.874899266532356,83.33258289307159
2026-01-01 20:28:30,app-pod-1,12.896070600710992,27.150616293708936,53.30711419450034
2026-01-01 20:28:45,app-pod-1,12.061953941438997,23.24814173686204,44.96261694402067
2026-01-01 20:29:00,app-pod-1,14.85031129384912,27.558247026930363,43.29258848170821
2026-01-01 20:29:15,app-pod-1,9.07999763018643,27.031455412585387,54.452536046256355
2026-01-01 20:29:30,app-pod-1,16.20542857387159,25.677566073284734,62.66630522427906
2026-01-01 20:29:45,app-pod-1,11.258949078811964,24.32733699808933,42.235352045152325
2026-01-01 20:30:00,app-pod-1,15.244757520648157,38.4108403422173,25.894972372860146
2026-01-01 20:30:15,app-pod-1,12.581362733790156,20.793422284251577,48.41720192210878
2026-01-01 20:30:30,app-pod-1,13.366277023973367,28.44048311874583,47.448533435408514
2026-01-01 20:30:45,app-pod-1,11.902131808891594,22.499945437403692,20.218461079970947
2026-01-01 20:31:00,app-pod-1,13.702520231580724,25.833580172975957,69.65425237949032
2026-01-01 20:31:15,app-pod-1,19.86771307812668,32.918713006598104,71.44221602410263
2026-01-01 20:31:30,app-pod-1,18.36813803728292,27.9198160129542,101.9060853147814
2026-01-01 20:31:45,app-pod-1,15.289799522370012,33.57251274249115,82.37582118481595
2026-01-01 20:32:00,app-pod-1,14.163902131170707,36.67048459068155,45.85705436342627
2026-01-01 20:32:15,app-pod-1,16.785829523690094,35.95847134709672,87.68302287882446
2026-01-01 20:32:30,app-pod-1,17.656596894950326,37.482683415069566,94.78452049698983
2026-01-01 20:32:45,app-pod-1,11.790709048275689,21.35481793864891,38.7773028602744
2026-01-01 20:33:00,app-pod-1,14.061344779488495,28.62758623654628,40.75547747619238
2026-01-01 20:33:15,app-pod-1,8.841302570323425,28.526017135993555,3.0348900958673326
2026-01-01 20:33:30,app-pod-1,17.690018139525957,36.738967268240856,76.46669654444982
2026-01-01 20:33:45,app-pod-1,20.529337788529567,43.13730141501982,67.5174630667192
2026-01-01 20:34:00,app-pod-1,14.588084736820976,35.556857273919405,64.50973286013078
2026-01-01 20:34:15,app-pod-1,7.986396960459104,30.072920990690793,23.42782307196014
2026-01-01 20:34:30,app-pod-1,16.201707965635922,44.50917347864195,53.11085799671434
2026-01-01 20:34:45,app-pod-1,11.676396590520902,28.65502302140111,38.28321779660327
2026-01-01 20:35:00,app-pod-1,12.412262013148988,27.243291217996447,30.151794260572537
2026-01-01 20:35:15,app-pod-1,16.295704316562684,32.29378253989612,56.75351806058683
2026-01-01 20:35:30,app-pod-1,15.193320876388302,26.060060835037806,49.72409347199121
2026-01-01 20:35:45,app-pod-1,12.979034053825973,29.423492766517214,51.70380163998177
2026-01-01 20:36:00,app-pod-1,12.50826387305559,20.121523742251505,51.59692678500246
2026-01-01 20:36:15,app-pod-1,14.848327822242986,27.746234292731064,43.32568497288874
2026-01-01 20:36:30,app-pod-1,13.256180363116336,28.702656843853475,69.5367993116145
2026-01-01 20:36:45,app-pod-1,11.170641445900346,32.567625466395455,42.289036276727956
2026-01-01 20:37:00,app-pod-1,13.514457573921208,35.01557302367665,76.59442054504483
2026-01-01 20:37:15,app-pod-1,15.544737688945766,26.063231058506627,65.79518527057417
2026-01-01 20:37:30,app-pod-1,14.005480532286363,40.18400354241841,57.058482711953374
2026-01-01 20:37:45,app-pod-1,10.313114647849066,27.961047645691856,33.88778708350121
2026-01-01 20:38:00,app-pod-1,17.534702196372226,33.474516367614406,79.36139966655267
2026-01-01 20:38:15,app-pod-1,6.364960274369633,16.36700476711711,25.96334236490376
2026-01-01 20:38:30,app-pod-1,13.25620371984701,26.17905565329262,65.90180051623281
2026-01-01 20:38:45,app-pod-1,12.748626751236646,34.17315778352804,75.06444296832348
2026-01-01 20:39:00,app-pod-1,15.067699992145055,31.396282308067033,49.368006945878165
2026-01-01 20:39:15,app-pod-1,16.322108322648926,31.96454945711862,74.49038696566451
2026-01-01 20:39:30,app-pod-1,18.031395145200594,33.75783745451782,80.90232322703403
2026-01-01 20:39:45,app-pod-1,12.527882185372286,21.55349600433036,56.98320736537179
2026-01-01 20:40:00,app-pod-1,16.438858149620884,31.024157937727175,59.25744490306603
2026-01-01 20:40:15,app-pod-1,15.280598863961067,37.738070981260854,54.927899524615185
2026-01-01 20:40:30,app-pod-1,9.572576351270326,32.1343415562167,29.532072850596148
2026-01-01 20:40:45,app-pod-1,20.42288421671352,33.670021741121474,72.63578095156808
2026-01-01 20:41:00,app-pod-1,10.419025222628818,35.11166102764795,29.074233901228418
2026-01-01 20:41:15,app-pod-1,16.00794773880138,24.910070883318994,62.464331668932054
2026-01-01 20:41:30,app-pod-1,15.93345921878879,26.294933128870852,52.3665615654866
2026-01-01 20:41:45,app-pod-1,15.604631327500911,40.24135381503717,68.95318071769432
2026-01-01 20:42:00,app-pod-1,13.308150041514562,32.205570620602806,54.08691150846142
2026-01-01 20:42:15,app-pod-1,17.287816445225353,30.657034801146175,71.68810444921073
2026-01-01 20:42:30,app-pod-1,10.139151953227472,26.820813537082994,36.45427095677121
2026-01-01 20:42:45,app-pod-1,14.63698195484449,26.212731802755222,59.58140222388403
2026-01-01 20:43:00,app-pod-1,13.157076282661631,30.592916406900365,48.91846795763366
2026-01-01 20:43:15,app-pod-1,12.8310565062791,29.968681785952725,63.017372221635895
2026-01-01 20:43:30,app-pod-1,16.163461726754186,31.41384675804138,58.01800771778536
2026-01-01 20:43:45,app-pod-1,18.123940019240415,26.88797693741281,78.12862710800238
2026-01-01 20:44:00,app-pod-1,13.876041110033958,31.037009332368324,35.90860028388876
2026-01-01 20:44:15,app-pod-1,17.26217363053994,29.4359643792678,79.72981700123758
2026-01-01 20:44:30,app-pod-1,15.083692266027443,25.628698283773268,51.94585571410566
2026-01-01 20:44:45,app-pod-1,12.270631477560421,34.923154491979105,35.39845494310693
2026-01-01 20:45:00,app-pod-1,14.189347570697254,40.781150088664376,39.67539577945344
2026-01-01 20:45:15,app-pod-1,14.079139815650947,39.56849851505385,38.0477375636595
2026-01-01 20:45:30,app-pod-1,12.902029263446979,32.28203430322431,44.386047071910106
2026-01-01 20:45:45,app-pod-1,16.291887158052102,30.07639561524052,87.64696405331001
2026-01-01 20:46:00,app-pod-1,15.724824147334235,30.65559899011086,53.249453736648974
2026-01-01 20:46:15,app-pod-1,10.263401525370234,29.212392385070537,7.9160383654606505
2026-01-01 20:46:30,app-pod-1,10.095255477029983,24.965440071615042,45.86301620645016
2026-01-01 20:46:45,app-pod-1,59.640813419132584,68.34261969400478,221.84940553809085
2026-01-01 20:47:00,app-pod-1,55.93541917720234,48.97615595239894,235.96379039227432
2026-01-01 20:47:15,app-pod-1,59.30193808780519,60.03272889152646,230.89160096881477
2026-01-01 20:47:30,app-pod-1,60.75316325330097,66.53257173764727,238.9025327492946
2026-01-01 20:47:45,app-pod-1,54.61208162345898,54.00265890002218,236.4079893016648
2026-01-01 20:48:00,app-pod-1,54.204917691543486,56.74269792819127,226.08561342769983
2026-01-01 20:48:15,app-pod-1,63.477431507588435,67.40241913652791,235.2140702752589
2026-01-01 20:48:30,app-pod-1,59.52347348257352,69.25777697299044,221.60501510345262
2026-01-01 20:48:45,app-pod-1,57.22568148770093,53.588285630559426,202.14977684681912
2026-01-01 20:49:00,app-pod-1,55.6962420571445,52.14699700122684,261.8332826663989
2026-01-01 20:49:15,app-pod-1,56.981418441607865,55.1568419699263,214.9850644898677
2026-01-01 20:49:30,app-pod-1,54.95571915165507,50.781324153617746,237.37007137752948
2026-01-01 20:49:45,app-pod-1,61.192385434864974,55.50277752734813,236.7854232549528
2026-01-01 20:50:00,app-pod-1,56.22662576779848,54.49533204898543,208.708669862567
2026-01-01 20:50:15,app-pod-1,61.85223085518875,69.46402933986208,247.73233506190493
2026-01-01 20:50:30,app-pod-1,57.384505721502016,58.60876991470762,224.63806005635655
2026-01-01 20:50:45,app-pod-1,55.47112483101232,58.98666291249165,233.91261956550426
2026-01-01 20:51:00,app-pod-1,57.33707101206481,55.35862842467447,241.564042766978
2026-01-01 20:51:15,app-pod-1,50.75829331342251,58.698490694718664,194.1810579696759
2026-01-01 20:51:30,app-pod-1,58.28332324367192,70.1771464097342,211.53397670960817
2026-01-01 20:51:45,app-pod-1,58.15012416836454,56.26693749765807,214.64303592118648
2026-01-01 20:52:00,app-pod-1,61.14958017208042,71.42844797582995,210.36145123885692
2026-01-01 20:52:15,app-pod-1,53.03132474409408,58.94404923670508,208.0084043525711
2026-01-01 20:52:30,app-pod-1,62.19074359345386,63.61783801186125,248.58596914645494
2026-01-01 20:52:45,app-pod-1,61.18186474815084,64.82792448533179,227.58504021744167
2026-01-01 20:53:00,app-pod-1,62.49113725826791,65.6964285756226,231.00978241834417
2026-01-01 20:53:15,app-pod-1,58.59179947711601,70.29978172929742,234.12593973253058
2026-01-01 20:53:30,app-pod-1,61.806628461538104,65.8657435821853,237.74719411825654
2026-01-01 20:53:45,app-pod-1,54.36619750693729,60.76187411056095,214.27085569802836
2026-01-01 20:54:00,app-pod-1,60.93408124018777,60.54635776831872,238.22795222606393
2026-01-01 20:54:15,app-pod-1,56.496476453819206,63.74291919999546,229.71685942602213
2026-01-01 20:54:30,app-pod-1,53.87080268314396,52.92532701008584,207.00402547411548
2026-01-01 20:54:45,app-pod-1,55.467647293061894,59.372373053041294,214.53942612775884
2026-01-01 20:55:00,app-pod-1,58.871740139512625,75.62663587656297,207.25997880063608
2026-01-01 20:55:15,app-pod-1,56.39734416602813,46.95719131798823,224.83438820322135
2026-01-01 20:55:30,app-pod-1,60.013574625848946,63.17523721977152,241.38467583936028
2026-01-01 20:55:45,app-pod-1,53.47577076087237,58.791154137005144,211.23759129982662
2026-01-01 20:56:00,app-pod-1,52.53433732719931,55.6335909166035,238.81485991642487
2026-01-01 20:56:15,app-pod-1,63.047955911656686,63.110972832822526,254.63350418200278
2026-01-01 20:56:30,app-pod-1,61.6573747495825,63.617211190515164,244.28234247947523
2026-01-01 20:56:45,app-pod-1,55.81328168869843,57.809280804766246,230.7403012876923
2026-01-01 20:57:00,app-pod-1,58.967388165915224,62.38707036024568,267.5625057286768
2026-01-01 20:57:15,app-pod-1,62.05014022353876,60.99704462739264,251.99140655329367
2026-01-01 20:57:30,app-pod-1,60.264469843010815,72.29709298384296,207.7056291107036
2026-01-01 20:57:45,app-pod-1,59.46680329234499,60.36669358815473,244.34809144899796
2026-01-01 20:58:00,app-pod-1,62.322879225674086,66.47407249609545,236.10298550699738
2026-01-01 20:58:15,app-pod-1,56.86057950817514,56.45722515650651,198.6051902455933
2026-01-01 20:58:30,app-pod-1,59.161569187710384,66.07881358340299,262.1096954570489
2026-01-01 20:58:45,app-pod-1,59.02982177244644,64.98821417746917,258.34098459471153
2026-01-01 20:59:00,app-pod-1,58.2804323093411,62.89260379919962,219.5440664237126
2026-01-01 20:59:15,app-pod-1,57.94466958428001,55.42459192790341,218.29921155363343
2026-01-01 20:59:30,app-pod-1,59.34807538108706,57.781637563943335,239.79480970304445
2026-01-01 20:59:45,app-pod-1,59.24809456918252,69.90453112715866,223.71469564983272
2026-01-01 21:00:00,app-pod-1,56.01500741348541,55.39313665088638,222.03392499910623
2026-01-01 21:00:15,app-pod-1,61.58111315854569,66.3112900620445,235.62672229467222
2026-01-01 21:00:30,app-pod-1,56.26202170282689,54.66005854107231,219.04205209961842
2026-01-01 21:00:45,app-pod-1,58.551945680905,66.02827815464235,213.14245479342617
2026-01-01 21:01:00,app-pod-1,58.3362900575404,57.40341625279135,245.74863514197688
2026-01-01 21:01:15,app-pod-1,17.009518564319155,27.090723557323408,86.09490985127398
2026-01-01 21:01:30,app-pod-1,9.593414857010965,23.153678016423168,36.87059959044226
2026-01-01 21:01:45,app-pod-1,18.638991791167186,30.27828127051191,74.01232960655756
2026-01-01 21:02:00,app-pod-1,13.950843671166492,31.78895734443764,65.24072996418697
2026-01-01 21:02:15,app-pod-1,19.657273646360693,34.107010083141404,78.65761175802635
2026-01-01 21:02:30,app-pod-1,14.57847469838419,24.729151889304777,84.25735652603785
2026-01-01 21:02:45,app-pod-1,15.88204106796472,30.977693678581204,43.782721426201974
2026-01-01 21:03:00,app-pod-1,21.785548923371664,29.53237720990468,100.05632508871427
2026-01-01 21:03:15,app-pod-1,15.227811760965372,33.87725505768066,59.19821156733363
2026-01-01 21:03:30,app-pod-1,66.42957182359717,70.63521477088005,248.90009988922353
2026-01-01 21:03:45,app-pod-1,62.8458261669765,63.87234162413674,285.0896358110919
2026-01-01 21:04:00,app-pod-1,63.990632692175566,66.1517098994867,291.74053635643924
2026-01-01 21:04:15,app-pod-1,62.96995379218365,72.8395882078506,248.76176610731767
2026-01-01 21:04:30,app-pod-1,65.3193512384627,64.93553090496329,267.9482851744846
2026-01-01 21:04:45,app-pod-1,60.7349363508709,57.79316569535518,235.87195146587948
2026-01-01 21:05:00,app-pod-1,59.85513692577211,64.79457202772943,234.7661250646212
2026-01-01 21:05:15,app-pod-1,60.90732168588742,56.97185635129447,226.64179894677685
2026-01-01 21:05:30,app-pod-1,63.13796558620653,63.14373109397986,233.34792947912942
2026-01-01 21:05:45,app-pod-1,62.19217872004422,60.53957487361336,276.43096445901824
2026-01-01 21:06:00,app-pod-1,65.0012767260135,61.991794542165096,259.4235886465098
2026-01-01 21:06:15,app-pod-1,66.80048059759227,65.50989844009203,267.96069629374045
2026-01-01 21:06:30,app-pod-1,59.974620250733025,66.48169080658353,227.7407077125968
2026-01-01 21:06:45,app-pod-1,60.7161549958294,68.0296524387015,245.71417301741346
2026-01-01 21:07:00,app-pod-1,58.6251655490093,65.66864519975987,211.94374961830016
2026-01-01 21:07:15,app-pod-1,69.04090151564668,70.01040150659475,264.557527625416
2026-01-01 21:07:30,app-pod-1,63.879706067383104,63.42721144022989,237.52220358977428
2026-01-01 21:07:45,app-pod-1,64.42103582510987,53.30560010057712,277.07740508127733
2026-01-01 21:08:00,app-pod-1,58.97695125413194,63.12217084427873,211.1293295606078
2026-01-01 21:08:15,app-pod-1,63.010030216830664,52.71036252798702,234.35188840900506
2026-01-01 21:08:30,app-pod-1,64.55726412307752,55.573248503789195,227.51521742007552
2026-01-01 21:08:45,app-pod-1,62.28724327656798,62.792732014662846,235.7987881263037
2026-01-01 21:09:00,app-pod-1,66.2886455742954,67.72493812515927,258.2617675834841
2026-01-01 21:09:15,app-pod-1,70.01305058264835,66.75371088870753,294.71890798648
2026-01-01 21:09:30,app-pod-1,60.25241336552782,69.8543450988393,237.67968587006496
2026-01-01 21:09:45,app-pod-1,60.04340086606387,64.34088889383725,234.01479983177603
2026-01-01 21:10:00,app-pod-1,60.49247126157611,61.09769034912698,246.46850690097915
2026-01-01 21:10:15,app-pod-1,67.96042987023274,74.5038506350719,265.1981726377247
2026-01-01 21:10:30,app-pod-1,66.28500733199814,74.22507187021915,301.2886472683558
2026-01-01 21:10:45,app-pod-1,62.76748295779007,66.5000315378264,242.20488048223075
2026-01-01 21:11:00,app-pod-1,63.29988645498432,60.433632219701536,259.405222558484
2026-01-01 21:11:15,app-pod-1,60.75673363494452,59.7783613893525,255.42377129011277
2026-01-01 21:11:30,app-pod-1,65.89261902043408,58.89113974933717,254.27476601807422
2026-01-01 21:11:45,app-pod-1,62.0990210712211,63.257230350852204,250.87666927450474
2026-01-01 21:12:00,app-pod-1,62.47470186493289,58.48208409823036,242.38612568329623
2026-01-01 21:12:15,app-pod-1,65.09752166176324,63.922891317251676,264.5003987662533
2026-01-01 21:12:30,app-pod-1,62.72340430162843,65.2093845264157,252.40748007234453
2026-01-01 21:12:45,app-pod-1,62.59874378959193,53.900577442694654,248.29073030298554
2026-01-01 21:13:00,app-pod-1,63.35163590704558,58.027438792325725,236.07309028114156
2026-01-01 21:13:15,app-pod-1,65.7222608990179,63.471342355135896,290.8444655541745
2026-01-01 21:13:30,app-pod-1,68.29197407870092,67.54174501147477,281.9638848874401
2026-01-01 21:13:45,app-pod-1,65.12526955163308,63.11823468745261,236.6715179184122
2026-01-01 21:14:00,app-pod-1,65.79508531703308,64.70397006499127,256.8747974180665
2026-01-01 21:14:15,app-pod-1,62.80192802030906,60.43041363358855,227.66677164463962
2026-01-01 21:14:30,app-pod-1,61.29445992729295,55.65912274006193,256.60906019984577
2026-01-01 21:14:45,app-pod-1,65.39619125395473,63.10357999080981,261.25802447870615
2026-01-01 21:15:00,app-pod-1,63.964349782275384,63.709202222941244,255.91856575654225
2026-01-01 21:15:15,app-pod-1,12.561608194239366,27.241175217936313,37.6109243855303
2026-01-01 21:15:30,app-pod-1,15.861711384440545,31.662177563090644,58.71338574380438
2026-01-01 21:15:45,app-pod-1,16.61367095069451,33.724042517862145,78.2624453119723
2026-01-01 21:16:00,app-pod-1,15.347445819104417,34.15184320785644,77.22726555413432
2026-01-01 21:16:15,app-pod-1,21.34049921591292,31.77059527358209,98.05831366282322
2026-01-01 21:16:30,app-pod-1,18.351298148534443,24.966924684375186,50.12268962639628
2026-01-01 21:16:45,app-pod-1,21.047809970859575,41.091448808244735,81.399499485268
2026-01-01 21:17:00,app-pod-1,17.73508073570202,34.341786093046856,74.7400248019795
2026-01-01 21:17:15,app-pod-1,17.205503728101743,27.270540853801528,57.800381072138045
2026-01-01 21:17:30,app-pod-1,14.168097548930268,31.306193566713294,31.78715429208094
2026-01-01 21:17:45,app-pod-1,17.03024587944479,37.261145781951974,48.821525323997854
2026-01-01 21:18:00,app-pod-1,17.050200810422638,40.581023193492804,90.69742477222708
2026-01-01 21:18:15,app-pod-1,12.926294590551194,30.30145759417449,33.83325764211463
2026-01-01 21:18:30,app-pod-1,15.425666478567415,36.0963197217465,62.41607639023366
2026-01-01 21:18:45,app-pod-1,16.091029153753766,25.215710046054014,62.01909168985607
2026-01-01 21:19:00,app-pod-1,18.31795903930789,32.64305756953214,70.96511099126143
2026-01-01 21:19:15,app-pod-1,18.478229577545093,31.25969745799997,69.11499630791582
2026-01-01 21:19:30,app-pod-1,15.366897986926425,32.469677849369546,73.30464714947114
2026-01-01 21:19:45,app-pod-1,18.534151768627805,41.02987591522057,74.67080086029104
2026-01-01 21:20:00,app-pod-1,16.598011018223655,32.86805468415285,57.00722417355525
2026-01-01 21:20:15,app-pod-1,8.552107874181065,21.29802181559236,34.9785888602522
2026-01-01 21:20:30,app-pod-1,15.723597272682206,24.68932519145814,43.73122663357439
2026-01-01 21:20:45,app-pod-1,20.431419966155357,42.53089429007844,88.8648488234298
2026-01-01 21:21:00,app-pod-1,12.165802690505256,31.08502894527984,38.448708006978286
2026-01-01 21:21:15,app-pod-1,17.56607469381371,34.53665902054488,60.91373148370947
2026-01-01 21:21:30,app-pod-1,22.000581064852394,33.68174980260582,95.69803731562409
2026-01-01 21:21:45,app-pod-1,14.979770070559038,31.82514797273054,53.8093415631348
2026-01-01 21:22:00,app-pod-1,17.28488283572778,27.164618454375397,63.87428902448308
2026-01-01 21:22:15,app-pod-1,13.383228625153237,31.30425181612552,71.04736803033317
2026-01-01 21:22:30,app-pod-1,22.193827741717797,29.66132873633232,74.1774949632877
2026-01-01 21:22:45,app-pod-1,17.07900845306687,30.158863692008012,75.79180883795871
2026-01-01 21:23:00,app-pod-1,17.48577395713173,29.025576026695184,84.1859562383416
2026-01-01 21:23:15,app-pod-1,21.42569697722869,18.71114967072721,103.20624589348944
2026-01-01 21:23:30,app-pod-1,19.364147953767517,31.821060434970228,110.104392097704
2026-01-01 21:23:45,app-pod-1,14.769758778487276,25.84449902262645,49.446931536776674
2026-01-01 21:24:00,app-pod-1,15.471758406741298,29.77828146526499,48.86799612753822
2026-01-01 21:24:15,app-pod-1,18.915348272312535,33.24935779302805,87.91962486038776
2026-01-01 21:24:30,app-pod-1,15.575168329823374,39.74227754578428,76.40429002730386
2026-01-01 21:24:45,app-pod-1,11.112793631249028,29.302500527661863,32.590154808634615
2026-01-01 21:25:00,app-pod-1,17.321808160401577,33.795828877198794,76.55930001005053
2026-01-01 21:25:15,app-pod-1,13.057914457525571,31.618609296364124,93.09476074058904
2026-01-01 21:25:30,app-pod-1,22.364434461790815,40.0141466844592,91.02770394176024
2026-01-01 21:25:45,app-pod-1,18.063003729934938,34.915499880227046,86.10449699346285
2026-01-01 21:26:00,app-pod-1,14.834182097016878,31.79249259003241,82.98778917206644
2026-01-01 21:26:15,app-pod-1,15.470891288611076,34.385858494843475,99.43975739850212
2026-01-01 21:26:30,app-pod-1,11.915691828751044,16.20781217597021,51.34826178443932
2026-01-01 21:26:45,app-pod-1,14.302609765886379,40.4570847525146,76.00594225130381
2026-01-01 21:27:00,app-pod-1,20.667090621425412,42.41561265856478,70.840950741788
2026-01-01 21:27:15,app-pod-1,24.330619771198315,38.11711259913527,97.69569325189866
2026-01-01 21:27:30,app-pod-1,19.831605908182777,26.81709188368411,72.62963650923439
2026-01-01 21:27:45,app-pod-1,17.393458479121513,38.227173097849786,41.29372390924542
2026-01-01 21:28:00,app-pod-1,16.390892366525073,28.004242161243994,41.51806287376607
2026-01-01 21:28:15,app-pod-1,14.834482102915539,33.05334255491555,65.78841700410139
2026-01-01 21:28:30,app-pod-1,23.900480923011884,30.315808637180986,102.34725758179133
2026-01-01 21:28:45,app-pod-1,17.17216541145505,43.15255028288415,53.06423294492454
2026-01-01 21:29:00,app-pod-1,24.102543889498527,29.660696912105866,119.77095598997246
2026-01-01 21:29:15,app-pod-1,21.95347038009384,35.71235961764819,71.16415756369487
2026-01-01 21:29:30,app-pod-1,12.567794558332473,18.186520118275265,54.13021262595696
2026-01-01 21:29:45,app-pod-1,15.809613194803871,30.8606169753811,57.009860919035916
2026-01-01 21:30:00,app-pod-1,15.817636047304113,28.9459192074215,64.87476455248077
2026-01-01 21:30:15,app-pod-1,17.602547852698866,38.00770046641904,83.88819040998828
2026-01-01 21:30:30,app-pod-1,17.678474177708054,30.248034766436312,82.074026955492
2026-01-01 21:30:45,app-pod-1,26.865478661498535,44.498952977280624,118.07954860256596
2026-01-01 21:31:00,app-pod-1,14.662436615717825,25.14310279305912,67.35208087412204
2026-01-01 21:31:15,app-pod-1,18.598403314900985,31.609074305206967,55.30244663346237
2026-01-01 21:31:30,app-pod-1,19.77840438833198,32.53532258222985,96.13156202207301
2026-01-01 21:31:45,app-pod-1,17.941567164107006,35.03703829303949,55.861941249979644
2026-01-01 21:32:00,app-pod-1,18.294241270303107,34.64784102124746,71.58645370346267
2026-01-01 21:32:15,app-pod-1,14.846703535618195,34.00381824954954,54.11691032244089
2026-01-01 21:32:30,app-pod-1,18.318033785318416,34.15677666617159,78.52398453061471
2026-01-01 21:32:45,app-pod-1,19.55023145364144,36.991736150614585,70.93019711893267
2026-01-01 21:33:00,app-pod-1,19.0163097414002,28.822097175514447,73.68757977337334
2026-01-01 21:33:15,app-pod-1,19.76159846286017,35.77711225840829,103.32941442608124
2026-01-01 21:33:30,app-pod-1,22.306321433829368,43.655454640908964,69.79648513755946
2026-01-01 21:33:45,app-pod-1,20.896913535894363,26.227875638188067,83.55065766805527
2026-01-01 21:34:00,app-pod-1,18.317428105465492,35.26723944867048,56.557804957848155
2026-01-01 21:34:15,app-pod-1,14.605813719876782,33.60796849360433,68.53849947300603
2026-01-01 21:34:30,app-pod-1,16.338631596801896,38.74297400511974,54.45359420005357
2026-01-01 21:34:45,app-pod-1,17.4973267245536,35.878363373638564,70.56735350199091
2026-01-01 21:35:00,app-pod-1,18.930844526752697,33.75317087952043,55.853404097968415
2026-01-01 21:35:15,app-pod-1,16.7564096727778,33.87985274849465,86.39873615903377
2026-01-01 21:35:30,app-pod-1,15.401823335452129,27.106087162009786,62.69914209564347
2026-01-01 21:35:45,app-pod-1,14.662055871594665,28.323598748327534,60.71470620234627
2026-01-01 21:36:00,app-pod-1,13.29076167698394,22.625018975378783,65.5989710231364
2026-01-01 21:36:15,app-pod-1,17.5570998462724,39.7251174641118,51.45727149113604
2026-01-01 21:36:30,app-pod-1,13.870626602071212,31.96022521620408,46.257171777086796
2026-01-01 21:36:45,app-pod-1,15.295730792709515,26.12644925327359,63.733735594535275
2026-01-01 21:37:00,app-pod-1,17.13330106871841,33.350095561415806,42.10337912675037
2026-01-01 21:37:15,app-pod-1,14.32496750525663,35.8242158036513,32.48046974313738
2026-01-01 21:37:30,app-pod-1,19.489702628140044,38.60675346696995,65.63987563072261
2026-01-01 21:37:45,app-pod-1,20.588855744614314,29.77400595539801,65.24045833322799
2026-01-01 21:38:00,app-pod-1,16.737659826455012,16.047167799120768,61.79268910201251
2026-01-01 21:38:15,app-pod-1,17.092627114639726,33.941769404729705,76.20699058264206
2026-01-01 21:38:30,app-pod-1,20.03378029813753,29.589298049505103,91.38332609884358
2026-01-01 21:38:45,app-pod-1,16.297301423669893,34.51974852647143,92.33036542120954
2026-01-01 21:39:00,app-pod-1,16.10889446446344,36.02757806680562,64.09621119850803
2026-01-01 21:39:15,app-pod-1,22.06441485273162,41.01325595272904,90.57304138645267
2026-01-01 21:39:30,app-pod-1,21.14531956705651,43.525426126832215,84.20806983618706
2026-01-01 21:39:45,app-pod-1,20.31525698329891,40.40246447869575,86.06505190329304
2026-01-01 21:40:00,app-pod-1,21.305405137161348,43.66152773993305,91.1971316735175
2026-01-01 21:40:15,app-pod-1,12.614513043694913,35.72546084676309,64.28981856699548
2026-01-01 21:40:30,app-pod-1,22.625747435827073,43.16911107518978,104.27611351737374
2026-01-01 21:40:45,app-pod-1,19.758332328393156,33.62649193338635,86.82377840626182
2026-01-01 21:41:00,app-pod-1,21.632408900091146,28.696054073901916,109.18222792517176
2026-01-01 21:41:15,app-pod-1,19.77948241977113,46.25698896625185,79.51928557366736
2026-01-01 21:41:30,app-pod-1,18.782717434388786,33.46266688015225,65.95735424809145
2026-01-01 21:41:45,app-pod-1,17.827974723412627,38.62312262626001,64.59122311233313
2026-01-01 21:42:00,app-pod-1,19.773308392161958,31.08994171939226,77.50571086451423
2026-01-01 21:42:15,app-pod-1,17.754617915262155,37.247844753411705,54.76394544555494
2026-01-01 21:42:30,app-pod-1,21.31148978070933,22.6932262212967,76.04544570554046
2026-01-01 21:42:45,app-pod-1,13.966504822043056,27.724336420425367,38.768454862144836
2026-01-01 21:43:00,app-pod-1,17.11917386071579,31.491366285539613,73.63609936738769
2026-01-01 21:43:15,app-pod-1,24.896411275690646,39.74053173450938,104.8929615896848
2026-01-01 21:43:30,app-pod-1,16.90175359600262,37.191350900207375,41.07328898212502
2026-01-01 21:43:45,app-pod-1,18.08201062480346,27.186692829210845,62.51681035057949
2026-01-01 21:44:00,app-pod-1,16.168399130534826,34.6177203359754,92.05142921094321
2026-01-01 21:44:15,app-pod-1,19.84177239363704,40.022575558729635,88.81378969169073
2026-01-01 21:44:30,app-pod-1,16.643547435221187,43.38004111842612,73.38923728656268
2026-01-01 21:44:45,app-pod-1,18.31362929662317,36.35268042682389,63.290718327997524
2026-01-01 21:45:00,app-pod-1,21.435194947713168,32.70710655599311,90.05001810144117
2026-01-01 21:45:15,app-pod-1,16.810451543317306,25.40849279478081,67.02415739744836
2026-01-01 21:45:30,app-pod-1,21.290734817708728,44.04952586172226,73.21174390136754
2026-01-01 21:45:45,app-pod-1,21.4097622451345,38.67354324955886,78.23220670443712
2026-01-01 21:46:00,app-pod-1,22.12612857791673,35.37841184664051,81.4357130305887
2026-01-01 21:46:15,app-pod-1,19.401082408943637,25.481666215151456,55.27423072068366
2026-01-01 21:46:30,app-pod-1,28.72144889902048,35.44909447482407,95.03228660912919
2026-01-01 21:46:45,app-pod-1,22.179498093415965,38.682250109260856,85.72596062755903
2026-01-01 21:47:00,app-pod-1,20.008768282822192,35.775302918605036,67.31510176054252
2026-01-01 21:47:15,app-pod-1,16.42461362157887,21.76557174027294,61.18468243937461
2026-01-01 21:47:30,app-pod-1,18.779473967116704,36.30869455949083,51.033103244118976
2026-01-01 21:47:45,app-pod-1,23.367909761313875,28.515354591819914,105.49152915141897
2026-01-01 21:48:00,app-pod-1,24.235823146578266,43.73512154561608,128.15048420911853
2026-01-01 21:48:15,app-pod-1,23.560510031552763,37.53513659661172,109.65297411872683
2026-01-01 21:48:30,app-pod-1,21.499416020621076,32.73248397068825,102.95568450988927
2026-01-01 21:48:45,app-pod-1,15.395187769618243,35.727403134286135,70.97258854848309
2026-01-01 21:49:00,app-pod-1,20.641996026117113,36.216893660510905,86.55177172166009
2026-01-01 21:49:15,app-pod-1,15.474658496853104,37.456898990322266,63.196477497316984
2026-01-01 21:49:30,app-pod-1,14.754819961637708,30.73075204009423,45.30138065231773
2026-01-01 21:49:45,app-pod-1,19.953090336819344,34.66126006780211,90.16319776269087
2026-01-01 21:50:00,app-pod-1,20.823606174872765,33.15027215942139,92.75505143669527
2026-01-01 21:50:15,app-pod-1,21.98254546526342,36.70261753952021,80.9850380668273
2026-01-01 21:50:30,app-pod-1,20.782241992616402,43.03732379377775,91.01902921413007
2026-01-01 21:50:45,app-pod-1,20.904023073286034,32.118995300995,73.20691278888988
2026-01-01 21:51:00,app-pod-1,16.373751926710643,34.70140209535063,56.04117717741574
2026-01-01 21:51:15,app-pod-1,19.03123689234661,28.91964790960287,87.7515278056614
2026-01-01 21:51:30,app-pod-1,14.843286531330376,20.056639983539018,65.83105762859978
2026-01-01 21:51:45,app-pod-1,13.373012097009216,30.398402169757,50.01288333698728
2026-01-01 21:52:00,app-pod-1,21.623542844865106,36.988507108752685,81.27917905752199
2026-01-01 21:52:15,app-pod-1,17.160749375231532,31.462268215449654,71.26458874051804
2026-01-01 21:52:30,app-pod-1,22.05613849342179,27.95937209153407,60.69354574271398
2026-01-01 21:52:45,app-pod-1,22.78221871810304,37.46905847588023,79.76233360469868
2026-01-01 21:53:00,app-pod-1,17.61776955309301,33.66400685786233,51.494441517134604
2026-01-01 21:53:15,app-pod-1,21.265212876090036,30.441745857800157,85.2386475192629
2026-01-01 21:53:30,app-pod-1,17.529379972924183,25.503108123681827,86.44679680163011
2026-01-01 21:53:45,app-pod-1,13.993796580007642,28.53371796747551,63.132567112200036
2026-01-01 21:54:00,app-pod-1,19.919956919008403,37.20861607719472,72.00735815443383
2026-01-01 21:54:15,app-pod-1,18.15601500286951,34.79248416096861,62.02510735475332
2026-01-01 21:54:30,app-pod-1,18.266989958992234,28.382707982124174,61.759963863292825
2026-01-01 21:54:45,app-pod-1,25.53191908327159,38.55696878340015,132.12193318640936
2026-01-01 21:55:00,app-pod-1,15.046963888591542,34.96850674939191,61.208790002006126
2026-01-01 21:55:15,app-pod-1,20.791805695845703,28.69093544075792,86.16348688771555
2026-01-01 21:55:30,app-pod-1,16.677440354925185,31.989985088663598,35.04281703107999
2026-01-01 21:55:45,app-pod-1,22.405328372260644,42.38193476143682,71.90723472313726
2026-01-01 21:56:00,app-pod-1,20.594532210324108,28.041511770757385,81.71547561324462
2026-01-01 21:56:15,app-pod-1,20.855978163677385,40.37681616982171,75.95148161119151
2026-01-01 21:56:30,app-pod-1,16.901995112402616,39.927333840293755,69.60385165290539
2026-01-01 21:56:45,app-pod-1,17.458631286881644,31.110014274962715,71.63270821275482
2026-01-01 21:57:00,app-pod-1,22.555889800496622,34.074079765266234,99.23034290729201
2026-01-01 21:57:15,app-pod-1,25.105286863226247,42.73917289935617,72.38372283081259
2026-01-01 21:57:30,app-pod-1,21.252584714855722,33.94615742525141,68.43191011089253
2026-01-01 21:57:45,app-pod-1,17.138178789231702,20.231091648986727,67.0585302377574
2026-01-01 21:58:00,app-pod-1,20.866048308172104,34.112260842272576,73.75314510793812
2026-01-01 21:58:15,app-pod-1,27.150452741555164,41.35733676006143,103.94764717906185
2026-01-01 21:58:30,app-pod-1,20.194120964597033,37.83630394313026,82.41189517853856
2026-01-01 21:58:45,app-pod-1,24.29120306827135,32.60069632403033,85.99081671581318
2026-01-01 21:59:00,app-pod-1,17.703532361573338,31.043467055738294,73.69818128519324
2026-01-01 21:59:15,app-pod-1,19.817114262109996,38.756516304238495,87.42822501861156
2026-01-01 21:59:30,app-pod-1,21.820931959824073,34.974659264810164,88.25991386076599
2026-01-01 21:59:45,app-pod-1,21.173097134716514,27.177478024496992,95.50330522860877
2026-01-01 22:00:00,app-pod-1,17.70083395966651,38.57877381986844,38.20921508347931
2026-01-01 22:00:15,app-pod-1,17.590347317797043,31.242688010571705,61.57086498053647
2026-01-01 22:00:30,app-pod-1,23.00266446431349,41.557959010926346,105.39562149080805
2026-01-01 22:00:45,app-pod-1,23.63138711289735,29.564687499695395,81.56025235703159
2026-01-01 22:01:00,app-pod-1,24.612100600861584,36.62353668265769,83.44751650877333
2026-01-01 22:01:15,app-pod-1,25.506408436879617,40.40316602420191,100.13161089893855
2026-01-01 22:01:30,app-pod-1,20.517434143244888,33.92647959276648,81.80995111133078
2026-01-01 22:01:45,app-pod-1,19.198948712709992,27.52423308729203,68.77534090725364
2026-01-01 22:02:00,app-pod-1,24.204501614266057,25.009134595768664,124.47161397439407
2026-01-01 22:02:15,app-pod-1,22.309730714822198,43.233137147892336,93.53628416633217
2026-01-01 22:02:30,app-pod-1,17.24216286081107,33.309705012074375,55.42540822651852
2026-01-01 22:02:45,app-pod-1,17.10763908139794,37.80935262093425,46.83794475660013
2026-01-01 22:03:00,app-pod-1,21.70336577412982,39.835701538693115,92.8971112265563
2026-01-01 22:03:15,app-pod-1,19.714791906037537,36.78458846482417,64.96048648701667
2026-01-01 22:03:30,app-pod-1,20.18637835236174,32.52377807091788,113.03480294563613
2026-01-01 22:03:45,app-pod-1,23.502332219803787,38.90046718205829,100.42847094279107
2026-01-01 22:04:00,app-pod-1,22.58091903002837,42.96932805287348,98.72325569070082
2026-01-01 22:04:15,app-pod-1,24.312514347341178,37.43381468450761,100.9803649174469
2026-01-01 22:04:30,app-pod-1,14.547384804879146,39.69167458541135,75.01308075811856
2026-01-01 22:04:45,app-pod-1,21.12129688975138,27.287798390491687,48.5549571424056
2026-01-01 22:05:00,app-pod-1,22.464290188803865,27.69046007585047,71.80811024548801
2026-01-01 22:05:15,app-pod-1,15.819599981756724,36.01409605982668,78.7904700322589
2026-01-01 22:05:30,app-pod-1,18.45381498201394,28.823955804805365,96.32395860562573
2026-01-01 22:05:45,app-pod-1,17.91620217421769,42.758026124096276,53.13557830419897
2026-01-01 22:06:00,app-pod-1,20.521919307987574,41.05205037175602,54.80820974131706
2026-01-01 22:06:15,app-pod-1,25.35956519002903,45.689553166810526,103.95108756537076
2026-01-01 22:06:30,app-pod-1,26.56296131979547,43.01625445161308,113.53303156047153
2026-01-01 22:06:45,app-pod-1,18.07153157831557,28.04215398646943,74.4968619709336
2026-01-01 22:07:00,app-pod-1,22.11327840778386,27.18258688477274,87.55867749196793
2026-01-01 22:07:15,app-pod-1,22.229223895669776,43.036930072913954,61.139069853569495
2026-01-01 22:07:30,app-pod-1,21.734942578024285,27.716618774556714,81.31461822583526
2026-01-01 22:07:45,app-pod-1,21.7882503103446,43.17620365587882,83.76448577654097
2026-01-01 22:08:00,app-pod-1,21.521796251636168,38.41333117729209,77.86358198384671
2026-01-01 22:08:15,app-pod-1,25.692547617450636,37.603520063114935,73.98911406639725
2026-01-01 22:08:30,app-pod-1,23.956516458550794,38.97979994266211,104.59711383407497
2026-01-01 22:08:45,app-pod-1,17.487946009792083,34.568016884099954,82.9382212629885
2026-01-01 22:09:00,app-pod-1,23.074872836139413,35.14035904236219,80.37982293414045
2026-01-01 22:09:15,app-pod-1,23.384142688746124,43.49733605671885,90.74699663303008
2026-01-01 22:09:30,app-pod-1,21.67124845620351,42.126878222340125,79.23132070222391
2026-01-01 22:09:45,app-pod-1,24.139954770621173,37.676264848539525,89.2519350858807
2026-01-01 22:10:00,app-pod-1,21.32924983819644,31.930502953235983,92.71448763688733
2026-01-01 22:10:15,app-pod-1,21.38578796351573,41.499821796482465,93.30293613341992
2026-01-01 22:10:30,app-pod-1,21.167474465073944,24.70443022485766,100.79146642935892
2026-01-01 22:10:45,app-pod-1,14.768399547121508,32.55734271804167,74.88253348882749
2026-01-01 22:11:00,app-pod-1,20.601326515943228,38.11880410220486,79.82821466545032
2026-01-01 22:11:15,app-pod-1,18.857170764027877,29.058260360929452,118.0602495978034
2026-01-01 22:11:30,app-pod-1,17.321990216049773,36.99432058842307,92.53724023163062
2026-01-01 22:11:45,app-pod-1,25.202811518488886,37.51003875635909,90.93914702632448
2026-01-01 22:12:00,app-pod-1,22.432812560812437,32.97446818282312,91.6302320421329
2026-01-01 22:12:15,app-pod-1,20.85014090748614,39.41121533355866,53.6133636912389
2026-01-01 22:12:30,app-pod-1,19.26467902315833,28.056853172722086,77.4675805850374
2026-01-01 22:12:45,app-pod-1,21.86706351438314,39.65291114288759,112.57367549602048
2026-01-01 22:13:00,app-pod-1,23.972339459203845,26.86890655234641,137.60892489233925
2026-01-01 22:13:15,app-pod-1,18.536620778912663,34.404156778894844,72.32730513018167
2026-01-01 22:13:30,app-pod-1,21.02253101138573,34.93499148903748,89.11335982103802
2026-01-01 22:13:45,app-pod-1,23.660724108590298,33.864028041684406,103.72257686785187
2026-01-01 22:14:00,app-pod-1,15.268040350551418,32.635752584831046,90.76771497505676
2026-01-01 22:14:15,app-pod-1,20.92286419507443,34.248154289713156,68.94684171033454
2026-01-01 22:14:30,app-pod-1,19.827239710615924,39.152545933958876,119.14165457325407
2026-01-01 22:14:45,app-pod-1,20.733175161191188,37.31397755685101,78.17662234324847
2026-01-01 22:15:00,app-pod-1,19.64934052650426,36.018009532924744,61.04505302220901
2026-01-01 22:15:15,app-pod-1,21.586671998095092,36.56997641646758,81.61776993354316
2026-01-01 22:15:30,app-pod-1,26.96426233299524,36.51415135036146,95.71297424653537
2026-01-01 22:15:45,app-pod-1,20.24120621829446,32.65982660292764,87.25366024755476
2026-01-01 22:16:00,app-pod-1,22.10771009150078,36.716476265154995,63.644928301494176
2026-01-01 22:16:15,app-pod-1,27.23643017604305,38.198703687694454,111.07032127508582
2026-01-01 22:16:30,app-pod-1,19.621768451415473,39.29250206815581,88.44660789595854
2026-01-01 22:16:45,app-pod-1,26.735475884806547,39.182084067083345,129.1844134268696
2026-01-01 22:17:00,app-pod-1,21.32706387179297,36.80877774938074,95.51734680146623
2026-01-01 22:17:15,app-pod-1,26.676438882428165,31.66008754822191,128.02487271468777
2026-01-01 22:17:30,app-pod-1,23.601019248235627,41.23686483406682,85.31906190231908
2026-01-01 22:17:45,app-pod-1,22.29141692194841,32.69812387699217,95.0785215314558
2026-01-01 22:18:00,app-pod-1,21.192886018174338,29.621752301238466,51.33313915578088
2026-01-01 22:18:15,app-pod-1,19.537350219233048,41.90707519902599,76.43958149414365
2026-01-01 22:18:30,app-pod-1,21.65655588576692,38.647696732199805,92.42749277921158
2026-01-01 22:18:45,app-pod-1,24.140982508454425,41.78416635037697,103.72241817283414
2026-01-01 22:19:00,app-pod-1,21.429290908980832,37.27298455082317,62.106006064438475
2026-01-01 22:19:15,app-pod-1,20.538494008944234,33.91119182674241,76.30148737226688
2026-01-01 22:19:30,app-pod-1,20.755762171852403,33.13101348001536,79.26164117454735
2026-01-01 22:19:45,app-pod-1,24.505297069990178,41.049258876276475,91.58506183509552
2026-01-01 22:20:00,app-pod-1,25.223119130485568,43.31877860253137,111.76756422153554
2026-01-01 22:20:15,app-pod-1,19.565960817394004,33.35525383254657,75.01143175060061
2026-01-01 22:20:30,app-pod-1,19.581436413904242,44.06971981323698,79.81565006459559
2026-01-01 22:20:45,app-pod-1,22.745074383284624,34.93495931974519,83.63600354410616
2026-01-01 22:21:00,app-pod-1,26.209401443523205,31.37653878601638,120.8099724016941
2026-01-01 22:21:15,app-pod-1,25.084593762519454,28.951601928793735,117.42688784479984
2026-01-01 22:21:30,app-pod-1,17.910893729153436,24.09874877101077,67.01844875002948
2026-01-01 22:21:45,app-pod-1,20.894059900016988,32.55678296714942,126.33507809810165
2026-01-01 22:22:00,app-pod-1,18.914324482806663,32.07993703240075,64.16013096523106
2026-01-01 22:22:15,app-pod-1,20.923454786978724,38.05941653928456,98.80177285611876
2026-01-01 22:22:30,app-pod-1,26.559089392018155,38.448322398143844,91.97134744926208
2026-01-01 22:22:45,app-pod-1,17.49793433044895,36.465409204485184,81.58710104573916
2026-01-01 22:23:00,app-pod-1,16.929027067889876,32.07478311063705,78.14116817355594
2026-01-01 22:23:15,app-pod-1,19.319856932745296,33.59150698355604,62.103355970704015
2026-01-01 22:23:30,app-pod-1,22.68735739679788,32.993575807716276,88.79038511960808
2026-01-01 22:23:45,app-pod-1,23.707605974037516,43.70826648381532,122.84651559161806
2026-01-01 22:24:00,app-pod-1,23.177612443068597,28.566907227258046,80.49592621855261
2026-01-01 22:24:15,app-pod-1,25.412258654159395,39.295132511480986,107.67702442340715
2026-01-01 22:24:30,app-pod-1,16.61589062363931,30.722871127801348,71.49582078883189
2026-01-01 22:24:45,app-pod-1,25.490111615452264,41.75185111833909,101.32620214328189
2026-01-01 22:25:00,app-pod-1,21.00878024268636,34.60199916410121,58.0681651576326
2026-01-01 22:25:15,app-pod-1,24.15952291934945,36.954884571624106,109.06746719209742
2026-01-01 22:25:30,app-pod-1,18.01474705764755,31.27712482880473,72.2332324586165
2026-01-01 22:25:45,app-pod-1,22.01988631408106,42.380202440516726,104.63723034686492
2026-01-01 22:26:00,app-pod-1,22.73383093326211,35.925711078584925,94.41169531109068
2026-01-01 22:26:15,app-pod-1,25.51228362195501,47.70685459343587,103.01617296177393
2026-01-01 22:26:30,app-pod-1,17.309287995312275,33.47773700485627,74.82526747080965
2026-01-01 22:26:45,app-pod-1,22.177340304303524,35.6329374169991,73.89639900056157
2026-01-01 22:27:00,app-pod-1,18.84941699888823,32.46795709994957,98.7692614045831
2026-01-01 22:27:15,app-pod-1,23.641660612761786,39.37039692735914,88.93542730927958
2026-01-01 22:27:30,app-pod-1,24.476881067676892,34.19184988283779,92.46910125661881
2026-01-01 22:27:45,app-pod-1,26.026810510485138,38.94747935253478,123.49168680071963
2026-01-01 22:28:00,app-pod-1,20.58028906728938,34.44688741764166,86.03128920175847
2026-01-01 22:28:15,app-pod-1,24.987143833245195,39.11723917959758,96.4018248560402
2026-01-01 22:28:30,app-pod-1,26.308265359383235,40.16593738287703,111.44036284083249
2026-01-01 22:28:45,app-pod-1,17.315925159055194,34.1311220122582,78.65346181562002
2026-01-01 22:29:00,app-pod-1,24.10281552755893,37.34649460015771,94.63616770907988
2026-01-01 22:29:15,app-pod-1,25.161438430283685,45.45772436294545,114.48070499635614
2026-01-01 22:29:30,app-pod-1,21.529858590552966,37.183745094299496,67.06111881730016
2026-01-01 22:29:45,app-pod-1,18.693859253047375,46.115632918929805,78.7025838480133
2026-01-01 22:30:00,app-pod-1,25.175198621027196,37.8718960775484,112.70483974645417
2026-01-01 22:30:15,app-pod-1,18.767965344290115,37.93214220327896,84.39878795142272
2026-01-01 22:30:30,app-pod-1,21.851607080896393,31.66587891475407,53.790686458472756
2026-01-01 22:30:45,app-pod-1,22.286467827685353,42.60447375593626,87.24698297768371
2026-01-01 22:31:00,app-pod-1,24.573641808063336,33.680129581771986,80.08401354437262
2026-01-01 22:31:15,app-pod-1,20.56732963743797,36.676520835987056,101.5558941148067
2026-01-01 22:31:30,app-pod-1,20.413678899652208,32.96743922193591,75.79460706865952
2026-01-01 22:31:45,app-pod-1,22.784391015678374,38.209112696559274,108.75812185081048
2026-01-01 22:32:00,app-pod-1,25.527039564541003,36.694946510821254,83.85250063187486
2026-01-01 22:32:15,app-pod-1,29.390450600909112,36.6270509510303,123.42144416461454
2026-01-01 22:32:30,app-pod-1,18.025898357781617,31.260167401458208,72.22270246194692
2026-01-01 22:32:45,app-pod-1,23.514618235460855,44.16813338553082,135.5195118426781
2026-01-01 22:33:00,app-pod-1,19.329246171100387,35.86685366229601,94.98589999882384
2026-01-01 22:33:15,app-pod-1,25.665552865738082,31.521636856621,119.37047551251429
2026-01-01 22:33:30,app-pod-1,19.813762175000193,39.346547028700435,109.67216482958791
2026-01-01 22:33:45,app-pod-1,20.625736613558956,29.980444727854874,86.75946032322304
2026-01-01 22:34:00,app-pod-1,20.902162888322067,38.3483104621162,82.11605763756259
2026-01-01 22:34:15,app-pod-1,22.461681568844565,38.48900283617073,86.64386807934184
2026-01-01 22:34:30,app-pod-1,23.68018279299312,39.657680286351955,99.6379810370398
2026-01-01 22:34:45,app-pod-1,24.18201447440966,46.19335596292766,55.17621862477701
2026-01-01 22:35:00,app-pod-1,22.733936595777614,31.770550992534254,90.97063949873619
2026-01-01 22:35:15,app-pod-1,18.781903733131156,36.20130649262595,78.52948798954876
2026-01-01 22:35:30,app-pod-1,24.97528141869558,43.78064005524884,97.5633685139644
2026-01-01 22:35:45,app-pod-1,22.653401721063076,32.640672696619795,67.64999401496101
2026-01-01 22:36:00,app-pod-1,26.317845379138078,34.693723862821685,103.0238327273506
2026-01-01 22:36:15,app-pod-1,20.729796496220178,33.07491985349195,59.913697845959376
2026-01-01 22:36:30,app-pod-1,18.066568982456502,34.27026346682989,98.8726420222768
2026-01-01 22:36:45,app-pod-1,22.79170396634245,28.901811406634955,87.30656287334858
2026-01-01 22:37:00,app-pod-1,26.802037304898477,41.518436067720515,76.26758842180024
2026-01-01 22:37:15,app-pod-1,23.4174113470487,29.350254234205458,90.57198111464476
2026-01-01 22:37:30,app-pod-1,22.35598964405677,42.11584687987697,102.85493437353605
2026-01-01 22:37:45,app-pod-1,20.364380475906707,36.82390047358531,84.09869301384873
2026-01-01 22:38:00,app-pod-1,28.269151774853114,49.3541056030752,99.36876597689076
2026-01-01 22:38:15,app-pod-1,19.927483770405004,37.29315744232999,69.53621230899111
2026-01-01 22:38:30,app-pod-1,20.860556272419537,33.07858713508871,79.13951641857267
2026-01-01 22:38:45,app-pod-1,24.7672974094668,33.34372251053844,92.47423821782978
2026-01-01 22:39:00,app-pod-1,17.509596788789764,33.451173042542145,51.14489503336621
2026-01-01 22:39:15,app-pod-1,26.921903128804132,38.694079247773516,106.673646300462
2026-01-01 22:39:30,app-pod-1,24.99119096213653,43.42452884788195,79.95875033055665
2026-01-01 22:39:45,app-pod-1,25.83679350998653,33.442661375216325,117.58284672818152
2026-01-01 22:40:00,app-pod-1,24.83394816933559,47.48827372083981,115.40238041083651
2026-01-01 22:40:15,app-pod-1,22.696731559526178,42.2615968002433,75.73911468710432
2026-01-01 22:40:30,app-pod-1,20.011169074913855,32.990200201153975,69.29501760332889
2026-01-01 22:40:45,app-pod-1,22.800910065857416,44.949741534288286,84.8586382364234
2026-01-01 22:41:00,app-pod-1,20.315956704675553,30.305529217986525,80.79105990399133
2026-01-01 22:41:15,app-pod-1,24.72066886238475,38.332417153245466,102.73539160102065
2026-01-01 22:41:30,app-pod-1,25.703087733405447,31.60980615553554,109.7581416712426
2026-01-01 22:41:45,app-pod-1,27.73372743789765,48.6464554880354,117.53073767360381
2026-01-01 22:42:00,app-pod-1,24.439165736983163,28.870481950483324,121.06464624049272
2026-01-01 22:42:15,app-pod-1,26.118158100145315,31.08050218879093,105.3780933853541
2026-01-01 22:42:30,app-pod-1,22.47357495324253,32.55793693196375,70.35707709690968
2026-01-01 22:42:45,app-pod-1,21.950762780534653,41.977152319755064,63.66532959954263
2026-01-01 22:43:00,app-pod-1,24.827202767194663,42.15326636743069,123.8456141935096
2026-01-01 22:43:15,app-pod-1,22.2673692228335,36.19741159712898,96.71431491808424
2026-01-01 22:43:30,app-pod-1,24.254953775249113,42.073098698510854,100.11660007296092
2026-01-01 22:43:45,app-pod-1,20.284436205561292,33.62203672033716,87.87291651488832
2026-01-01 22:44:00,app-pod-1,20.843753863427946,36.70277160073954,85.77904932694254
2026-01-01 22:44:15,app-pod-1,25.41549669914803,46.0494780676842,108.15982034335632
2026-01-01 22:44:30,app-pod-1,26.18997863094458,37.09989067564014,99.17108824542149
2026-01-01 22:44:45,app-pod-1,20.593587205296963,30.583647939849342,98.20229766574965
2026-01-01 22:45:00,app-pod-1,25.583053625456024,40.259996109454164,94.4592358329835
2026-01-01 22:45:15,app-pod-1,21.9936663062622,39.09693795184129,74.42535845018253
2026-01-01 22:45:30,app-pod-1,23.662059110504945,37.11568006307985,69.28556684391883
2026-01-01 22:45:45,app-pod-1,27.884054686320933,44.53574484895482,107.97034811049241
2026-01-01 22:46:00,app-pod-1,26.076368573967006,37.24716232060934,123.31801271690799
2026-01-01 22:46:15,app-pod-1,26.062215820204205,38.8812811220604,97.38861114349012
2026-01-01 22:46:30,app-pod-1,29.421671442415516,42.46804442250891,97.00846764490534
2026-01-01 22:46:45,app-pod-1,21.604370356837908,36.55986443997376,90.68990276190026
2026-01-01 22:47:00,app-pod-1,20.779098945347357,42.61172740818739,73.35037883728003
2026-01-01 22:47:15,app-pod-1,21.591080002722357,36.96153725190731,109.58832645429642
2026-01-01 22:47:30,app-pod-1,23.014674024358325,34.59076114244407,108.17766257863207
2026-01-01 22:47:45,app-pod-1,16.735263116292195,34.3545926888596,47.877630542050795
2026-01-01 22:48:00,app-pod-1,23.197375402410618,41.28241698303806,90.18108058135907
2026-01-01 22:48:15,app-pod-1,22.20670042420809,39.41586750453964,77.49773154332945
2026-01-01 22:48:30,app-pod-1,26.212451758842995,41.942754087004985,87.4422382441552
2026-01-01 22:48:45,app-pod-1,24.93919773509904,29.967187696999154,98.91777356324903
2026-01-01 22:49:00,app-pod-1,22.10062413613178,23.007873811090608,100.67598800171228
2026-01-01 22:49:15,app-pod-1,25.693378232131135,44.36168745559492,101.54790361098517
2026-01-01 22:49:30,app-pod-1,26.114073782619798,40.47413887886452,96.71402635577275
2026-01-01 22:49:45,app-pod-1,21.659443346646825,35.05372325957643,53.544225643720935
2026-01-01 22:50:00,app-pod-1,22.506811243767267,39.22633300953786,80.04001517918138
2026-01-01 22:50:15,app-pod-1,17.330604898780926,41.767973107476216,77.59949101683569
2026-01-01 22:50:30,app-pod-1,20.75553211863159,41.59652831227416,62.893014499947824
2026-01-01 22:50:45,app-pod-1,21.820928048866477,40.08575249821632,106.5221439643035
2026-01-01 22:51:00,app-pod-1,24.291667030306645,32.57053875705144,88.41214519352545
2026-01-01 22:51:15,app-pod-1,21.253859289926158,31.093747488098927,87.92123445939858
2026-01-01 22:51:30,app-pod-1,22.570497226744635,23.867324651882708,84.29490157480744
2026-01-01 22:51:45,app-pod-1,20.455714010595056,37.486567176841135,64.1781049360549
2026-01-01 22:52:00,app-pod-1,24.665907601139086,42.80927130810319,105.26807122578103
2026-01-01 22:52:15,app-pod-1,25.4505764974325,43.76629377916031,92.83211544095285
2026-01-01 22:52:30,app-pod-1,25.4014025001702,41.15813410650301,89.1101425401076
2026-01-01 22:52:45,app-pod-1,24.252270500122055,36.20625505894887,61.36684291022669
2026-01-01 22:53:00,app-pod-1,19.612855647814015,30.90761164391909,97.99172419080395
2026-01-01 22:53:15,app-pod-1,22.39710803711371,31.55115164552577,89.68066337308952
2026-01-01 22:53:30,app-pod-1,23.055950237010453,35.32204092008132,108.82234176136795
2026-01-01 22:53:45,app-pod-1,23.088892349206688,31.273093374962436,101.65845550176658
2026-01-01 22:54:00,app-pod-1,24.544636759891052,45.96101605696667,114.77503331219307
2026-01-01 22:54:15,app-pod-1,28.617238800051062,33.520209394707734,106.0067829706621
2026-01-01 22:54:30,app-pod-1,26.797831632176973,37.77321575807776,86.6044923501921
2026-01-01 22:54:45,app-pod-1,21.419924675028064,25.312855205365274,97.12009183132031
2026-01-01 22:55:00,app-pod-1,26.438628345270036,39.98981414817935,107.70749453606591
2026-01-01 22:55:15,app-pod-1,26.3452751866196,38.429774081848066,98.38560500267194
2026-01-01 22:55:30,app-pod-1,22.027120663519444,33.63503269626591,99.24918377020761
2026-01-01 22:55:45,app-pod-1,27.01288245860717,34.24510139087475,112.67348876029553
2026-01-01 22:56:00,app-pod-1,24.006122975824216,36.81659526101503,105.60856901531662
2026-01-01 22:56:15,app-pod-1,20.278367166258025,31.472552566309428,65.77755220296788
2026-01-01 22:56:30,app-pod-1,25.89481709757818,37.442032521471376,118.24351532025602
2026-01-01 22:56:45,app-pod-1,25.201082191633905,47.427907543733696,100.73486862656263
2026-01-01 22:57:00,app-pod-1,23.88815811514103,37.58259676006156,111.82568503337708
2026-01-01 22:57:15,app-pod-1,24.479832489459987,39.80021878249215,112.44312976482634
2026-01-01 22:57:30,app-pod-1,22.4559424842701,33.39683586058659,100.11823982540375
2026-01-01 22:57:45,app-pod-1,26.464604018669892,34.60304526469511,104.19152290754666
2026-01-01 22:58:00,app-pod-1,24.524880574908064,37.05262783519241,108.74306064645307
2026-01-01 22:58:15,app-pod-1,25.175605341237127,50.14255376312711,117.36420466938118
2026-01-01 22:58:30,app-pod-1,25.76871724841844,36.60096359942311,112.17586197442583
2026-01-01 22:58:45,app-pod-1,21.254573607347062,36.68539054196705,88.05725461574423
2026-01-01 22:59:00,app-pod-1,22.056526645194335,31.297576076183333,98.90383924546984
2026-01-01 22:59:15,app-pod-1,18.130593851884615,18.91505550431048,64.63680797623144
2026-01-01 22:59:30,app-pod-1,26.47571176072604,34.58384157284995,128.61269029044493
2026-01-01 22:59:45,app-pod-1,21.165918878108037,46.71969085144443,59.43626474639951
2026-01-01 23:00:00,app-pod-1,25.22132822763654,40.631881232969405,101.40135372271787
2026-01-01 23:00:15,app-pod-1,25.95766008080555,46.374983061831145,97.74127154435249
2026-01-01 23:00:30,app-pod-1,26.67283636505891,36.932374280881355,97.07797006032784
2026-01-01 23:00:45,app-pod-1,21.27481565853853,23.10821544219366,89.67720263662848
2026-01-01 23:01:00,app-pod-1,24.71247618146737,31.75518830971493,81.96777063910223
2026-01-01 23:01:15,app-pod-1,29.93990299317206,42.94305590044128,152.03859495044787
2026-01-01 23:01:30,app-pod-1,30.093112499649777,42.253248054437094,100.09086842378267
2026-01-01 23:01:45,app-pod-1,27.933250479519252,39.50115635277233,97.46398156929557
2026-01-01 23:02:00,app-pod-1,26.00487933536768,35.55217047257578,88.3342627770227
2026-01-01 23:02:15,app-pod-1,21.99820543244963,40.09732223673096,90.97029347619355
2026-01-01 23:02:30,app-pod-1,27.19052008869883,36.52663069208437,123.98024194576774
2026-01-01 23:02:45,app-pod-1,24.581728048146804,38.74629398451626,106.21701577420492
2026-01-01 23:03:00,app-pod-1,26.758518965238675,39.70760410083009,129.1192402435645
2026-01-01 23:03:15,app-pod-1,23.199552037910145,34.39717420972604,80.389187470262
2026-01-01 23:03:30,app-pod-1,24.600437159842073,32.81382575669163,108.2825705772726
2026-01-01 23:03:45,app-pod-1,25.63283848216399,35.806336503899985,97.97830439152368
2026-01-01 23:04:00,app-pod-1,25.90039636248822,47.49838636723049,107.02269726505146
2026-01-01 23:04:15,app-pod-1,26.66390167477309,44.22697048867205,123.2858230927832
2026-01-01 23:04:30,app-pod-1,23.46632575332496,41.52837168373736,68.48124823931944
2026-01-01 23:04:45,app-pod-1,21.195240232999033,30.904349629225248,114.64608938453108
2026-01-01 23:05:00,app-pod-1,30.120637273175912,33.895999726388695,118.30388912092965
2026-01-01 23:05:15,app-pod-1,32.73523888119787,48.39713829563161,106.84154291675281
2026-01-01 23:05:30,app-pod-1,26.63093835967133,43.16549315401965,96.13104071496876
2026-01-01 23:05:45,app-pod-1,21.337905399869435,35.62277866332136,86.88620008046861
2026-01-01 23:06:00,app-pod-1,23.011507372353247,34.255355722729966,81.64988877769831
2026-01-01 23:06:15,app-pod-1,26.879662024444208,31.496040145935787,76.80025384016402
2026-01-01 23:06:30,app-pod-1,29.396878277086003,44.91481701585271,119.03949903538484
2026-01-01 23:06:45,app-pod-1,21.756087168256382,41.159936592609014,76.19810522005328
2026-01-01 23:07:00,app-pod-1,25.04299371900501,34.13463346084754,109.93907415879782
2026-01-01 23:07:15,app-pod-1,26.025026939117826,34.40452085368436,88.07429734847102
2026-01-01 23:07:30,app-pod-1,28.052210093170167,45.84185669026313,146.13178364550373
2026-01-01 23:07:45,app-pod-1,24.448920853651952,33.90492228308896,105.5001195955928
2026-01-01 23:08:00,app-pod-1,20.80953483915692,43.46197542669176,86.19005600804371
2026-01-01 23:08:15,app-pod-1,27.385831721188737,38.62482341550356,118.89017813270148
2026-01-01 23:08:30,app-pod-1,28.91789239619113,38.30971614300054,88.3488845475567
2026-01-01 23:08:45,app-pod-1,25.317000876125363,37.94744061935474,93.81363190717093
2026-01-01 23:09:00,app-pod-1,26.801771573489262,36.82808142962239,133.9523978546908
2026-01-01 23:09:15,app-pod-1,24.183858901707012,42.559763162933315,91.93344524714858
2026-01-01 23:09:30,app-pod-1,23.09130072311502,40.592961204057445,91.42281563258055
2026-01-01 23:09:45,app-pod-1,28.729187867796025,45.550962971211376,107.91925923850128
2026-01-01 23:10:00,app-pod-1,26.833695264681324,39.706185388747244,129.30240199816552
2026-01-01 23:10:15,app-pod-1,27.163615565407632,36.732758404243526,104.98494776314249
2026-01-01 23:10:30,app-pod-1,30.22016238268283,41.108793630739314,102.10312001216793
2026-01-01 23:10:45,app-pod-1,22.570602207419523,33.670937587342294,128.96463566795035
2026-01-01 23:11:00,app-pod-1,24.100367752392803,44.20323999258976,75.77611940957479
2026-01-01 23:11:15,app-pod-1,26.251568999324782,43.38746691852035,103.5455725553617
2026-01-01 23:11:30,app-pod-1,24.106156659568608,36.416694327411975,83.79771208930065
2026-01-01 23:11:45,app-pod-1,28.16983839740564,35.086512094327595,102.15533738062138
2026-01-01 23:12:00,app-pod-1,25.27956852093285,45.39989640567208,85.2207873844817
2026-01-01 23:12:15,app-pod-1,22.88551010114076,36.70327774852004,83.44215799077693
2026-01-01 23:12:30,app-pod-1,26.081770811718282,37.606402267219124,119.08758202888566
2026-01-01 23:12:45,app-pod-1,26.41682425823277,46.240040579357725,77.13750369942326
2026-01-01 23:13:00,app-pod-1,28.73121116588544,37.562103749229465,133.8369584018584
2026-01-01 23:13:15,app-pod-1,27.127949564336713,37.394930188388024,124.83776925789151
2026-01-01 23:13:30,app-pod-1,27.35333272756717,37.993538167418194,117.049219555391
2026-01-01 23:13:45,app-pod-1,26.952140099573256,32.283652211492075,109.70111756184725
2026-01-01 23:14:00,app-pod-1,25.447973747780278,39.39225845057594,105.94148286847414
2026-01-01 23:14:15,app-pod-1,23.885364975031393,32.90803175912972,116.89264635427767
2026-01-01 23:14:30,app-pod-1,26.921923103215594,35.9917375106953,81.50092139567218
2026-01-01 23:14:45,app-pod-1,25.077424172174887,34.032019523514094,111.21904203622773
2026-01-01 23:15:00,app-pod-1,31.167661421000474,38.882011978180614,113.47806638485959
2026-01-01 23:15:15,app-pod-1,30.146140176653788,36.90772580357858,132.97077353895577
2026-01-01 23:15:30,app-pod-1,28.03951503938688,40.86373141567067,102.95405498195058
2026-01-01 23:15:45,app-pod-1,27.29780740208091,38.33049971902807,119.79427903300255
2026-01-01 23:16:00,app-pod-1,25.919942939525573,38.38400074870848,80.45249173218731
2026-01-01 23:16:15,app-pod-1,22.421866947611857,47.46424724563987,64.29886646855863
2026-01-01 23:16:30,app-pod-1,25.57814403630301,37.12689491991611,100.61663353915839
2026-01-01 23:16:45,app-pod-1,26.55228786104077,41.611339613910374,127.7421018380312
2026-01-01 23:17:00,app-pod-1,26.957888703159277,42.46427008889138,115.8758211301909
2026-01-01 23:17:15,app-pod-1,27.69956433881566,39.07541191534959,118.73497429608639
2026-01-01 23:17:30,app-pod-1,29.076386202779773,41.72246599967103,129.20845201375442
2026-01-01 23:17:45,app-pod-1,24.25737815337022,37.083655658671276,91.074866379369
2026-01-01 23:18:00,app-pod-1,24.30606266853001,38.0270358465284,106.38548358365921
2026-01-01 23:18:15,app-pod-1,30.72931298797838,38.577935144844176,114.22215735041975
2026-01-01 23:18:30,app-pod-1,28.71114548627605,37.626745292494114,110.13435813079543
2026-01-01 23:18:45,app-pod-1,25.247349948067367,37.75775623006254,98.14165719486247
2026-01-01 23:19:00,app-pod-1,26.11949558366646,28.42412868931155,96.29506669115523
2026-01-01 23:19:15,app-pod-1,26.15445780129633,45.78848440973405,103.62707302921558
2026-01-01 23:19:30,app-pod-1,26.57879676815707,49.40944782770559,102.49681558416239
2026-01-01 23:19:45,app-pod-1,27.923602621661544,40.39827313478665,101.07943576401524
2026-01-01 23:20:00,app-pod-1,34.132014684960865,47.21975616572763,134.41903309483286
2026-01-01 23:20:15,app-pod-1,27.117793364384926,44.38774370532193,110.80016477596959
2026-01-01 23:20:30,app-pod-1,28.55780947336026,33.36711793346083,97.73327355029102
2026-01-01 23:20:45,app-pod-1,21.532080326080827,39.713845954678696,92.3901674605205
2026-01-01 23:21:00,app-pod-1,25.158309944682998,35.47861798910697,93.22803799382683
2026-01-01 23:21:15,app-pod-1,30.320958439756605,52.67829205691385,124.25689037688868
2026-01-01 23:21:30,app-pod-1,27.862967118895735,38.56277913323354,101.472409875558
2026-01-01 23:21:45,app-pod-1,13.510188682490165,33.99804319360142,69.79818577999086
2026-01-01 23:22:00,app-pod-1,28.721117489735043,39.21271759101386,129.226205616726
2026-01-01 23:22:15,app-pod-1,32.47506044021598,53.716006089803415,114.15941017660758
2026-01-01 23:22:30,app-pod-1,20.75436777374882,31.966306356429648,90.89245864351712
2026-01-01 23:22:45,app-pod-1,31.32178071144783,47.75069043465042,146.9811962089786
2026-01-01 23:23:00,app-pod-1,18.469281796045678,36.061886669491706,59.65444650206181
2026-01-01 23:23:15,app-pod-1,29.62068035188502,42.756026054640316,105.4484060171687
2026-01-01 23:23:30,app-pod-1,26.802276267253927,39.90663039230161,118.23499684593031
2026-01-01 23:23:45,app-pod-1,19.799850902258203,30.52483304309643,59.59172647864885
2026-01-01 23:24:00,app-pod-1,28.209724180914737,26.816525374469926,101.17620258627721
2026-01-01 23:24:15,app-pod-1,30.345379820718815,46.61372641681125,106.16154076305726
2026-01-01 23:24:30,app-pod-1,28.00607515601614,37.16005705748988,123.23656504592672
2026-01-01 23:24:45,app-pod-1,28.690454298593657,45.931318727425705,104.37537081264084
2026-01-01 23:25:00,app-pod-1,25.72250393918449,39.76424159700747,98.62096468433681
2026-01-01 23:25:15,app-pod-1,21.394927519593303,40.97773316881592,74.35484649757434
2026-01-01 23:25:30,app-pod-1,29.076256955930273,44.36284246969856,133.53273033435408
2026-01-01 23:25:45,app-pod-1,32.271498319864584,30.2665729215092,116.1951889014474
2026-01-01 23:26:00,app-pod-1,30.43255434009015,44.37726611930309,100.61621652562098
2026-01-01 23:26:15,app-pod-1,21.101763022088733,33.05285668738969,62.70516667811732
2026-01-01 23:26:30,app-pod-1,22.542289514671033,41.604658596610605,100.57405257745663
2026-01-01 23:26:45,app-pod-1,24.570655202568037,40.155496117481626,109.77059770772989
2026-01-01 23:27:00,app-pod-1,22.351221206335982,38.66070003426322,108.13320318711797
2026-01-01 23:27:15,app-pod-1,27.284309865931778,37.73780292761099,90.22263971454326
2026-01-01 23:27:30,app-pod-1,28.353583459070222,35.284477460810194,109.9461516749129
2026-01-01 23:27:45,app-pod-1,22.90417549354696,33.86848805063024,128.02619308878013
2026-01-01 23:28:00,app-pod-1,29.54792335862527,31.684085043382943,113.65694420966628
2026-01-01 23:28:15,app-pod-1,29.041455762457307,37.37730036098689,107.71469355577065
2026-01-01 23:28:30,app-pod-1,25.615275791829507,30.60989755658349,102.14595736016201
2026-01-01 23:28:45,app-pod-1,26.763799705023764,31.54595577472758,115.00446042332888
2026-01-01 23:29:00,app-pod-1,21.45357786756643,35.599898743427545,93.51280978530639
2026-01-01 23:29:15,app-pod-1,26.32781386642808,41.09971440401946,96.09478713013415
2026-01-01 23:29:30,app-pod-1,27.368377381933332,38.99889676647725,100.6979801874705
2026-01-01 23:29:45,app-pod-1,27.874090527240856,37.01791088237659,107.0494612364427
2026-01-01 23:30:00,app-pod-1,28.526106891659488,35.23123401296701,103.15312791007554
2026-01-01 23:30:15,app-pod-1,28.143832905626137,38.11471807211474,94.05388547762894
2026-01-01 23:30:30,app-pod-1,26.639711185026105,34.53668262337954,133.67811751960656
2026-01-01 23:30:45,app-pod-1,28.312964760184677,39.50492162152271,107.14798982735329
2026-01-01 23:31:00,app-pod-1,30.48211659721414,33.72982274765537,116.67481879570673
2026-01-01 23:31:15,app-pod-1,27.21117008542868,42.55440695082872,104.0583812849754
2026-01-01 23:31:30,app-pod-1,28.472095643485307,37.09531134006126,112.68073256880184
2026-01-01 23:31:45,app-pod-1,26.982447400431465,40.768997681713714,114.45118614463507
2026-01-01 23:32:00,app-pod-1,25.622336382458325,42.37174544587678,95.51146847495733
2026-01-01 23:32:15,app-pod-1,29.15290757639819,42.046389713133735,133.70193324631532
2026-01-01 23:32:30,app-pod-1,25.940249061390126,42.1538082909635,112.7282344341578
2026-01-01 23:32:45,app-pod-1,28.78602876386823,29.817023820437402,112.28063589610966
2026-01-01 23:33:00,app-pod-1,27.73401816537338,36.94952939724193,100.94255330904707
2026-01-01 23:33:15,app-pod-1,26.759114808416825,44.246763699837196,123.31035727357555
2026-01-01 23:33:30,app-pod-1,26.70815990007219,41.24185962163164,104.4020067841684
2026-01-01 23:33:45,app-pod-1,26.189897723416,47.57524473414851,86.11832213835385
2026-01-01 23:34:00,app-pod-1,22.798532208374816,44.48087494569746,106.51009668291798
2026-01-01 23:34:15,app-pod-1,28.906298728142254,41.73236978195276,104.73026818637081
2026-01-01 23:34:30,app-pod-1,28.47393430474941,38.67186091890055,126.92324885649676
2026-01-01 23:34:45,app-pod-1,30.349987614961403,36.45279776513803,83.68593540665185
2026-01-01 23:35:00,app-pod-1,26.228291796040313,35.98076142955198,99.38322951554976
2026-01-01 23:35:15,app-pod-1,33.530501615574806,41.43011658845553,151.52153547333992
2026-01-01 23:35:30,app-pod-1,26.726833696812243,35.742537625859995,106.98429573869272
2026-01-01 23:35:45,app-pod-1,25.26240595421548,33.09199542924561,110.02165313146365
2026-01-01 23:36:00,app-pod-1,24.92837597511894,39.457746120193484,86.18454284971669
2026-01-01 23:36:15,app-pod-1,22.729361866398072,44.39375169718982,96.13302586778005
2026-01-01 23:36:30,app-pod-1,32.55071355648026,47.451783330687476,130.25913823078014
2026-01-01 23:36:45,app-pod-1,32.087735290772315,40.849314412189,132.00095213911945
2026-01-01 23:37:00,app-pod-1,29.798474256412746,45.929076217492465,149.78309558800126
2026-01-01 23:37:15,app-pod-1,25.329680378022168,39.46403059880993,120.88756606342832
2026-01-01 23:37:30,app-pod-1,33.47346023808615,43.22790041197609,145.7737411292987
2026-01-01 23:37:45,app-pod-1,27.006212433537886,38.388735075239495,120.09413684772656
2026-01-01 23:38:00,app-pod-1,27.27600745591555,38.09350452919956,95.46669189411035
2026-01-01 23:38:15,app-pod-1,32.416579503356,45.94693626603555,122.59788171755596
2026-01-01 23:38:30,app-pod-1,30.10325358306057,41.77062791952451,97.42428825761235
2026-01-01 23:38:45,app-pod-1,34.75155304272546,40.68397314202287,119.96243173518478
2026-01-01 23:39:00,app-pod-1,28.91613440768901,36.35703353988055,102.36653026088851
2026-01-01 23:39:15,app-pod-1,27.000601405842943,40.4299408904984,107.5655368843739
2026-01-01 23:39:30,app-pod-1,26.37800748377153,40.60786131705645,87.13689947539416
2026-01-01 23:39:45,app-pod-1,22.694164058020725,34.320251619030586,90.18910343327762
2026-01-01 23:40:00,app-pod-1,27.42109782662822,33.53474036490853,107.37394868461647
2026-01-01 23:40:15,app-pod-1,31.71239979113593,48.453505439220805,109.83616735757724
2026-01-01 23:40:30,app-pod-1,30.096858970519378,46.26082432699907,143.27123885003417
2026-01-01 23:40:45,app-pod-1,28.38301917255546,29.93123091592133,93.66419116558964
2026-01-01 23:41:00,app-pod-1,25.359032518306936,44.44923737938251,118.19600227971102
2026-01-01 23:41:15,app-pod-1,29.04619757136484,39.28745931329031,82.37064695727585
2026-01-01 23:41:30,app-pod-1,31.425764245300687,42.947970371846196,123.56955877760166
2026-01-01 23:41:45,app-pod-1,29.701227430455493,46.48197450158198,100.84053722620764
2026-01-01 23:42:00,app-pod-1,28.931023594343163,48.514410449185476,105.90727361344777
2026-01-01 23:42:15,app-pod-1,26.061695417184936,43.257513217257106,131.39909850178836
2026-01-01 23:42:30,app-pod-1,31.075865952256983,42.95825866133268,119.09894962807763
2026-01-01 23:42:45,app-pod-1,19.100360002004653,26.492048569888265,59.83320805198974
2026-01-01 23:43:00,app-pod-1,29.66636732268745,30.635298005957523,125.98000730119864
2026-01-01 23:43:15,app-pod-1,36.25055364043177,49.76618224342475,139.66601082121963
2026-01-01 23:43:30,app-pod-1,24.036226774870077,43.53551047113143,98.40560461235262
2026-01-01 23:43:45,app-pod-1,27.85899952389921,35.428075362539204,97.71917975052075
2026-01-01 23:44:00,app-pod-1,28.581137554743325,38.657896464626674,101.3463037380325
2026-01-01 23:44:15,app-pod-1,27.23888638014279,36.280891024172675,97.14033349337592
2026-01-01 23:44:30,app-pod-1,31.757523481367755,39.31076606951241,139.00659106239718
2026-01-01 23:44:45,app-pod-1,30.087521336418746,46.436070854952945,116.94763906018945
2026-01-01 23:45:00,app-pod-1,29.148838533039086,41.49605263689557,100.87145047879359
2026-01-01 23:45:15,app-pod-1,31.105525777428234,40.62797648722142,126.8493951387522
2026-01-01 23:45:30,app-pod-1,28.785732430232606,53.437612803714686,116.33512253096077
2026-01-01 23:45:45,app-pod-1,38.2968474832517,39.63568874323839,161.79143190362672
2026-01-01 23:46:00,app-pod-1,29.233070010273085,43.20270441467009,109.70526154419298
2026-01-01 23:46:15,app-pod-1,29.38665215014108,35.32576507923778,116.38303593796297
2026-01-01 23:46:30,app-pod-1,23.691179778256398,35.796641484808276,101.08989862487601
2026-01-01 23:46:45,app-pod-1,27.21401241839131,39.79300061518728,93.715754301181
2026-01-01 23:47:00,app-pod-1,32.30827729413189,46.83877270406778,142.52645210744055
2026-01-01 23:47:15,app-pod-1,24.881555895271887,36.111179650885205,99.77287800416607
2026-01-01 23:47:30,app-pod-1,22.437038444333993,33.87118642204958,73.23296158089825
2026-01-01 23:47:45,app-pod-1,29.028441199039808,38.92448335026033,99.48743020858223
2026-01-01 23:48:00,app-pod-1,33.06551439756605,37.74609664679035,130.7710791011974
2026-01-01 23:48:15,app-pod-1,29.102211896396863,43.53309733793624,108.15546042952658
2026-01-01 23:48:30,app-pod-1,27.988482957175094,40.99860992393211,123.27303115808658
2026-01-01 23:48:45,app-pod-1,23.443182700228682,38.58607124673533,89.47145211320665
2026-01-01 23:49:00,app-pod-1,30.3971997976797,40.93032484571039,126.13449764895047
2026-01-01 23:49:15,app-pod-1,31.046054814138433,40.76784857044643,111.45490251033618
2026-01-01 23:49:30,app-pod-1,23.73882516396629,42.49517930593066,94.6103610142893
2026-01-01 23:49:45,app-pod-1,32.50941427107364,47.86552234053663,149.77069626819832
2026-01-01 23:50:00,app-pod-1,31.42469883036962,49.07129211218067,123.47687094024714
2026-01-01 23:50:15,app-pod-1,32.54635644611097,44.64542126975703,121.89096332552135
2026-01-01 23:50:30,app-pod-1,30.921781271873225,48.408567363588354,110.73005083721418
2026-01-01 23:50:45,app-pod-1,31.15405248690311,39.727423542230106,124.33465199937963
2026-01-01 23:51:00,app-pod-1,30.776966380923835,40.539617535940025,144.24758704581333
2026-01-01 23:51:15,app-pod-1,31.842020907985965,48.26491840399998,106.91416718810859
2026-01-01 23:51:30,app-pod-1,23.80213180314823,40.87859995350496,94.45976191803221
2026-01-01 23:51:45,app-pod-1,24.77702885912547,35.891668166813346,73.40003685253484
2026-01-01 23:52:00,app-pod-1,27.093986365380665,33.73449927566791,102.21961230640132
2026-01-01 23:52:15,app-pod-1,28.93435328743863,39.234226266244676,119.67895360919537
2026-01-01 23:52:30,app-pod-1,30.510029113489022,37.93267817305714,98.33449025256185
2026-01-01 23:52:45,app-pod-1,30.341468623015572,49.861545448554274,114.69373129007076
2026-01-01 23:53:00,app-pod-1,32.74054717017162,46.718586236718885,135.3199805796881
2026-01-01 23:53:15,app-pod-1,32.85652243078179,39.169952814613424,133.39316109324866
2026-01-01 23:53:30,app-pod-1,26.81568871021104,33.54602729382266,112.34712884916028
2026-01-01 23:53:45,app-pod-1,30.17038054016105,37.22770000918996,106.06257261064803
2026-01-01 23:54:00,app-pod-1,26.932966390677016,36.05895028114224,112.08348111923253
2026-01-01 23:54:15,app-pod-1,28.93352936557985,39.41996858691992,106.73399406421179
2026-01-01 23:54:30,app-pod-1,30.485454631597904,46.91255069652297,132.6522587562141
2026-01-01 23:54:45,app-pod-1,19.315754909910968,28.688443980172657,42.60324954453321
2026-01-01 23:55:00,app-pod-1,36.79743441822784,57.20589031699223,142.84559699702942
2026-01-01 23:55:15,app-pod-1,31.28474001063964,37.18281682330448,126.62211646504548
2026-01-01 23:55:30,app-pod-1,27.820216324547225,32.42891277171006,131.52234605663784
2026-01-01 23:55:45,app-pod-1,35.41124805606552,53.22939776586321,142.9469478051559
2026-01-01 23:56:00,app-pod-1,28.608658359795726,46.63233885104179,117.25891971438362
2026-01-01 23:56:15,app-pod-1,30.07032352495444,40.13748247868668,125.91364752706076
2026-01-01 23:56:30,app-pod-1,28.233231821873616,41.66992385093416,131.72923529572444
2026-01-01 23:56:45,app-pod-1,34.672369014416496,46.303503905601616,132.96105987502403
2026-01-01 23:57:00,app-pod-1,29.423253969655466,41.27983992247662,96.64650096295681
2026-01-01 23:57:15,app-pod-1,30.20847528878751,34.66353500979889,96.91569201328295
2026-01-01 23:57:30,app-pod-1,33.39318462919269,30.96539332710362,143.5356674199223
2026-01-01 23:57:45,app-pod-1,31.559071985640223,37.86771947833107,129.58439285624533
2026-01-01 23:58:00,app-pod-1,29.66242509463031,49.844469623095954,114.80456334191683
2026-01-01 23:58:15,app-pod-1,33.17845809155654,52.50198817772286,123.92241544250139
2026-01-01 23:58:30,app-pod-1,37.4845509289368,44.93000082779421,152.65069429131145
2026-01-01 23:58:45,app-pod-1,30.843148808977986,36.80038305366623,126.51844363692803
2026-01-01 23:59:00,app-pod-1,30.26301407792275,42.57471595319282,128.2495034324431
2026-01-01 23:59:15,app-pod-1,30.446431520726716,43.50740804184383,105.15572212638148
2026-01-01 23:59:30,app-pod-1,33.88765530580781,46.72495631053576,109.08603772759076
2026-01-01 23:59:45,app-pod-1,28.180590183577937,27.091269714316567,99.01945755369856
2026-01-02 00:00:00,app-pod-1,29.165047320865014,56.20431404373132,96.39325639352279
2026-01-02 00:00:15,app-pod-1,25.409487763943343,43.4490147749785,80.59406203818965
2026-01-02 00:00:30,app-pod-1,26.492029608766817,37.55510220743844,129.5141636758362
2026-01-02 00:00:45,app-pod-1,28.512049722036608,36.36604665462136,80.04316928625923
2026-01-02 00:01:00,app-pod-1,29.91945520351367,45.88014711285759,126.72339146113177
2026-01-02 00:01:15,app-pod-1,35.41633251473063,47.268405835484145,155.2703032764475
2026-01-02 00:01:30,app-pod-1,31.73887717412269,42.67795146205844,141.76747820783706
2026-01-02 00:01:45,app-pod-1,27.416479294946452,41.48320867466657,113.824397439416
2026-01-02 00:02:00,app-pod-1,27.990589253875118,39.029814456589506,131.76100245180632
2026-01-02 00:02:15,app-pod-1,34.320592436434964,46.03372603409098,164.0333657095576
2026-01-02 00:02:30,app-pod-1,33.59799287577121,47.15040926780736,129.85850576669606
2026-01-02 00:02:45,app-pod-1,30.324426744103597,42.94368309128265,128.00978248063456
2026-01-02 00:03:00,app-pod-1,28.93421251481039,41.70855825197687,134.87376129456132
2026-01-02 00:03:15,app-pod-1,33.65840500502744,50.52518416957511,121.70423071618268
2026-01-02 00:03:30,app-pod-1,27.325439366759433,31.142271959639316,105.62813886637389
2026-01-02 00:03:45,app-pod-1,31.503325826702294,38.06291668589945,116.62597971511966
2026-01-02 00:04:00,app-pod-1,37.16702510142565,46.14972100090307,155.58277005001582
2026-01-02 00:04:15,app-pod-1,30.986928256379528,38.04151186481947,95.47622422549824
2026-01-02 00:04:30,app-pod-1,28.065845411427752,37.66592909677972,133.8127863376739
2026-01-02 00:04:45,app-pod-1,31.645592129567387,48.59062340514739,134.58931698352976
2026-01-02 00:05:00,app-pod-1,29.026271543645166,39.57353521076299,124.95420374708075
2026-01-02 00:05:15,app-pod-1,26.27576132941369,29.246977792019713,69.65333305096189
2026-01-02 00:05:30,app-pod-1,32.58302755616389,40.691410642643326,114.73002381916507
2026-01-02 00:05:45,app-pod-1,33.85523272100859,43.98922877537537,157.77796843707006
2026-01-02 00:06:00,app-pod-1,29.59081894993974,40.91202092723945,115.70218774349065
2026-01-02 00:06:15,app-pod-1,29.41364076770155,43.36973574412316,91.79360437928861
2026-01-02 00:06:30,app-pod-1,27.682459791542087,41.749664727856825,114.05417153433359
2026-01-02 00:06:45,app-pod-1,30.13915666355655,40.40327917185966,130.74399821252962
2026-01-02 00:07:00,app-pod-1,28.923665115426875,34.28136678957165,123.66704616329436
2026-01-02 00:07:15,app-pod-1,27.5994782765612,37.113938535405026,108.14183488715261
2026-01-02 00:07:30,app-pod-1,36.33088814763434,42.317738920235044,162.35700649398808
2026-01-02 00:07:45,app-pod-1,32.07566464779222,41.027446240023274,117.77247880311879
2026-01-02 00:08:00,app-pod-1,32.41517525813806,46.14646535698608,137.76203651748466
2026-01-02 00:08:15,app-pod-1,33.36999154680724,45.37950783058383,135.50523083921956
2026-01-02 00:08:30,app-pod-1,33.054703539759416,47.25832104654002,130.22251897729254
2026-01-02 00:08:45,app-pod-1,29.524066198127485,38.74643032067527,112.4113136198863
2026-01-02 00:09:00,app-pod-1,31.602854184095776,49.66380177029071,121.25753083575813
2026-01-02 00:09:15,app-pod-1,29.999904186748868,44.3641254937078,120.48341799049695
2026-01-02 00:09:30,app-pod-1,32.144184877956754,43.06210282377951,124.18592753648127
2026-01-02 00:09:45,app-pod-1,31.875664039405546,45.32969774947372,138.4987048357819
2026-01-02 00:10:00,app-pod-1,29.72440696471411,37.42828280214472,110.85784811519713
2026-01-02 00:10:15,app-pod-1,26.90628690625261,28.29062975457472,131.14951258510746
2026-01-02 00:10:30,app-pod-1,31.354688509626936,38.914800111389965,116.7087262610865
2026-01-02 00:10:45,app-pod-1,30.32496204908878,44.96475822057299,135.10105991200925
2026-01-02 00:11:00,app-pod-1,25.288445827300613,38.102992277555245,115.60203630064541
2026-01-02 00:11:15,app-pod-1,32.5043387932145,42.068864791860776,132.5052876529472
2026-01-02 00:11:30,app-pod-1,33.89916957167419,39.49021834628329,136.74807799024097
2026-01-02 00:11:45,app-pod-1,38.61000121531838,37.247871721140186,143.50549962563568
2026-01-02 00:12:00,app-pod-1,29.873126614896897,48.03541673450178,111.73643471494346
2026-01-02 00:12:15,app-pod-1,29.45236952487572,39.57718495835496,121.10623204144683
2026-01-02 00:12:30,app-pod-1,27.762026941442393,37.285728949523715,110.37107378575344
2026-01-02 00:12:45,app-pod-1,31.737999273109526,38.8583681557173,144.69825973229894
2026-01-02 00:13:00,app-pod-1,31.740810292942612,48.491179593192975,120.14439426554063
2026-01-02 00:13:15,app-pod-1,28.72174759533816,44.51197737863363,108.9760234671006
2026-01-02 00:13:30,app-pod-1,30.65262642701226,36.62064117785381,97.6395466005907
2026-01-02 00:13:45,app-pod-1,25.263197144659934,43.506952826479626,110.70570653437463
2026-01-02 00:14:00,app-pod-1,34.00010103419689,43.074718629331485,144.29868646594656
2026-01-02 00:14:15,app-pod-1,28.930708204202347,37.19878480300551,130.37906125670764
2026-01-02 00:14:30,app-pod-1,31.160550642743672,40.344323515932814,140.14374661501526
2026-01-02 00:14:45,app-pod-1,27.00621164218628,34.98786189695591,119.85904466052135
2026-01-02 00:15:00,app-pod-1,29.561001786218128,34.088315736608735,130.71074639439405
2026-01-02 00:15:15,app-pod-1,30.491058246094585,45.22439559980916,131.11526442728484
2026-01-02 00:15:30,app-pod-1,31.31772670542668,40.81888439864133,136.73230656197885
2026-01-02 00:15:45,app-pod-1,32.812562724255024,46.05484157520487,103.62082521486226
2026-01-02 00:16:00,app-pod-1,35.712354725341164,46.43471496338655,126.35255822501118
2026-01-02 00:16:15,app-pod-1,33.615024940304735,46.273223014979514,115.51218939178065
2026-01-02 00:16:30,app-pod-1,34.32514669257313,33.797668657765755,156.35318193458454
2026-01-02 00:16:45,app-pod-1,35.79872463223142,40.72530599577691,131.4505051680424
2026-01-02 00:17:00,app-pod-1,33.19129344847609,46.080729190942506,123.42224107376981
2026-01-02 00:17:15,app-pod-1,31.393803954905806,35.60150929775422,125.67507481847115
2026-01-02 00:17:30,app-pod-1,34.55301520884423,46.05243606525212,119.55686912856399
2026-01-02 00:17:45,app-pod-1,34.76645948085642,37.38299873650662,144.77400961353624
2026-01-02 00:18:00,app-pod-1,33.51487942845499,43.54263551739196,102.10366467318029
2026-01-02 00:18:15,app-pod-1,27.22704754784616,47.10888525317259,91.24584503752456
2026-01-02 00:18:30,app-pod-1,29.088296411001483,44.23480806435916,119.33542846431173
2026-01-02 00:18:45,app-pod-1,30.809859170581927,32.313196682203674,104.61489319082092
2026-01-02 00:19:00,app-pod-1,33.99502721245178,48.03837607029717,155.4668054043626
2026-01-02 00:19:15,app-pod-1,31.613865589914052,51.240897046587754,127.14965393916084
2026-01-02 00:19:30,app-pod-1,35.11024944780053,58.56225466426906,157.4220497796266
2026-01-02 00:19:45,app-pod-1,35.66709011157905,47.34234176544878,148.03711020911263
2026-01-02 00:20:00,app-pod-1,35.34062626098479,37.91633876326258,141.183558494804
2026-01-02 00:20:15,app-pod-1,35.38146910384825,46.94041826281592,126.57744409107814
2026-01-02 00:20:30,app-pod-1,28.6755961518729,48.053085298018345,128.63957833197946
2026-01-02 00:20:45,app-pod-1,33.25621269378822,42.343907986900234,139.64367066023226
2026-01-02 00:21:00,app-pod-1,30.007445250401787,46.22075628969404,151.2994995399408
2026-01-02 00:21:15,app-pod-1,26.904557379460726,34.63517517123407,120.04423503666084
2026-01-02 00:21:30,app-pod-1,31.011064774214532,43.56951160758443,118.08321445257536
2026-01-02 00:21:45,app-pod-1,35.86940863483396,32.66068846853313,147.8189581321018
2026-01-02 00:22:00,app-pod-1,33.29914108075987,38.55772184734832,139.52863398340486
2026-01-02 00:22:15,app-pod-1,37.992058196714794,46.563837501291076,169.41260723037666
2026-01-02 00:22:30,app-pod-1,32.49203324239555,40.92763961679471,149.79618237497482
2026-01-02 00:22:45,app-pod-1,39.32546145942921,41.02473555022171,154.8722163638106
2026-01-02 00:23:00,app-pod-1,32.53632490879269,40.277146445730104,111.91248345805747
2026-01-02 00:23:15,app-pod-1,32.09290776999487,44.113310681336394,100.5640517938067
2026-01-02 00:23:30,app-pod-1,28.20899985693461,39.31516196430313,95.74275753195307
2026-01-02 00:23:45,app-pod-1,35.40055914479124,45.085079250708205,132.72558989258155
2026-01-02 00:24:00,app-pod-1,30.584193878531625,45.068779730400834,144.90180605648263
2026-01-02 00:24:15,app-pod-1,30.171122200974256,39.40397203701575,143.47707113676492
2026-01-02 00:24:30,app-pod-1,35.977650150926564,51.980244520908165,158.31300141603018
2026-01-02 00:24:45,app-pod-1,35.63031726724304,39.99486675656307,160.97725217615184
2026-01-02 00:25:00,app-pod-1,35.573491598671325,54.54145688436752,131.68307536019262
2026-01-02 00:25:15,app-pod-1,31.112449740219127,47.3439079706247,101.72006238010269
2026-01-02 00:25:30,app-pod-1,32.067778575169804,40.66745610005775,113.17318610525801
2026-01-02 00:25:45,app-pod-1,32.06282336425526,40.99738283382328,97.72901494311404
2026-01-02 00:26:00,app-pod-1,34.6116188173753,45.26181113022139,121.73714649346884
2026-01-02 00:26:15,app-pod-1,36.946433304819614,48.85585796273361,140.1965285736472
2026-01-02 00:26:30,app-pod-1,33.411851269083044,48.861037264525415,136.1479603174666
2026-01-02 00:26:45,app-pod-1,38.253754418094815,40.07467185259095,155.0468764371555
2026-01-02 00:27:00,app-pod-1,35.04233120325593,46.71684495258538,129.82477540039324
2026-01-02 00:27:15,app-pod-1,31.668013756765056,31.585038367421962,135.20627410332156
2026-01-02 00:27:30,app-pod-1,34.88020732448617,43.5296426979629,129.4642340318769
2026-01-02 00:27:45,app-pod-1,37.53355226048092,53.54304910127393,150.28487955153224
2026-01-02 00:28:00,app-pod-1,38.43225381812696,39.81453251159638,137.07928164081105
2026-01-02 00:28:15,app-pod-1,36.01971344537341,37.217610481603074,160.4088634621594
2026-01-02 00:28:30,app-pod-1,32.55771238998371,43.894374170728476,130.54336894147272
2026-01-02 00:28:45,app-pod-1,31.852255932474616,49.233724973595244,137.59139896940937
2026-01-02 00:29:00,app-pod-1,34.252187893400745,45.60350878080713,118.76585076680655
2026-01-02 00:29:15,app-pod-1,37.56754355329141,36.77419100289623,152.8865367813919
2026-01-02 00:29:30,app-pod-1,33.86856508982023,35.29235349764279,144.0592662296138
2026-01-02 00:29:45,app-pod-1,33.952487939672004,44.2554737224175,105.15194207615764
2026-01-02 00:30:00,app-pod-1,32.7647174073523,37.03909008866777,148.58032465345946
2026-01-02 00:30:15,app-pod-1,31.64847907055003,42.837366818913296,107.85254752053156
2026-01-02 00:30:30,app-pod-1,32.167374020525884,43.49713738070281,131.83299931395598
2026-01-02 00:30:45,app-pod-1,33.08167762044728,40.708386781024544,159.14225425298832
2026-01-02 00:31:00,app-pod-1,37.85131859419393,55.56969448567981,165.72881956181092
2026-01-02 00:31:15,app-pod-1,31.999493001431865,45.35198112567376,105.64890321316358
2026-01-02 00:31:30,app-pod-1,32.8980830613735,49.08661253693233,128.92180570678494
2026-01-02 00:31:45,app-pod-1,30.165723088383203,45.71891495322635,139.16433870452354
2026-01-02 00:32:00,app-pod-1,34.933355218620754,43.70298084328519,127.48179563708285
2026-01-02 00:32:15,app-pod-1,36.905102192880776,44.8613352783198,142.22221263984636
2026-01-02 00:32:30,app-pod-1,37.7001574943416,44.90201006189527,144.98239418174944
2026-01-02 00:32:45,app-pod-1,33.458353466823446,46.82635868927763,142.3839977531306
2026-01-02 00:33:00,app-pod-1,34.59291528966129,40.963214815903584,115.31678973368406
2026-01-02 00:33:15,app-pod-1,32.43079060552978,51.32671813404369,139.11481568548217
2026-01-02 00:33:30,app-pod-1,34.49708330277973,40.41861179358384,128.646345527526
2026-01-02 00:33:45,app-pod-1,33.87650494660486,44.785928824108545,135.33596471569598
2026-01-02 00:34:00,app-pod-1,33.13098138434668,42.046282908812934,129.1508562310237
2026-01-02 00:34:15,app-pod-1,33.39102451530568,41.11975058878134,142.56060067332754
2026-01-02 00:34:30,app-pod-1,34.355101961261845,54.910305635201354,137.10480553266692
2026-01-02 00:34:45,app-pod-1,32.138445910206926,40.30164043008253,150.1603002751719
2026-01-02 00:35:00,app-pod-1,32.314977347564216,41.09687823833282,144.10134532347308
2026-01-02 00:35:15,app-pod-1,38.18611465359984,43.40961226524043,140.81461815273036
2026-01-02 00:35:30,app-pod-1,41.21722616198771,49.05726139183601,185.3483711403825
2026-01-02 00:35:45,app-pod-1,29.4940385811352,40.13929517008117,122.76724815147745
2026-01-02 00:36:00,app-pod-1,29.350275687676433,34.948927327851976,119.94935294563166
2026-01-02 00:36:15,app-pod-1,30.278776968583507,39.07329455627017,133.83824365549273
2026-01-02 00:36:30,app-pod-1,32.86191260959368,46.051771540635386,115.83042121255465
2026-01-02 00:36:45,app-pod-1,35.880658016386974,50.25139485858065,122.83105798547021
2026-01-02 00:37:00,app-pod-1,34.988610138221325,44.612030161582325,140.3285625555831
2026-01-02 00:37:15,app-pod-1,33.7524757258301,43.92170696134712,125.91537534762736
2026-01-02 00:37:30,app-pod-1,34.84471610876547,42.586325917309445,170.48464300866166
2026-01-02 00:37:45,app-pod-1,31.203174273785212,39.330013481860234,113.34785488191864
2026-01-02 00:38:00,app-pod-1,32.5685838019557,38.20014351195748,130.8780454262693
2026-01-02 00:38:15,app-pod-1,33.26218391778791,35.50028147125678,135.92820276551382
2026-01-02 00:38:30,app-pod-1,28.591330038558546,36.5016976564583,132.83443254843223
2026-01-02 00:38:45,app-pod-1,29.88155595422539,45.43735350466034,104.60780848623351
2026-01-02 00:39:00,app-pod-1,30.02229189314751,38.893519611717366,95.90818658806208
2026-01-02 00:39:15,app-pod-1,35.70081422640008,43.26047654000984,163.71977901314554
2026-01-02 00:39:30,app-pod-1,34.16604982363274,42.08880887796968,137.87198255665103
2026-01-02 00:39:45,app-pod-1,35.28465991932485,50.92280027269106,153.28477751680262
2026-01-02 00:40:00,app-pod-1,27.95399858393121,34.92588615609516,124.6664528907949
2026-01-02 00:40:15,app-pod-1,29.043746596899474,41.7158893097796,131.62511502408307
2026-01-02 00:40:30,app-pod-1,35.50557191945658,44.51156967576878,136.35433565265086
2026-01-02 00:40:45,app-pod-1,25.201391433680804,37.98060812905041,91.07153838917921
2026-01-02 00:41:00,app-pod-1,37.23275898227625,47.28468332317563,118.98718038989443
2026-01-02 00:41:15,app-pod-1,28.110385794964273,39.96309475781534,97.51802164275112
2026-01-02 00:41:30,app-pod-1,36.13183395707832,49.25739320320942,145.45960220483877
2026-01-02 00:41:45,app-pod-1,30.95750317698022,41.52396558407151,113.30906905243164
2026-01-02 00:42:00,app-pod-1,36.791421655357695,54.475877125878874,130.05217368871482
2026-01-02 00:42:15,app-pod-1,43.29064237330067,50.5258493561447,173.91889288650998
2026-01-02 00:42:30,app-pod-1,26.868071500489876,30.290315637341564,127.61641665238534
2026-01-02 00:42:45,app-pod-1,35.795176205813775,48.2481751347883,142.3404672357699
2026-01-02 00:43:00,app-pod-1,28.305992579393465,41.77467883187434,96.23167645470261
2026-01-02 00:43:15,app-pod-1,35.03221900582751,44.685278462888874,159.2152467320165
2026-01-02 00:43:30,app-pod-1,33.15302280307542,41.909259384047076,121.00032947939539
2026-01-02 00:43:45,app-pod-1,34.18410882573224,33.35578084571364,158.9270111464011
2026-01-02 00:44:00,app-pod-1,31.08112107854619,32.022564443653955,120.37748035613336
2026-01-02 00:44:15,app-pod-1,36.17921674428752,53.563047823488674,146.2638185908586
2026-01-02 00:44:30,app-pod-1,29.513928843756812,37.73223717513284,141.4691115090094
2026-01-02 00:44:45,app-pod-1,37.605318496362095,51.15182508521451,130.14881276108557
2026-01-02 00:45:00,app-pod-1,32.67405552049202,34.8566724981421,114.94464300539975
2026-01-02 00:45:15,app-pod-1,29.715129497964934,35.56629917173413,113.96229856791177
2026-01-02 00:45:30,app-pod-1,38.7294024217846,50.503786429657794,152.81809113696008
2026-01-02 00:45:45,app-pod-1,33.76394972120736,43.12225962635199,174.686845591593
2026-01-02 00:46:00,app-pod-1,39.71026659967002,50.48552247971591,145.5201465687492
2026-01-02 00:46:15,app-pod-1,37.672803340388434,46.30279950862286,131.1275009417182
2026-01-02 00:46:30,app-pod-1,31.635669332153036,41.106608712474085,112.50515384158768
2026-01-02 00:46:45,app-pod-1,33.796503742295286,40.25733347873225,138.6680106593913
2026-01-02 00:47:00,app-pod-1,34.435948841794286,38.135150909606,145.12433182016778
2026-01-02 00:47:15,app-pod-1,38.673101654146905,54.08467760656532,144.08610024591613
2026-01-02 00:47:30,app-pod-1,35.42809735394605,52.636213678411636,142.02793156798617
2026-01-02 00:47:45,app-pod-1,34.66576933965706,39.07252376403902,167.8411124443669
2026-01-02 00:48:00,app-pod-1,33.558595055060245,37.97062102850742,134.76190744815293
2026-01-02 00:48:15,app-pod-1,34.027900100847795,42.08066435848299,140.92645075218124
2026-01-02 00:48:30,app-pod-1,38.114679884182614,48.382450993243594,180.7935427410847
2026-01-02 00:48:45,app-pod-1,34.23334709957174,43.054251929916866,126.46300267555432
2026-01-02 00:49:00,app-pod-1,33.0585616292344,45.63859346670269,120.78311573827875
2026-01-02 00:49:15,app-pod-1,32.57134929278367,42.55369976689174,123.24016566592226
2026-01-02 00:49:30,app-pod-1,32.62488759979253,42.264265612608604,122.5808926350491
2026-01-02 00:49:45,app-pod-1,30.101202244669693,53.13623525511812,93.0896122935049
2026-01-02 00:50:00,app-pod-1,32.07766635378263,39.82835018967131,130.38057756007117
2026-01-02 00:50:15,app-pod-1,38.84535000079659,55.39147946468035,158.63551953695526
2026-01-02 00:50:30,app-pod-1,33.75158311100482,50.86042351610769,132.21845419653985
2026-01-02 00:50:45,app-pod-1,36.505902415680076,48.0745992238993,149.73567230523034
2026-01-02 00:51:00,app-pod-1,26.977679146727503,29.253716220461623,111.78234918765925
2026-01-02 00:51:15,app-pod-1,36.1401586655368,45.453398517690566,124.8183551207228
2026-01-02 00:51:30,app-pod-1,33.97243738621523,41.207232383372926,140.21934875161188
2026-01-02 00:51:45,app-pod-1,33.033440888498454,43.22386207915128,140.51144473496984
2026-01-02 00:52:00,app-pod-1,35.0419009591407,39.21449670945908,116.21108186605409
2026-01-02 00:52:15,app-pod-1,33.032800101710805,46.90424981644782,154.07794074237512
2026-01-02 00:52:30,app-pod-1,28.169900501022397,44.64385548627101,94.14265746051674
2026-01-02 00:52:45,app-pod-1,37.329513077729885,51.98078066474562,132.24448053958594
2026-01-02 00:53:00,app-pod-1,35.313060502492874,42.80824876982234,144.2815716878789
2026-01-02 00:53:15,app-pod-1,33.663413563874485,38.26726398447827,142.67413611724746
2026-01-02 00:53:30,app-pod-1,31.727912441740514,43.96794579157228,138.57671933589802
2026-01-02 00:53:45,app-pod-1,30.238118134387285,49.947054304814806,129.36735756567634
2026-01-02 00:54:00,app-pod-1,35.34058539832227,45.08535795189326,133.56679637793417
2026-01-02 00:54:15,app-pod-1,39.530441196616316,49.93279426819192,159.7501841887555
2026-01-02 00:54:30,app-pod-1,35.32082320415891,43.54995901350125,136.5332372164395
2026-01-02 00:54:45,app-pod-1,30.5842388075937,38.89161613583677,124.95084078424458
2026-01-02 00:55:00,app-pod-1,35.429068027638664,48.09172731236956,142.74312200464496
2026-01-02 00:55:15,app-pod-1,34.61487752393015,43.70008043005677,130.88588095207905
2026-01-02 00:55:30,app-pod-1,37.38822017132303,48.189368677572766,144.34461194284773
2026-01-02 00:55:45,app-pod-1,36.63746600084283,48.18376048697512,118.7667991238285
2026-01-02 00:56:00,app-pod-1,25.880970309663596,39.85426341245906,115.97583153356308
2026-01-02 00:56:15,app-pod-1,36.49533021135065,48.33600774488416,150.44468345023137
2026-01-02 00:56:30,app-pod-1,31.870325273125864,38.04419902738765,92.88109885176407
2026-01-02 00:56:45,app-pod-1,30.636731373187402,36.87556517949702,134.44432952376403
2026-01-02 00:57:00,app-pod-1,34.35764562945916,43.837243907585126,136.63516538948946
2026-01-02 00:57:15,app-pod-1,36.17712159270271,45.23117851358566,130.6561546253901
2026-01-02 00:57:30,app-pod-1,30.043140956613847,38.418584536031545,104.79118613597582
2026-01-02 00:57:45,app-pod-1,37.10020465218687,47.17514473860419,138.0774860775327
2026-01-02 00:58:00,app-pod-1,37.29761662368362,50.64941879074873,135.21758648506145
2026-01-02 00:58:15,app-pod-1,35.16964739146009,50.55631254478949,128.7207695592813
2026-01-02 00:58:30,app-pod-1,32.44696064962202,49.7741818179712,155.2973558438349
2026-01-02 00:58:45,app-pod-1,32.1328042566233,35.91895466435038,134.0981069422336
2026-01-02 00:59:00,app-pod-1,38.16983535885121,40.90389188265372,183.2194962035069
2026-01-02 00:59:15,app-pod-1,30.57946554046557,39.957398911117664,125.70394139616529
2026-01-02 00:59:30,app-pod-1,38.327633534076156,47.23077617889019,161.9995199375621
2026-01-02 00:59:45,app-pod-1,34.659707116621796,43.069704962350315,125.42825057047145
2026-01-02 01:00:00,app-pod-1,34.88887740312183,41.65901753127254,137.03508387580177
2026-01-02 01:00:15,app-pod-1,30.07318793441165,39.5291403531013,119.0675491705726
2026-01-02 01:00:30,app-pod-1,34.77836512435941,46.7614246992141,148.41484717783388
2026-01-02 01:00:45,app-pod-1,37.08032931730086,39.30811828815044,147.57906355792062
2026-01-02 01:01:00,app-pod-1,31.251394025603553,53.592761680858,130.27548847839589
2026-01-02 01:01:15,app-pod-1,36.777577151129485,45.84927172271213,151.84322676040387
2026-01-02 01:01:30,app-pod-1,35.569745285905235,50.15305867127729,137.73611605581755
2026-01-02 01:01:45,app-pod-1,33.39247434911063,40.4747075695549,127.48453143007623
2026-01-02 01:02:00,app-pod-1,37.90878678103903,49.407898709351166,141.60025010373204
2026-01-02 01:02:15,app-pod-1,28.759017185785755,40.631767394192906,131.27062407857375
2026-01-02 01:02:30,app-pod-1,36.42684332529563,49.7828322971484,141.17089913140634
2026-01-02 01:02:45,app-pod-1,40.26611372980998,47.19304502174822,165.99791748615002
2026-01-02 01:03:00,app-pod-1,39.74863841460346,55.58186472567081,156.64622663858378
2026-01-02 01:03:15,app-pod-1,36.61922344082521,38.17317717114243,162.41615465646066
2026-01-02 01:03:30,app-pod-1,34.565748747940695,48.9428932745486,108.441680091428
2026-01-02 01:03:45,app-pod-1,33.584364694055736,44.102654063504254,138.8820064601743
2026-01-02 01:04:00,app-pod-1,34.603969734623064,39.131145322371424,119.59222144287449
2026-01-02 01:04:15,app-pod-1,37.16513705305286,55.77592528737255,154.5210707042316
2026-01-02 01:04:30,app-pod-1,33.13294550124758,52.4365504837112,130.33358373467723
2026-01-02 01:04:45,app-pod-1,37.84790337052875,36.12417863525285,129.2161968549975
2026-01-02 01:05:00,app-pod-1,41.99606183462979,50.281165220969974,173.04884414076966
2026-01-02 01:05:15,app-pod-1,35.431872280043656,48.33062336968424,145.09021641505058
2026-01-02 01:05:30,app-pod-1,31.6052725960269,44.3322148588079,122.95277302285629
2026-01-02 01:05:45,app-pod-1,31.62515107811273,49.715253796071075,124.9321206499812
2026-01-02 01:06:00,app-pod-1,38.01000354921317,53.14516602202229,154.4626804343247
2026-01-02 01:06:15,app-pod-1,35.52198317515008,46.191325004190965,159.76123574845943
2026-01-02 01:06:30,app-pod-1,38.35262243422624,58.232353766016544,148.6955867089139
2026-01-02 01:06:45,app-pod-1,34.142128223729685,48.583722370148664,151.76399224086668
2026-01-02 01:07:00,app-pod-1,38.255796005301285,45.02198472782129,152.4614299624274
2026-01-02 01:07:15,app-pod-1,35.30991537524454,41.95520278852942,160.6756808687491
2026-01-02 01:07:30,app-pod-1,33.6081813791174,49.74243448025022,130.90560048956263
2026-01-02 01:07:45,app-pod-1,34.623571849915066,40.27172916228834,128.49942415253102
2026-01-02 01:08:00,app-pod-1,32.256271028185026,40.53069832243713,112.55993654405313
2026-01-02 01:08:15,app-pod-1,41.836372620401974,48.08760137700714,166.83825816837162
2026-01-02 01:08:30,app-pod-1,35.60000137143256,46.698267926383544,130.50240937628766
2026-01-02 01:08:45,app-pod-1,37.84353493804095,45.52318264182075,172.44146486795827
2026-01-02 01:09:00,app-pod-1,34.32022410089902,37.43930238822862,124.2127082771964
2026-01-02 01:09:15,app-pod-1,32.79587980392333,48.76751455270015,120.83316867367044
2026-01-02 01:09:30,app-pod-1,35.27084642550675,42.66759925392915,149.79963233738272
2026-01-02 01:09:45,app-pod-1,39.296883140062725,57.607494542041366,174.97441184038234
2026-01-02 01:10:00,app-pod-1,34.4519206158906,45.636294467422616,148.77336306094892
2026-01-02 01:10:15,app-pod-1,33.423323365790694,49.73236377806428,149.5735636098686
2026-01-02 01:10:30,app-pod-1,36.522108129958916,48.71978326187521,144.88519102077828
2026-01-02 01:10:45,app-pod-1,37.5735721061108,52.87678183156069,149.30241134748817
2026-01-02 01:11:00,app-pod-1,41.02583048711976,51.569776322306,194.27968995735802
2026-01-02 01:11:15,app-pod-1,37.17931183704854,47.201362455893005,174.07127805630972
2026-01-02 01:11:30,app-pod-1,38.0708055789441,52.11573436454346,162.9962577373658
2026-01-02 01:11:45,app-pod-1,38.317413090868115,59.25204973656794,169.86875042857727
2026-01-02 01:12:00,app-pod-1,32.721293741701054,41.55592092616636,143.76316478194917
2026-01-02 01:12:15,app-pod-1,33.3110888294235,47.29239711922152,115.15473847573509
2026-01-02 01:12:30,app-pod-1,32.97013394660487,43.05286915007267,131.28575413698917
2026-01-02 01:12:45,app-pod-1,32.24611591951694,45.10257624612703,151.43607801328844
2026-01-02 01:13:00,app-pod-1,38.64965575428619,47.265551815883,165.40371069207387
2026-01-02 01:13:15,app-pod-1,37.15414189500396,35.219184897950754,147.6627226715014
2026-01-02 01:13:30,app-pod-1,36.54318782222974,44.57929788686993,168.80411829238122
2026-01-02 01:13:45,app-pod-1,28.547250597655562,44.98085078240156,119.7285310095531
2026-01-02 01:14:00,app-pod-1,42.5125237039577,45.93273347642753,181.38378939019046
2026-01-02 01:14:15,app-pod-1,33.68396254859031,48.18350599937093,140.35382188094155
2026-01-02 01:14:30,app-pod-1,42.54289468591287,50.698072102090734,178.28901271682903
2026-01-02 01:14:45,app-pod-1,32.06040223267804,41.484828908603575,137.4316464342341
2026-01-02 01:15:00,app-pod-1,33.99158583039362,48.32318700769237,155.46145447557126
2026-01-02 01:15:15,app-pod-1,29.840896140274115,44.29378501601319,140.81293239177347
2026-01-02 01:15:30,app-pod-1,37.556466523101776,48.39226192216142,143.4594993071726
2026-01-02 01:15:45,app-pod-1,33.18696074147315,48.310373532933276,138.080509255119
2026-01-02 01:16:00,app-pod-1,33.29236262684806,44.320145436736546,152.2345842856027
2026-01-02 01:16:15,app-pod-1,32.41444457490926,34.46678103749136,127.68438726944417
2026-01-02 01:16:30,app-pod-1,38.88466877944746,45.328663779951626,135.90523262461556
2026-01-02 01:16:45,app-pod-1,38.707603113718385,38.07331006570354,141.20068956290234
2026-01-02 01:17:00,app-pod-1,42.029914578492104,52.70776433598764,155.52597273167956
2026-01-02 01:17:15,app-pod-1,34.55728594222182,48.67109935602011,131.35645871366032
2026-01-02 01:17:30,app-pod-1,37.29144894820745,50.81252547441042,137.97237115811217
2026-01-02 01:17:45,app-pod-1,32.7875623774344,45.39676716035309,146.58684075806812
2026-01-02 01:18:00,app-pod-1,35.671020116469464,49.809339728475116,138.5317192112721
2026-01-02 01:18:15,app-pod-1,35.14016251585345,36.715097069760105,159.47717575318526
2026-01-02 01:18:30,app-pod-1,38.11060163072509,46.13958653253613,135.48800629430582
2026-01-02 01:18:45,app-pod-1,39.78886248709898,40.77762379692821,153.85560828456912
2026-01-02 01:19:00,app-pod-1,39.731534432561034,46.020426038763276,160.49029803831723
2026-01-02 01:19:15,app-pod-1,34.250426793814874,52.0565574353342,149.16163117969342
2026-01-02 01:19:30,app-pod-1,39.79478850848888,53.32253786771568,176.3335555120472
2026-01-02 01:19:45,app-pod-1,36.68764247678129,48.99277676611901,138.67581052845568
2026-01-02 01:20:00,app-pod-1,35.866612178822336,44.198527382172415,158.3677263414185
2026-01-02 01:20:15,app-pod-1,34.73536524499003,39.346781749265105,113.71306862001197
2026-01-02 01:20:30,app-pod-1,35.20158099743089,45.57624511712376,153.8762917498878
2026-01-02 01:20:45,app-pod-1,42.128810405928576,55.04354644326153,148.39926613665185
2026-01-02 01:21:00,app-pod-1,37.84457344103191,48.5405588550185,158.07795287181906
2026-01-02 01:21:15,app-pod-1,37.46664072128889,38.29819455897941,166.80436080883993
2026-01-02 01:21:30,app-pod-1,36.17652037908488,45.84661875093859,158.01453660747052
2026-01-02 01:21:45,app-pod-1,44.321644279254755,41.45851003514659,152.69890845878183
2026-01-02 01:22:00,app-pod-1,40.91917909172862,52.66434452974007,156.96823018667254
2026-01-02 01:22:15,app-pod-1,34.86139212672459,40.93793574837363,150.1995653254395
2026-01-02 01:22:30,app-pod-1,36.224155794310796,39.24130205675289,155.22104688922866
2026-01-02 01:22:45,app-pod-1,36.422681432686694,49.58553031654171,149.829693611925
2026-01-02 01:23:00,app-pod-1,37.52343669480212,49.06329487228142,117.0696379956701
2026-01-02 01:23:15,app-pod-1,35.00254004771401,45.66377284547086,157.9808931066651
2026-01-02 01:23:30,app-pod-1,38.44305640557562,57.86867921965819,174.41613146972378
2026-01-02 01:23:45,app-pod-1,41.503251561457944,52.22727527430034,168.46910400774678
2026-01-02 01:24:00,app-pod-1,33.2264746638935,40.033747615088615,136.33456770684384
2026-01-02 01:24:15,app-pod-1,33.80328207667165,46.258316791094856,142.759034011476
2026-01-02 01:24:30,app-pod-1,35.75860136634306,43.60063423945792,164.94104751674342
2026-01-02 01:24:45,app-pod-1,35.91803651922362,51.476419672941546,147.43045883144336
2026-01-02 01:25:00,app-pod-1,43.24415838991182,51.675796907090415,170.10901387996208
2026-01-02 01:25:15,app-pod-1,40.27421736646038,50.0915685905245,166.8196711680847
2026-01-02 01:25:30,app-pod-1,40.12237705393778,40.87382188677998,160.32286004609745
2026-01-02 01:25:45,app-pod-1,36.516624534455815,45.86839527163383,146.07024027326307
2026-01-02 01:26:00,app-pod-1,36.471084314125505,45.248429748561556,119.39644669025392
2026-01-02 01:26:15,app-pod-1,32.99520249059787,37.975574467365746,139.82328390262327
2026-01-02 01:26:30,app-pod-1,39.71582486721553,46.69356997510664,176.43512520045118
2026-01-02 01:26:45,app-pod-1,38.864044678308495,49.38359349273634,170.76177016977448
2026-01-02 01:27:00,app-pod-1,41.26914084423156,48.86665059424202,179.3414354164084
2026-01-02 01:27:15,app-pod-1,36.79891867783037,38.698744616561086,146.4006400428486
2026-01-02 01:27:30,app-pod-1,37.02632060428086,44.552340257011885,150.2904253147635
2026-01-02 01:27:45,app-pod-1,37.982035986732214,44.24730124551318,169.79918440465244
2026-01-02 01:28:00,app-pod-1,40.16782459483952,49.08504483154358,173.68161277678476
2026-01-02 01:28:15,app-pod-1,33.10170855431849,43.598858797495055,154.70217801635744
2026-01-02 01:28:30,app-pod-1,39.740738435079344,45.76045159399631,148.87220705660084
2026-01-02 01:28:45,app-pod-1,37.491288997505926,43.99058508113739,139.78081657875654
2026-01-02 01:29:00,app-pod-1,34.39706054318758,44.4140553201538,132.59971729968254
2026-01-02 01:29:15,app-pod-1,31.339342740942456,46.75242369359253,111.21188113667378
2026-01-02 01:29:30,app-pod-1,37.20391747993582,47.435944849495996,128.99384329897407
2026-01-02 01:29:45,app-pod-1,41.976647122858814,56.49899961245474,174.93614688235004
2026-01-02 01:30:00,app-pod-1,42.67772264752597,55.54036074747763,176.71914650701257
2026-01-02 01:30:15,app-pod-1,38.73994864638758,54.60137653351706,158.6531829690721
2026-01-02 01:30:30,app-pod-1,43.57997924181146,57.349123728283296,179.62609561200333
2026-01-02 01:30:45,app-pod-1,37.58527208218637,54.12443804123407,128.3854128970579
2026-01-02 01:31:00,app-pod-1,40.59412988766475,42.65017686900915,155.17573227308594
2026-01-02 01:31:15,app-pod-1,36.400641264659114,48.71758027481372,141.20053840033844
2026-01-02 01:31:30,app-pod-1,36.230642885195465,51.45305278395631,145.65016218584825
2026-01-02 01:31:45,app-pod-1,35.76200827317926,52.02854240050858,121.15158782366206
2026-01-02 01:32:00,app-pod-1,31.63303572841252,38.289530944819,112.61527514878908
2026-01-02 01:32:15,app-pod-1,41.69597699687985,52.47408652247308,160.23673120623036
2026-01-02 01:32:30,app-pod-1,35.92987122427741,45.52692518174628,159.59376592362094
2026-01-02 01:32:45,app-pod-1,35.47051118059744,54.06465899145627,145.81009904974877
2026-01-02 01:33:00,app-pod-1,34.35496208284731,37.11201533602086,152.74334127103657
2026-01-02 01:33:15,app-pod-1,37.30183903169231,42.264839415070284,147.3708890739333
2026-01-02 01:33:30,app-pod-1,43.22542506854365,41.20462842316883,172.9165336748002
2026-01-02 01:33:45,app-pod-1,44.236306043008355,51.68849566527126,184.4313629338904
2026-01-02 01:34:00,app-pod-1,32.99238075109867,54.41386787211732,129.31136074921844
2026-01-02 01:34:15,app-pod-1,36.9316397890173,45.63043975964565,138.35567690207827
2026-01-02 01:34:30,app-pod-1,34.911903351781724,44.943498958868474,117.3008320573819
2026-01-02 01:34:45,app-pod-1,40.999973233699706,51.45117511670581,155.0311353152426
2026-01-02 01:35:00,app-pod-1,38.91471443905652,46.658847682303104,168.20166660571175
2026-01-02 01:35:15,app-pod-1,36.16519001748503,47.14576310795992,163.5708722103682
2026-01-02 01:35:30,app-pod-1,38.312571835431946,48.77985863144143,141.6529338183678
2026-01-02 01:35:45,app-pod-1,36.682541691310526,41.449995923449734,120.72410451426758
2026-01-02 01:36:00,app-pod-1,42.97747114464068,49.61399624350014,185.80904768045485
2026-01-02 01:36:15,app-pod-1,39.79553703293284,51.56654055550422,160.22162814646464
2026-01-02 01:36:30,app-pod-1,40.18404467367941,52.771711854391064,140.53047637288546
2026-01-02 01:36:45,app-pod-1,30.193728172855195,47.62811800197001,74.11307144505042
2026-01-02 01:37:00,app-pod-1,38.01401101578311,48.28698804496214,137.60488444746886
2026-01-02 01:37:15,app-pod-1,44.4838966003791,52.91765617648757,170.9913983961558
2026-01-02 01:37:30,app-pod-1,42.232527806197936,53.313693790411676,151.65534744173948
2026-01-02 01:37:45,app-pod-1,32.732738889514586,39.93906615480367,141.309551054435
2026-01-02 01:38:00,app-pod-1,37.35358735507399,42.96861588860598,137.22583203336717
2026-01-02 01:38:15,app-pod-1,34.70915379225125,43.67241836630388,139.02264434128767
2026-01-02 01:38:30,app-pod-1,43.46685431539543,44.05170952300628,209.4697565928764
2026-01-02 01:38:45,app-pod-1,39.08621200924595,49.3948522649717,158.1067675287693
2026-01-02 01:39:00,app-pod-1,36.06980807155424,50.49427583092928,142.54645657810218
2026-01-02 01:39:15,app-pod-1,38.49547620633905,43.39661512024556,152.58798902665413
2026-01-02 01:39:30,app-pod-1,30.590703426547826,43.58923834800983,132.39803079876106
2026-01-02 01:39:45,app-pod-1,35.177703730931164,41.47873735694185,148.8870905575372
2026-01-02 01:40:00,app-pod-1,38.56169641229292,41.91030997863041,139.19346848116453
2026-01-02 01:40:15,app-pod-1,41.009158876118946,58.984216432081595,157.86934160344825
2026-01-02 01:40:30,app-pod-1,32.667947863822235,37.85639782458935,120.6618572758934
2026-01-02 01:40:45,app-pod-1,37.368171652762896,39.7611235664948,145.233039518167
2026-01-02 01:41:00,app-pod-1,41.560432013585626,50.1658793947865,193.6410430753931
2026-01-02 01:41:15,app-pod-1,34.19674189548583,45.28032671914391,146.04868039988204
2026-01-02 01:41:30,app-pod-1,39.258367268478665,50.817017793884766,155.83702995123895
2026-01-02 01:41:45,app-pod-1,38.788448970447305,57.158054546862644,173.82177859175624
2026-01-02 01:42:00,app-pod-1,43.753362897235704,46.74170495209184,177.84052066020982
2026-01-02 01:42:15,app-pod-1,37.939499586463945,43.66546552065526,127.18724288547193
2026-01-02 01:42:30,app-pod-1,38.134782331478114,54.73837511856896,177.49859979757701
2026-01-02 01:42:45,app-pod-1,41.234129054660684,53.5595091657914,162.59053212464346
2026-01-02 01:43:00,app-pod-1,34.7098591439403,48.29730808956687,104.9990354165013
2026-01-02 01:43:15,app-pod-1,38.04590054232778,43.68278690209285,128.18920898424787
2026-01-02 01:43:30,app-pod-1,37.36100978094531,51.78214794872298,166.35932044251825
2026-01-02 01:43:45,app-pod-1,38.331073641068976,50.847665649653464,129.5733011954145
2026-01-02 01:44:00,app-pod-1,41.31264228267006,49.86653593846587,185.48893733996073
2026-01-02 01:44:15,app-pod-1,40.4495108151664,45.390018519449015,163.01375709357612
2026-01-02 01:44:30,app-pod-1,36.560572402686894,46.12587845382305,156.95070193571965
2026-01-02 01:44:45,app-pod-1,39.23629942750841,55.707844041672246,153.09310147591987
2026-01-02 01:45:00,app-pod-1,43.317098646681586,44.8521302896587,181.11886742556078
2026-01-02 01:45:15,app-pod-1,36.3712381691518,41.46087137808891,150.2334607182564
2026-01-02 01:45:30,app-pod-1,39.32038651893249,44.38525838789941,156.70359391871943
2026-01-02 01:45:45,app-pod-1,38.32494448689348,44.773355360776705,137.31819696409917
2026-01-02 01:46:00,app-pod-1,38.73494121468583,47.03577541767494,160.317690494387
2026-01-02 01:46:15,app-pod-1,34.05150252121502,48.62890690586004,108.95064862162968
2026-01-02 01:46:30,app-pod-1,43.19527243472106,52.543761276392054,186.7536095643195
2026-01-02 01:46:45,app-pod-1,36.65942598778196,45.96580344396451,149.5926295218265
2026-01-02 01:47:00,app-pod-1,42.0801847312093,50.84109668724823,175.2836865461285
2026-01-02 01:47:15,app-pod-1,37.15731541536052,49.13007559256826,109.37566306051467
2026-01-02 01:47:30,app-pod-1,37.16439696784712,37.606548146345006,131.77158230817963
2026-01-02 01:47:45,app-pod-1,42.699735601076625,55.247735879526644,163.21244950901655
2026-01-02 01:48:00,app-pod-1,42.06146380522472,45.31095994922529,178.35102878235773
2026-01-02 01:48:15,app-pod-1,39.725241032621646,45.59011686694771,144.75880007743933
2026-01-02 01:48:30,app-pod-1,41.40211749879149,50.68365885767197,203.82852630967645
2026-01-02 01:48:45,app-pod-1,38.27241917183922,46.41366428026787,149.13998729709093
2026-01-02 01:49:00,app-pod-1,39.13237541918246,49.82731499889442,141.28956910224008
2026-01-02 01:49:15,app-pod-1,37.191995018088036,46.74353610494365,145.96523200846883
2026-01-02 01:49:30,app-pod-1,41.908442016857975,47.88924797649247,153.3695561663331
2026-01-02 01:49:45,app-pod-1,37.13537520621096,53.63855349122908,130.77637853645098
2026-01-02 01:50:00,app-pod-1,43.69044129951424,54.12363656971064,189.92645960852303
2026-01-02 01:50:15,app-pod-1,38.306815835927516,48.32535771082736,160.92587251397075
2026-01-02 01:50:30,app-pod-1,39.335179097300866,50.99722457240743,165.08288281227127
2026-01-02 01:50:45,app-pod-1,41.56916149675123,45.57176558418838,185.427942330761
2026-01-02 01:51:00,app-pod-1,39.383883670070986,58.442577278133115,164.83561451509922
2026-01-02 01:51:15,app-pod-1,38.43786735455719,41.46832114277434,137.74036336678168
2026-01-02 01:51:30,app-pod-1,39.260812741127936,48.04841221025656,167.67290472391213
2026-01-02 01:51:45,app-pod-1,42.051617805641385,48.00400107086027,151.30719037247954
2026-01-02 01:52:00,app-pod-1,37.40087458930769,44.558540335380144,142.43291812266725
2026-01-02 01:52:15,app-pod-1,39.02997757205331,45.04970051886352,155.43413856803406
2026-01-02 01:52:30,app-pod-1,39.45879491853238,43.76260643798015,155.62747657154296
2026-01-02 01:52:45,app-pod-1,42.04092524734012,55.37035869717867,141.29595372860055
2026-01-02 01:53:00,app-pod-1,39.16685722208256,41.39328608254337,142.1533606932843
2026-01-02 01:53:15,app-pod-1,44.91050304594574,56.355171625581114,179.30438239158707
2026-01-02 01:53:30,app-pod-1,39.03519116105396,50.567322486342675,146.98046398766678
2026-01-02 01:53:45,app-pod-1,38.81094580083732,45.26320640218939,172.13765092898944
2026-01-02 01:54:00,app-pod-1,39.03007884033895,49.98409160720653,175.58260185804832
2026-01-02 01:54:15,app-pod-1,35.61241805282153,44.1391975484922,125.64388246922572
2026-01-02 01:54:30,app-pod-1,36.47131755378006,40.02489059509928,146.7815914213204
2026-01-02 01:54:45,app-pod-1,38.008641778962954,41.153880971919534,175.7753293833751
2026-01-02 01:55:00,app-pod-1,43.02726492493813,53.39629302980514,170.09579112150746
2026-01-02 01:55:15,app-pod-1,39.5395186838262,50.695514697103455,152.05338260550903
2026-01-02 01:55:30,app-pod-1,38.204074307153626,47.95290908660363,165.71961163281776
2026-01-02 01:55:45,app-pod-1,43.356709634733875,48.39211404761117,169.3138115656508
2026-01-02 01:56:00,app-pod-1,44.34972380360353,50.092648994367366,196.46194796180725
2026-01-02 01:56:15,app-pod-1,43.481415257050074,48.80922489411492,165.00446310216213
2026-01-02 01:56:30,app-pod-1,37.175061791710704,37.287822578313154,141.58142815471297
2026-01-02 01:56:45,app-pod-1,38.26763824892948,47.09361302553203,164.92290000215343
2026-01-02 01:57:00,app-pod-1,45.21363304088324,54.26181743466577,182.36268801576264
2026-01-02 01:57:15,app-pod-1,40.51487299804538,48.69845509252279,163.68558284897497
2026-01-02 01:57:30,app-pod-1,39.00759016849792,56.15105897804455,127.39038851017929
2026-01-02 01:57:45,app-pod-1,41.98452101472508,44.366353986157655,162.63688414555315
2026-01-02 01:58:00,app-pod-1,42.87036840414367,46.70373929843197,184.44203545892543
2026-01-02 01:58:15,app-pod-1,38.15310484181042,47.372268367685635,140.85676963523136
2026-01-02 01:58:30,app-pod-1,40.54474404158269,49.600154880070036,172.68899715092786
2026-01-02 01:58:45,app-pod-1,42.685063220530154,40.37350112923974,174.76010021185706
2026-01-02 01:59:00,app-pod-1,36.443468635624605,48.52391804431524,142.77814792978
2026-01-02 01:59:15,app-pod-1,39.9803016973315,49.22779538591004,180.28752673336106
2026-01-02 01:59:30,app-pod-1,36.61901978584232,35.036349130924165,141.37841875717064
2026-01-02 01:59:45,app-pod-1,37.03035882003072,45.337704829596895,144.06922976197458
2026-01-02 02:00:00,app-pod-1,38.31069976755907,42.77478222759801,150.07575330499495
2026-01-02 02:00:15,app-pod-1,41.45024640371048,46.74855616102838,167.0088592348184
2026-01-02 02:00:30,app-pod-1,39.071695772638144,40.659683117457384,167.7911466212742
2026-01-02 02:00:45,app-pod-1,38.111373208075634,48.7589046390208,130.35716491771194
2026-01-02 02:01:00,app-pod-1,40.230143230885396,56.969982164470906,173.94125194761097
2026-01-02 02:01:15,app-pod-1,36.653431325110134,46.982519798428505,147.63519631599797
2026-01-02 02:01:30,app-pod-1,41.39955712106142,38.18276947592476,173.9087471812657
2026-01-02 02:01:45,app-pod-1,43.52612367733259,51.896266760796806,209.98225095822323
2026-01-02 02:02:00,app-pod-1,39.913155136250055,46.96601463437986,151.97771452768788
2026-01-02 02:02:15,app-pod-1,39.561612068553366,42.18806577421684,139.87638970538086
2026-01-02 02:02:30,app-pod-1,41.30865979646352,50.684181014479606,168.1416246132308
2026-01-02 02:02:45,app-pod-1,34.1216980454618,48.28401227246003,141.76929472767435
2026-01-02 02:03:00,app-pod-1,41.83631409133463,45.94295245446855,180.4193963062224
2026-01-02 02:03:15,app-pod-1,49.550262384487965,46.46651961508212,190.12539837821848
2026-01-02 02:03:30,app-pod-1,39.895307371446435,37.86835396229816,147.12962641999718
2026-01-02 02:03:45,app-pod-1,39.92467978271542,44.618850379974184,136.70415633402743
2026-01-02 02:04:00,app-pod-1,42.531582498500136,48.99459040265104,149.61392706083186
2026-01-02 02:04:15,app-pod-1,45.255453860135205,49.098789883907244,174.7823821210676
2026-01-02 02:04:30,app-pod-1,43.26304146694296,46.86771856354816,171.30339182898507
2026-01-02 02:04:45,app-pod-1,33.88998707451805,46.56248858780341,166.5369607940248
2026-01-02 02:05:00,app-pod-1,42.06566167619866,51.760093404068684,142.87389696902198
2026-01-02 02:05:15,app-pod-1,48.10990070599001,54.67489750799396,197.47062273170556
2026-01-02 02:05:30,app-pod-1,42.28006614952472,53.678485226387835,158.23122679855513
2026-01-02 02:05:45,app-pod-1,36.96755761816795,42.595753568740975,151.21323132710472
2026-01-02 02:06:00,app-pod-1,41.2954601675748,43.43402594200952,156.8833025726506
2026-01-02 02:06:15,app-pod-1,36.62650504208869,43.02688515832522,162.03678897404086
2026-01-02 02:06:30,app-pod-1,44.18556090904146,47.97337877792017,192.18009955074962
2026-01-02 02:06:45,app-pod-1,37.63807264349206,36.09020357020931,148.85577503112188
2026-01-02 02:07:00,app-pod-1,40.74700937711346,45.79506336624456,184.57471671625828
2026-01-02 02:07:15,app-pod-1,37.96948400956152,52.10289158260419,163.27956609402497
2026-01-02 02:07:30,app-pod-1,38.922012840363394,51.249676141343684,176.57643581453326
2026-01-02 02:07:45,app-pod-1,45.03832938097707,54.15274985146434,179.50625932908878
2026-01-02 02:08:00,app-pod-1,40.90875677934518,49.294219961726526,177.91200834015197
2026-01-02 02:08:15,app-pod-1,38.939273093613025,54.50198379623927,144.23314606966235
2026-01-02 02:08:30,app-pod-1,37.19967919910599,40.738935965034386,135.75383127979563
2026-01-02 02:08:45,app-pod-1,35.03872859440108,39.70297440626642,172.85229898007293
2026-01-02 02:09:00,app-pod-1,36.91844841774416,51.464390260863574,131.38571534522313
2026-01-02 02:09:15,app-pod-1,41.026612608275315,48.85665330998626,157.56486594274534
2026-01-02 02:09:30,app-pod-1,43.64986803470987,47.19901608907601,146.12936970510734
2026-01-02 02:09:45,app-pod-1,39.046531352912396,50.09219508082103,143.49817858987643
2026-01-02 02:10:00,app-pod-1,45.45762296909352,49.628001269925534,166.9169584142881
2026-01-02 02:10:15,app-pod-1,38.611884450227684,42.8406916377957,144.39317721048067
2026-01-02 02:10:30,app-pod-1,40.068731289580356,43.72135283837079,164.7731818492256
2026-01-02 02:10:45,app-pod-1,37.56240420797614,47.901429750713376,158.36514756592354
2026-01-02 02:11:00,app-pod-1,43.79177463106345,51.68331972489772,160.06495564526676
2026-01-02 02:11:15,app-pod-1,47.13036345362874,60.574988250819864,176.67645560507876
2026-01-02 02:11:30,app-pod-1,35.57071001675919,43.449050778723915,158.53549350861834
2026-01-02 02:11:45,app-pod-1,39.83599106386382,46.34944650071512,184.92336028710267
2026-01-02 02:12:00,app-pod-1,44.68712024145064,58.47915182165003,197.58723384450823
2026-01-02 02:12:15,app-pod-1,36.57023460510939,50.52739818996453,121.58597162922513
2026-01-02 02:12:30,app-pod-1,42.629400376174125,50.56507178213558,188.35870864054675
2026-01-02 02:12:45,app-pod-1,44.61202973679865,43.4233572028525,206.25345179490964
2026-01-02 02:13:00,app-pod-1,41.200551033468784,44.781111812011986,139.36296482274537
2026-01-02 02:13:15,app-pod-1,42.63489220903069,44.573950559382794,186.7800771886793
2026-01-02 02:13:30,app-pod-1,46.28503549029268,52.58178372770172,188.5183911872139
2026-01-02 02:13:45,app-pod-1,46.86582023811391,50.264368593972016,182.55621530848822
2026-01-02 02:14:00,app-pod-1,40.85283806713771,56.611511111207896,165.00409498478876
2026-01-02 02:14:15,app-pod-1,39.45979215364886,39.76466843868416,164.48807715865425
2026-01-02 02:14:30,app-pod-1,38.31515820686585,41.01391216024253,170.62440861247106
2026-01-02 02:14:45,app-pod-1,44.024150651524366,52.040049380466314,192.68682054791626
2026-01-02 02:15:00,app-pod-1,36.996077987019135,48.504434839734245,125.38040216452889
2026-01-02 02:15:15,app-pod-1,40.37181578498208,35.324589895008245,151.7571793573081
2026-01-02 02:15:30,app-pod-1,41.45572720721562,40.34195824922471,167.2263916424857
2026-01-02 02:15:45,app-pod-1,39.65675708686418,46.441711495101856,182.21030940132377
2026-01-02 02:16:00,app-pod-1,42.023318864472294,56.196541362555436,127.18090262896811
2026-01-02 02:16:15,app-pod-1,48.895478160884394,63.66563913870392,186.41938155018062
2026-01-02 02:16:30,app-pod-1,40.85520924224056,46.52615901875326,140.50247686515567
2026-01-02 02:16:45,app-pod-1,39.931841587457114,47.0990542241179,139.186702978375
2026-01-02 02:17:00,app-pod-1,44.30209402704693,46.82713703250963,191.994402539829
2026-01-02 02:17:15,app-pod-1,41.9928761767369,52.56104532314644,159.9932208128033
2026-01-02 02:17:30,app-pod-1,45.610145833120136,59.569750005653745,147.43511371215357
2026-01-02 02:17:45,app-pod-1,41.80420121748333,55.54304453913858,164.8402191164417
2026-01-02 02:18:00,app-pod-1,40.582855114583566,48.26299551693141,192.86931278524466
2026-01-02 02:18:15,app-pod-1,35.994922975217534,41.00378755697615,116.8793239485131
2026-01-02 02:18:30,app-pod-1,36.504852958216446,45.59438209230062,154.01347246493785
2026-01-02 02:18:45,app-pod-1,35.87490684629665,52.016368314575544,167.01518456239288
2026-01-02 02:19:00,app-pod-1,42.53795275077877,47.77398143381204,169.41047080795454
2026-01-02 02:19:15,app-pod-1,37.3311055817557,37.054628760490225,178.2444271230046
2026-01-02 02:19:30,app-pod-1,45.20249130231039,49.84169764502993,170.91280292481935
2026-01-02 02:19:45,app-pod-1,41.544390474770864,47.68594456489791,187.86666247327946
2026-01-02 02:20:00,app-pod-1,40.738967969715915,39.41078677245365,181.10493020190034
2026-01-02 02:20:15,app-pod-1,38.95782779811982,48.43066611867547,155.34332101114103
2026-01-02 02:20:30,app-pod-1,43.37401989389247,52.89183724200172,151.18801724438262
2026-01-02 02:20:45,app-pod-1,39.1115871232,56.67757406033155,141.42039961889697
2026-01-02 02:21:00,app-pod-1,38.58676978853504,40.348854067758964,119.18427283838238
2026-01-02 02:21:15,app-pod-1,45.12576304644211,55.24064128895329,189.4153010834637
2026-01-02 02:21:30,app-pod-1,42.642372494604764,54.683841502102716,177.68399761604982
2026-01-02 02:21:45,app-pod-1,40.89150267778546,51.222156529126366,164.75427249044765
2026-01-02 02:22:00,app-pod-1,43.53835806841993,45.44284248367333,172.31272457526273
2026-01-02 02:22:15,app-pod-1,41.658609065534854,43.83639294216184,186.99831246393748
2026-01-02 02:22:30,app-pod-1,42.79859338871109,50.44499913351683,175.66134607398837
2026-01-02 02:22:45,app-pod-1,39.21673685944271,47.90260410084136,148.54727007970243
2026-01-02 02:23:00,app-pod-1,47.896189139480555,50.73016327449285,193.79318043862403
2026-01-02 02:23:15,app-pod-1,39.963832251789626,54.43286764391901,190.56790565863818
2026-01-02 02:23:30,app-pod-1,46.38842605256781,50.46814032433716,194.8862075578952
2026-01-02 02:23:45,app-pod-1,41.17144149449045,39.35150532554813,158.836992762474
2026-01-02 02:24:00,app-pod-1,44.17699639281435,49.80361490244586,176.0408989191976
2026-01-02 02:24:15,app-pod-1,43.976018558122725,53.18457973191443,182.85475524437615
2026-01-02 02:24:30,app-pod-1,45.23153233244495,53.371878393016694,174.609838786337
2026-01-02 02:24:45,app-pod-1,39.28672092123159,49.17181758056184,149.5037156630908
2026-01-02 02:25:00,app-pod-1,45.05309917110822,59.00711449155914,180.04256712738214
2026-01-02 02:25:15,app-pod-1,47.38309937242848,47.594216702189314,212.31874921744316
2026-01-02 02:25:30,app-pod-1,41.08527364133917,46.64114980718405,176.20574226281468
2026-01-02 02:25:45,app-pod-1,41.98302942589973,57.113390788181825,161.7891847816853
2026-01-02 02:26:00,app-pod-1,40.32611580758636,38.39153163048903,174.33965713956567
2026-01-02 02:26:15,app-pod-1,40.874677333293356,48.3438018972915,163.62731051077873
2026-01-02 02:26:30,app-pod-1,47.06577066487681,59.09064504159893,193.4319078743491
2026-01-02 02:26:45,app-pod-1,38.93630067048548,53.325491724010135,159.54956000372704
2026-01-02 02:27:00,app-pod-1,39.14013554586085,50.69867674633436,124.9066875513783
2026-01-02 02:27:15,app-pod-1,46.8166683441248,56.19886434969583,141.55513345533274
2026-01-02 02:27:30,app-pod-1,43.8750700761547,45.507433438032606,178.89960161674517
2026-01-02 02:27:45,app-pod-1,48.37998052858963,60.73187178965866,180.72700309680374
2026-01-02 02:28:00,app-pod-1,40.684984549563396,42.479180628265404,138.150999351638
2026-01-02 02:28:15,app-pod-1,42.43256023419812,44.00072706707181,157.40010110428057
2026-01-02 02:28:30,app-pod-1,40.08908800775601,50.00173226124794,174.22598996144296
2026-01-02 02:28:45,app-pod-1,42.51840999803525,47.29781452003868,175.4410252944964
2026-01-02 02:29:00,app-pod-1,36.783589669004975,46.78199626350228,158.7107767183186
2026-01-02 02:29:15,app-pod-1,44.17810229466091,53.07850700266377,183.5088425441281
2026-01-02 02:29:30,app-pod-1,43.111005313427704,59.06825241627713,158.66154147273366
2026-01-02 02:29:45,app-pod-1,41.98524906758615,51.55829727514235,179.5891688994615
2026-01-02 02:30:00,app-pod-1,41.00413560637541,45.61022340367049,172.80263740532732
2026-01-02 02:30:15,app-pod-1,39.50826765581394,51.03822715000043,156.27082091425055
2026-01-02 02:30:30,app-pod-1,44.39295488372697,46.91629741819832,178.4544223635873
2026-01-02 02:30:45,app-pod-1,38.71381819162612,51.66545035601848,166.7422606167723
2026-01-02 02:31:00,app-pod-1,43.78003333683671,50.96916293363197,163.8783936116725
2026-01-02 02:31:15,app-pod-1,48.48494266738018,55.942178947950865,210.25801514425186
2026-01-02 02:31:30,app-pod-1,46.73538124094022,43.81149698308475,195.41793443348652
2026-01-02 02:31:45,app-pod-1,37.78064662834339,35.192724663932935,151.15645496395754
2026-01-02 02:32:00,app-pod-1,40.70301532548326,40.984989565771116,185.78060737034997
2026-01-02 02:32:15,app-pod-1,43.59476612668139,59.24519056716931,154.96409098197037
2026-01-02 02:32:30,app-pod-1,42.13673786537103,43.75494239152427,161.64417987595817
2026-01-02 02:32:45,app-pod-1,38.166521510431586,50.37811406724677,142.43232405770246
2026-01-02 02:33:00,app-pod-1,43.53782684061714,47.26693979387847,179.52267305858354
2026-01-02 02:33:15,app-pod-1,42.368953888423206,48.45811722580004,187.2120115302055
2026-01-02 02:33:30,app-pod-1,48.15909163343852,53.48776286806066,177.89103744835012
2026-01-02 02:33:45,app-pod-1,41.67352535954922,57.390359890741934,216.27657244676175
2026-01-02 02:34:00,app-pod-1,45.95430288873216,55.09053967606963,173.87586710460178
2026-01-02 02:34:15,app-pod-1,38.66609397396458,48.99143148337696,160.07462798698256
2026-01-02 02:34:30,app-pod-1,39.40038290521083,54.06376019420356,157.64182615848213
2026-01-02 02:34:45,app-pod-1,44.66643343852845,48.100519088162,179.35808145735896
2026-01-02 02:35:00,app-pod-1,45.76966178550331,57.38047813460948,171.19247487571275
2026-01-02 02:35:15,app-pod-1,39.66329825416621,52.27082175371,174.66639013454932
2026-01-02 02:35:30,app-pod-1,42.62470072443952,54.28678732332533,157.689984078061
2026-01-02 02:35:45,app-pod-1,38.42470812067012,46.12221216991154,127.16489622170046
2026-01-02 02:36:00,app-pod-1,42.0427483420803,47.24334936056906,151.34103188490946
2026-01-02 02:36:15,app-pod-1,45.11412338089487,47.230768140779325,202.13622781311577
2026-01-02 02:36:30,app-pod-1,41.31541173276047,44.884876388099634,184.018699748191
2026-01-02 02:36:45,app-pod-1,41.89010030145676,44.73800445572727,137.4518659615335
2026-01-02 02:37:00,app-pod-1,39.26472037636216,49.3195430725839,169.26482548025731
2026-01-02 02:37:15,app-pod-1,40.72591842506849,47.366461331197584,133.17467984617596
2026-01-02 02:37:30,app-pod-1,47.96219843191592,55.73053989074124,191.4403759554618
2026-01-02 02:37:45,app-pod-1,42.92349727831438,52.485858193084084,153.5777157188075
2026-01-02 02:38:00,app-pod-1,39.71464110560348,42.50146850248077,172.22028746498825
2026-01-02 02:38:15,app-pod-1,41.794075220655536,43.80700999391273,175.49621443241082
2026-01-02 02:38:30,app-pod-1,37.96291971420377,45.43074188407608,166.54536772408812
2026-01-02 02:38:45,app-pod-1,39.72951983101227,43.935060263639684,154.48948215772725
2026-01-02 02:39:00,app-pod-1,46.86979925675104,48.4067987820943,184.60926293237605
2026-01-02 02:39:15,app-pod-1,42.37809868111196,58.14310412215272,147.0237078897838
2026-01-02 02:39:30,app-pod-1,48.49448715976678,46.27936715244968,178.5206796556192
2026-01-02 02:39:45,app-pod-1,42.55298853576589,59.902414111426175,184.43995566581344
2026-01-02 02:40:00,app-pod-1,42.747816105156296,51.367853190404844,176.5002388776889
2026-01-02 02:40:15,app-pod-1,44.795139514624196,56.287789075326565,180.74558298690525
2026-01-02 02:40:30,app-pod-1,34.87138382051974,48.751632761014974,158.41724168455602
2026-01-02 02:40:45,app-pod-1,43.52063872937274,53.549242996891095,154.58042213504604
2026-01-02 02:41:00,app-pod-1,42.77552012867641,58.25202308578941,181.904298996537
2026-01-02 02:41:15,app-pod-1,47.397239731242585,47.7659843694859,171.90160963955094
2026-01-02 02:41:30,app-pod-1,45.84978929461224,51.31296061733653,205.56726523713928
2026-01-02 02:41:45,app-pod-1,39.57128870070569,43.43566752799025,166.45226739442631
2026-01-02 02:42:00,app-pod-1,46.715376822486405,44.220366120578575,201.32902770042313
2026-01-02 02:42:15,app-pod-1,42.21859914340192,46.24681380759022,158.3496951169672
2026-01-02 02:42:30,app-pod-1,40.308749319350845,57.578863414664696,193.96647065647164
2026-01-02 02:42:45,app-pod-1,43.62996953378708,49.67364518656238,204.49824650117654
2026-01-02 02:43:00,app-pod-1,42.446886982262996,59.630399454251894,176.24323323665712
2026-01-02 02:43:15,app-pod-1,47.68711072489194,63.810113324640376,208.377368595983
2026-01-02 02:43:30,app-pod-1,44.11008504764583,65.8527113518325,171.91203830971537
2026-01-02 02:43:45,app-pod-1,43.721684330371474,60.13264412675156,155.85951883759424
2026-01-02 02:44:00,app-pod-1,45.823121828376465,63.86684460653256,195.22934507697255
2026-01-02 02:44:15,app-pod-1,46.41625283313896,54.11721468847589,171.8753600125564
2026-01-02 02:44:30,app-pod-1,45.50489502817456,52.99506768815555,201.67288227546192
2026-01-02 02:44:45,app-pod-1,47.42889627795624,54.67442420064612,205.43345718762805
2026-01-02 02:45:00,app-pod-1,45.012963540742746,51.50938550157174,183.58019392103827
2026-01-02 02:45:15,app-pod-1,43.70626544740577,51.34270148902175,177.51450003017354
2026-01-02 02:45:30,app-pod-1,46.93720627994003,56.61695722172511,202.58815237300445
2026-01-02 02:45:45,app-pod-1,42.96336498361619,47.745266212048634,175.97192028090973
2026-01-02 02:46:00,app-pod-1,43.352140513348736,43.458377170300565,167.34163614390664
2026-01-02 02:46:15,app-pod-1,48.43346350747097,55.72151844309231,171.01624566998495
2026-01-02 02:46:30,app-pod-1,48.150821142091324,50.24155062783984,206.9867805096242
2026-01-02 02:46:45,app-pod-1,43.27682153206641,47.34740758508979,178.60387113388347
2026-01-02 02:47:00,app-pod-1,41.95697858809983,48.65611886009902,209.16281550648205
2026-01-02 02:47:15,app-pod-1,47.723422341015066,51.54567954104117,189.45502201657996
2026-01-02 02:47:30,app-pod-1,45.751409568342595,57.57619916042327,187.53617906963098
2026-01-02 02:47:45,app-pod-1,44.31313502589167,50.18548682050745,182.13509346125264
2026-01-02 02:48:00,app-pod-1,42.41699399660733,55.49414398700871,179.42932135665438
2026-01-02 02:48:15,app-pod-1,44.39390680307207,52.10581600686121,163.07244331636832
2026-01-02 02:48:30,app-pod-1,43.3498806836074,49.90227146884683,172.24129394275494
2026-01-02 02:48:45,app-pod-1,41.43816455822138,49.79781762218893,178.16754951606143
2026-01-02 02:49:00,app-pod-1,43.83446313445505,44.22597487401487,170.34640111152882
2026-01-02 02:49:15,app-pod-1,44.25974933622286,52.67221048270948,188.8918285016848
2026-01-02 02:49:30,app-pod-1,42.353417028805254,53.893338401738475,170.86440763482722
2026-01-02 02:49:45,app-pod-1,46.207188286120335,57.29928393451536,190.85681915780526
2026-01-02 02:50:00,app-pod-1,47.37830132924617,46.40394050358298,206.78025152072684
2026-01-02 02:50:15,app-pod-1,46.43757408744732,44.91140084999824,182.3399624240173
2026-01-02 02:50:30,app-pod-1,42.71519660802339,47.21654500021219,149.08301827079484
2026-01-02 02:50:45,app-pod-1,45.8274509173203,59.0025274320886,179.31470471386655
2026-01-02 02:51:00,app-pod-1,43.809899103038966,51.771806340028505,162.85626869584175
2026-01-02 02:51:15,app-pod-1,39.88478932660593,44.04587632988314,127.65311653360567
2026-01-02 02:51:30,app-pod-1,45.62621157613003,44.67365076863912,180.90462189693156
2026-01-02 02:51:45,app-pod-1,44.06239834949461,47.42373232237814,179.23505328372056
2026-01-02 02:52:00,app-pod-1,51.42061120745788,52.23667220265513,220.99386497196124
2026-01-02 02:52:15,app-pod-1,48.02772733535559,58.2974977279752,175.02125249758254
2026-01-02 02:52:30,app-pod-1,45.80529651126099,57.12642880481791,184.54907641287164
2026-01-02 02:52:45,app-pod-1,44.43527257097022,45.85518143872447,194.66246026463725
2026-01-02 02:53:00,app-pod-1,44.194826571701235,54.70220890809886,168.15959823610788
2026-01-02 02:53:15,app-pod-1,40.70847402890452,51.7497163136103,170.87722250482295
2026-01-02 02:53:30,app-pod-1,38.518446666437264,41.064508592691425,178.03955679104334
2026-01-02 02:53:45,app-pod-1,41.13358078510265,48.37441305543234,136.5981089916683
2026-01-02 02:54:00,app-pod-1,43.623940459363794,52.24085826234174,178.58557665292642
2026-01-02 02:54:15,app-pod-1,37.46629069915289,47.04258058299382,167.30851096704538
2026-01-02 02:54:30,app-pod-1,42.16574377642253,40.96331525945298,163.40228249793137
2026-01-02 02:54:45,app-pod-1,43.07165425408329,50.806070250441394,193.08801658465248
2026-01-02 02:55:00,app-pod-1,43.183981455189006,53.410111475790686,182.24925259268983
2026-01-02 02:55:15,app-pod-1,41.860841626480564,57.20055998287401,193.9837239826151
2026-01-02 02:55:30,app-pod-1,42.83720580776851,46.642088064702214,180.08579560435234
2026-01-02 02:55:45,app-pod-1,49.04914707089711,51.60713716698351,223.98466881818766
2026-01-02 02:56:00,app-pod-1,45.87960325365175,51.071388448193176,188.01841344408584
2026-01-02 02:56:15,app-pod-1,42.22795036949777,51.015644865232886,148.39486696741855
2026-01-02 02:56:30,app-pod-1,43.719478075812376,51.08872349118293,165.4129065999454
2026-01-02 02:56:45,app-pod-1,43.85523360569682,53.720203463823225,190.69638640014995
2026-01-02 02:57:00,app-pod-1,41.65194289561316,43.5304273158535,181.58811614202259
2026-01-02 02:57:15,app-pod-1,41.66403752160168,51.149094711603915,161.9971283407301
2026-01-02 02:57:30,app-pod-1,47.01860258904747,49.20194491120496,215.13892258208108
2026-01-02 02:57:45,app-pod-1,42.74326310542002,49.20361466351612,165.66353785336864
2026-01-02 02:58:00,app-pod-1,40.73409612490439,57.0539354237141,169.86603937757187
2026-01-02 02:58:15,app-pod-1,43.90431662141286,43.74180759115896,182.13151523773172
2026-01-02 02:58:30,app-pod-1,44.4033025817244,49.68497446501023,157.65615742896486
2026-01-02 02:58:45,app-pod-1,38.14667960107697,40.32944685920076,150.92933956132345
2026-01-02 02:59:00,app-pod-1,43.958055415667786,51.53597866372631,211.5371653036723
2026-01-02 02:59:15,app-pod-1,46.69971975331817,57.93096840427281,172.9648756719932
2026-01-02 02:59:30,app-pod-1,45.46493679525976,52.673731350903175,191.23711084030134
2026-01-02 02:59:45,app-pod-1,50.81608588156048,54.98768085041402,185.9486050868248
2026-01-02 03:00:00,app-pod-1,47.89546407066747,60.16883649472749,177.59151865558906
2026-01-02 03:00:15,app-pod-1,48.50435595784655,55.605561344353305,172.80310777479875
2026-01-02 03:00:30,app-pod-1,52.573213104961305,60.899079455031966,224.40891702729454
2026-01-02 03:00:45,app-pod-1,46.462808631601455,56.10025297634669,172.7804203969694
2026-01-02 03:01:00,app-pod-1,44.6929181362638,36.90384067460085,197.78408473003168
2026-01-02 03:01:15,app-pod-1,47.14027915779032,52.614851382348476,180.59131468956028
2026-01-02 03:01:30,app-pod-1,42.55668282291844,44.399305631636146,172.14672020596237
2026-01-02 03:01:45,app-pod-1,44.572767989526014,47.0543531218839,184.4617843626374
2026-01-02 03:02:00,app-pod-1,42.32182605384869,56.998208774320545,145.03415937137328
2026-01-02 03:02:15,app-pod-1,45.474245633714,49.95794421698683,184.9517212887571
2026-01-02 03:02:30,app-pod-1,42.33983068262147,59.100722456865064,174.60778949328915
2026-01-02 03:02:45,app-pod-1,42.25002142229999,42.53657289425571,186.10034049877896
2026-01-02 03:03:00,app-pod-1,45.566458747809584,46.47816722207986,167.87328415024075
2026-01-02 03:03:15,app-pod-1,43.928119446038366,54.56143691698671,163.45715007215628
2026-01-02 03:03:30,app-pod-1,38.57388819629147,45.29486413861149,164.18877222191526
2026-01-02 03:03:45,app-pod-1,40.00496159165769,49.54010979716563,181.20572599487704
2026-01-02 03:04:00,app-pod-1,40.94499653238863,48.09996344082329,154.89244853964252
2026-01-02 03:04:15,app-pod-1,41.75302682059356,48.51423758458545,148.4840524445805
2026-01-02 03:04:30,app-pod-1,45.66034192249428,50.44105900208561,177.89044570270417
2026-01-02 03:04:45,app-pod-1,45.08900071535388,52.4597673027864,165.1561577469257
2026-01-02 03:05:00,app-pod-1,47.64311735629272,56.558373587044414,196.53918591546753
2026-01-02 03:05:15,app-pod-1,46.72076258609026,60.77664456512556,170.68552869520545
2026-01-02 03:05:30,app-pod-1,47.693126652955115,52.37262598035449,205.36607727686962
2026-01-02 03:05:45,app-pod-1,46.317649799078254,50.4541633811754,188.45984959603433
2026-01-02 03:06:00,app-pod-1,45.136525347520205,48.98325996096848,195.60760051422162
2026-01-02 03:06:15,app-pod-1,47.82055158002488,60.823305381179914,154.9325770426326
2026-01-02 03:06:30,app-pod-1,47.29572638081037,56.55863295213635,162.8106448662097
2026-01-02 03:06:45,app-pod-1,45.68074846235348,42.48135679145658,202.11308321662463
2026-01-02 03:07:00,app-pod-1,48.38063501022843,44.15084099317799,182.7297253252356
2026-01-02 03:07:15,app-pod-1,37.54499437415185,42.13120666441586,128.18423621825886
2026-01-02 03:07:30,app-pod-1,43.72589193153536,51.75885157234662,171.86309162785324
2026-01-02 03:07:45,app-pod-1,43.6948150398205,50.41901983178089,178.4144463662428
2026-01-02 03:08:00,app-pod-1,48.08512266482812,56.233478624598085,189.97027286795418
2026-01-02 03:08:15,app-pod-1,49.356129213917214,53.67207323882565,204.44472905306102
2026-01-02 03:08:30,app-pod-1,40.3062588804952,55.201475073241355,166.21253831273054
2026-01-02 03:08:45,app-pod-1,48.905133841340984,58.094150582808766,199.82280551680375
2026-01-02 03:09:00,app-pod-1,41.172114630634894,49.208363277022855,184.9140233452073
2026-01-02 03:09:15,app-pod-1,41.2776048462732,54.62102054506176,164.89771448590568
2026-01-02 03:09:30,app-pod-1,44.01317637702577,42.564692342341935,175.39900172023366
2026-01-02 03:09:45,app-pod-1,43.776179457882215,50.217952057191425,187.14689017355323
2026-01-02 03:10:00,app-pod-1,40.07029489705184,48.73676795857621,168.57107520380416
2026-01-02 03:10:15,app-pod-1,46.70991097270442,55.70712018065564,173.29677025183577
2026-01-02 03:10:30,app-pod-1,46.81319707900473,44.19340794116021,185.87108210973747
2026-01-02 03:10:45,app-pod-1,47.95180976498122,52.26423230111444,198.3806755351178
2026-01-02 03:11:00,app-pod-1,43.503996560403046,52.455101574037506,165.21356413808235
2026-01-02 03:11:15,app-pod-1,44.70027436218183,53.67600268551396,170.7134656088097
2026-01-02 03:11:30,app-pod-1,44.74238333642585,57.250317542769096,158.0976558674711
2026-01-02 03:11:45,app-pod-1,49.912275828822764,58.74611974220966,156.40741287049573
2026-01-02 03:12:00,app-pod-1,36.36016216164822,45.14788326629355,139.82946902086687
2026-01-02 03:12:15,app-pod-1,42.00665278217696,52.77952569226764,169.9358980957662
2026-01-02 03:12:30,app-pod-1,44.90867997422191,50.42925780418217,163.20350708986516
2026-01-02 03:12:45,app-pod-1,41.6499006375692,49.888800210112706,187.26768472454327
2026-01-02 03:13:00,app-pod-1,44.14618642942064,54.87634225133126,160.8842431017369
2026-01-02 03:13:15,app-pod-1,44.55743929619487,50.96370354139619,191.91771554407083
2026-01-02 03:13:30,app-pod-1,42.97710821087453,51.893924145271356,178.18848341923402
2026-01-02 03:13:45,app-pod-1,45.158056158129526,56.41718315727573,213.2772555133789
2026-01-02 03:14:00,app-pod-1,46.86356224905347,56.36531787803269,195.5518388375702
2026-01-02 03:14:15,app-pod-1,44.28476229282239,57.16669288438252,155.44490820957304
2026-01-02 03:14:30,app-pod-1,43.64840679713047,62.19612624775588,190.40912627477115
2026-01-02 03:14:45,app-pod-1,44.52510776201259,54.68221430019353,203.5641585725213
2026-01-02 03:15:00,app-pod-1,45.014487109642786,49.20367821972617,153.47476439743957
2026-01-02 03:15:15,app-pod-1,39.83021319872228,50.4402644782046,168.90778641162512
2026-01-02 03:15:30,app-pod-1,46.45019148419018,54.859226121385205,198.70548865797622
2026-01-02 03:15:45,app-pod-1,43.72686595089701,53.676359633179814,171.71504110288106
2026-01-02 03:16:00,app-pod-1,48.878796828888596,61.690239016408874,159.18586739249602
2026-01-02 03:16:15,app-pod-1,46.881656035846056,44.39660168017221,183.08725578605782
2026-01-02 03:16:30,app-pod-1,48.63298084826541,61.61227655043446,185.81588517432573
2026-01-02 03:16:45,app-pod-1,42.104038286375086,58.72491114075312,191.3627910914538
2026-01-02 03:17:00,app-pod-1,44.03713976411871,53.66635115123417,174.81968966120186
2026-01-02 03:17:15,app-pod-1,41.438156216761506,51.96738475784872,159.5679573660461
2026-01-02 03:17:30,app-pod-1,43.06417199815526,48.93669636241118,163.45900095815392
2026-01-02 03:17:45,app-pod-1,48.95025778172192,54.29680039628887,200.68724537876116
2026-01-02 03:18:00,app-pod-1,49.670591045768106,58.25917452777843,199.5353870705444
2026-01-02 03:18:15,app-pod-1,41.777879135072936,52.412277358402676,155.26234262824707
2026-01-02 03:18:30,app-pod-1,43.861587608852595,54.30665997621375,179.4066598007447
2026-01-02 03:18:45,app-pod-1,45.02195706205591,54.64871280145555,171.7290042459876
2026-01-02 03:19:00,app-pod-1,47.02146632107992,57.40697629546779,149.2019685287421
2026-01-02 03:19:15,app-pod-1,39.99930575897933,51.93275738121377,170.01756658540663
2026-01-02 03:19:30,app-pod-1,40.48380527859468,43.21692036871561,170.5329826331617
2026-01-02 03:19:45,app-pod-1,46.775734731300524,56.90435452944976,190.09902581786045
2026-01-02 03:20:00,app-pod-1,39.47377315562578,56.92457429101918,151.2580767836292
2026-01-02 03:20:15,app-pod-1,43.994510976154615,50.66302392353121,174.8971414286566
2026-01-02 03:20:30,app-pod-1,45.83517470525903,59.58202203359371,195.62993853206186
2026-01-02 03:20:45,app-pod-1,46.60987501055863,48.04043600783309,176.96232511823882
2026-01-02 03:21:00,app-pod-1,44.9516823548377,51.31736455033421,192.70141663908538
2026-01-02 03:21:15,app-pod-1,44.29350772795901,47.79966465052201,155.05131628914455
2026-01-02 03:21:30,app-pod-1,47.93841339421712,60.45299563807097,194.2760926360756
2026-01-02 03:21:45,app-pod-1,46.27422319389763,60.594339007772604,185.48325452616615
2026-01-02 03:22:00,app-pod-1,43.49144180190001,49.94802866089219,189.00604202415636
2026-01-02 03:22:15,app-pod-1,45.559528247453095,57.74697738652642,168.45417154879846
2026-01-02 03:22:30,app-pod-1,46.60971613522331,60.87993443417299,174.29171231941564
2026-01-02 03:22:45,app-pod-1,50.628751905173935,55.275532043813406,181.5975927747966
2026-01-02 03:23:00,app-pod-1,47.84682388651845,54.14153477954783,182.88627870343393
2026-01-02 03:23:15,app-pod-1,49.145317721152466,58.06979925294164,200.41254045687415
2026-01-02 03:23:30,app-pod-1,43.68360079044768,46.36583064571195,147.76675151267753
2026-01-02 03:23:45,app-pod-1,43.9566316246545,51.32013011333095,169.18283885262713
2026-01-02 03:24:00,app-pod-1,44.83677925070045,62.099681006500006,188.5089722973049
2026-01-02 03:24:15,app-pod-1,45.12592168024372,49.08807757491912,178.96049586062384
2026-01-02 03:24:30,app-pod-1,42.54626662674121,54.051517842251414,171.3131494427969
2026-01-02 03:24:45,app-pod-1,49.381825732480785,57.186300243421606,174.93581521252818
2026-01-02 03:25:00,app-pod-1,48.24774457513401,52.95459165907904,191.49029444853306
2026-01-02 03:25:15,app-pod-1,44.69430232712734,52.39428709353609,179.2074923450127
2026-01-02 03:25:30,app-pod-1,47.550095531136726,62.048166494492854,187.74443204583753
2026-01-02 03:25:45,app-pod-1,46.30727015384337,55.18307484058686,187.5211075241356
2026-01-02 03:26:00,app-pod-1,47.8116470798424,57.017246072195995,186.60970653362045
2026-01-02 03:26:15,app-pod-1,41.632813613996106,57.14728101105605,159.69069291760377
2026-01-02 03:26:30,app-pod-1,45.242304971664424,50.22256129517425,165.3726569636535
2026-01-02 03:26:45,app-pod-1,45.518707157254944,46.628520460889234,196.691752838246
2026-01-02 03:27:00,app-pod-1,47.577264916449856,62.1458223994663,171.90918447461198
2026-01-02 03:27:15,app-pod-1,43.83452300155532,51.366775014180874,177.70729701038246
2026-01-02 03:27:30,app-pod-1,38.23352211512513,51.23146973133266,180.13204458057461
2026-01-02 03:27:45,app-pod-1,42.50167489533979,45.939526498641044,186.52822501021362
2026-01-02 03:28:00,app-pod-1,45.57707111500171,53.84658130673202,189.94875552541342
2026-01-02 03:28:15,app-pod-1,45.96529001912636,46.69103908907916,187.6072925599972
2026-01-02 03:28:30,app-pod-1,50.83828521173795,55.90549884685703,201.4365721231093
2026-01-02 03:28:45,app-pod-1,47.54866488189968,50.04444949143838,176.67441671235298
2026-01-02 03:29:00,app-pod-1,46.05838231257133,47.85259594423717,180.42605865590983
2026-01-02 03:29:15,app-pod-1,45.72996474246889,50.4953619728986,191.5429936348325
2026-01-02 03:29:30,app-pod-1,49.1530169843616,42.940158674212086,202.45779215466948
2026-01-02 03:29:45,app-pod-1,44.08344489766304,45.05889923947646,188.1646169902054
2026-01-02 03:30:00,app-pod-1,45.446215442602906,55.72442159112367,200.07993974608007
2026-01-02 03:30:15,app-pod-1,42.61256411669105,51.567126829422364,168.0733988735903
2026-01-02 03:30:30,app-pod-1,50.150309398272896,49.73428184397798,203.47900987307406
2026-01-02 03:30:45,app-pod-1,47.08432192630305,55.69839319573747,159.85121725830274
2026-01-02 03:31:00,app-pod-1,43.7974701626806,46.26716375311699,209.03284727625442
2026-01-02 03:31:15,app-pod-1,45.58987101169019,55.52272906025023,176.15175039382487
2026-01-02 03:31:30,app-pod-1,47.47536536507298,52.654560388241954,199.676849365473
2026-01-02 03:31:45,app-pod-1,45.2074143952732,50.019574324729604,174.61174899719364
2026-01-02 03:32:00,app-pod-1,44.369298335808054,50.60319071642836,170.91101288229314
2026-01-02 03:32:15,app-pod-1,44.02300920438428,63.61374872639753,172.53700809307395
2026-01-02 03:32:30,app-pod-1,47.01581699972594,49.117064302196404,169.38648794744222
2026-01-02 03:32:45,app-pod-1,44.937850466720654,52.58928865803635,142.5482121643889
2026-01-02 03:33:00,app-pod-1,44.66380304953296,55.17150568213493,196.05056324227706
2026-01-02 03:33:15,app-pod-1,42.02993486969812,44.60889016334401,176.30527783379804
2026-01-02 03:33:30,app-pod-1,46.28406666154251,44.4275574760501,171.39844377294057
2026-01-02 03:33:45,app-pod-1,45.52048031323717,48.858845504455154,188.86057808568293
2026-01-02 03:34:00,app-pod-1,45.112192166418446,55.37585052203725,192.80777862050843
2026-01-02 03:34:15,app-pod-1,46.68641669716864,50.97047442937663,176.35036254782867
2026-01-02 03:34:30,app-pod-1,48.34705975946485,52.68741217482027,199.56595838715293
2026-01-02 03:34:45,app-pod-1,48.22067853242247,58.30832322915612,207.9847634134956
2026-01-02 03:35:00,app-pod-1,47.78707758804894,49.41923891415996,169.57302535244457
2026-01-02 03:35:15,app-pod-1,45.419772026234014,51.35006386263322,189.68025585939222
2026-01-02 03:35:30,app-pod-1,44.453659423813065,43.54835639008505,183.28044523347802
2026-01-02 03:35:45,app-pod-1,43.035759854553106,51.72862720181615,200.3497994617214
2026-01-02 03:36:00,app-pod-1,44.400870365484685,52.22814462868133,185.9590102680836
2026-01-02 03:36:15,app-pod-1,46.252104028711784,56.35415431093434,178.84520187334843
2026-01-02 03:36:30,app-pod-1,43.84708996572501,44.96668231765058,170.9605250226185
2026-01-02 03:36:45,app-pod-1,46.50689505176801,51.59538863237552,216.3784854451506
2026-01-02 03:37:00,app-pod-1,43.33510960556465,43.942224921604314,168.01768079598904
2026-01-02 03:37:15,app-pod-1,41.26124066313655,47.65233503341659,173.83715467535143
2026-01-02 03:37:30,app-pod-1,48.71515205442669,61.5095468153048,191.28489995073562
2026-01-02 03:37:45,app-pod-1,44.84638792309418,49.78870776629601,195.6044818366911
2026-01-02 03:38:00,app-pod-1,43.77120940745471,43.81024746399378,192.044888573072
2026-01-02 03:38:15,app-pod-1,43.01342822665747,46.71000343378614,171.71369636660086
2026-01-02 03:38:30,app-pod-1,47.576717468589706,45.24894306092674,184.20545213073626
2026-01-02 03:38:45,app-pod-1,50.4449531680361,48.83260282358917,195.3206918483423
2026-01-02 03:39:00,app-pod-1,45.12360952021513,54.94146140162759,154.58553536224434
2026-01-02 03:39:15,app-pod-1,45.69872261422075,44.757689643144005,184.30327444376763
2026-01-02 03:39:30,app-pod-1,49.572870443253116,56.26265226205157,199.49742560940763
2026-01-02 03:39:45,app-pod-1,40.93918053134299,48.786139751352955,151.51474293291596
2026-01-02 03:40:00,app-pod-1,52.28364681451783,53.94091152469581,181.61242035299978
2026-01-02 03:40:15,app-pod-1,53.72784553974917,58.7462417781133,218.0056645986942
2026-01-02 03:40:30,app-pod-1,38.28901628225002,42.114003850838735,158.14541024470574
2026-01-02 03:40:45,app-pod-1,46.127983897395026,56.49381073231175,190.4316141897628
2026-01-02 03:41:00,app-pod-1,44.27609766323459,47.50156687140256,162.25531375013156
2026-01-02 03:41:15,app-pod-1,45.65104906708129,50.02389990392246,188.55579254978977
2026-01-02 03:41:30,app-pod-1,45.20261522336884,49.11507562937265,178.13172323233294
2026-01-02 03:41:45,app-pod-1,48.90543419678255,57.68117175978661,208.58905533657202
2026-01-02 03:42:00,app-pod-1,46.14481405153634,55.02358940361994,169.95694155278517
2026-01-02 03:42:15,app-pod-1,43.76214938818876,37.52499874211313,192.301645734125
2026-01-02 03:42:30,app-pod-1,45.9906431778119,53.46466490585922,206.6123684430954
2026-01-02 03:42:45,app-pod-1,48.063859361384694,44.921737393841376,193.99661795329246
2026-01-02 03:43:00,app-pod-1,42.98063099924793,48.37983313852773,177.97763414731875
2026-01-02 03:43:15,app-pod-1,41.60536257630423,48.58288369467946,178.17983889345336
2026-01-02 03:43:30,app-pod-1,52.534541020416,55.01388756663201,194.7526332972469
2026-01-02 03:43:45,app-pod-1,44.64126185293087,53.752979407546185,171.2710771698562
2026-01-02 03:44:00,app-pod-1,46.168692490342266,55.91846757363725,187.43813779366798
2026-01-02 03:44:15,app-pod-1,45.39955506303898,47.91235958003083,212.00163799764474
2026-01-02 03:44:30,app-pod-1,48.24937447804239,49.725577122143065,175.05590346294073
2026-01-02 03:44:45,app-pod-1,51.935631461733436,56.17509425495082,232.30839417181173
2026-01-02 03:45:00,app-pod-1,48.369193771238756,46.139775237036346,190.57837934596253
2026-01-02 03:45:15,app-pod-1,42.0864075695135,47.07559542272105,167.829075557592
2026-01-02 03:45:30,app-pod-1,42.501223695271655,56.49124575362694,188.27556006382272
2026-01-02 03:45:45,app-pod-1,45.46877079817433,44.29663673266845,212.19682541881946
2026-01-02 03:46:00,app-pod-1,45.87301684274357,50.41052499335345,189.83475424558557
2026-01-02 03:46:15,app-pod-1,41.52389410488228,46.10522180876701,183.56678121527054
2026-01-02 03:46:30,app-pod-1,49.15978228689818,64.43818700776751,182.83451447761038
2026-01-02 03:46:45,app-pod-1,43.4547895919645,47.72904668102688,165.8771339435646
2026-01-02 03:47:00,app-pod-1,51.20562780333245,53.44488503554023,184.53579648502
2026-01-02 03:47:15,app-pod-1,52.19957285778534,51.385876361441085,201.06447016235455
2026-01-02 03:47:30,app-pod-1,46.00484650112962,52.250001568626985,192.49790788604884
2026-01-02 03:47:45,app-pod-1,48.0784371225856,55.00574126092835,195.49593038358907
2026-01-02 03:48:00,app-pod-1,43.07756969265588,45.72519954676114,198.21681936404417
2026-01-02 03:48:15,app-pod-1,48.656312537045196,59.003032779541456,225.4459156818958
2026-01-02 03:48:30,app-pod-1,45.30255851299922,53.067108880541994,179.16266782211184
2026-01-02 03:48:45,app-pod-1,43.547262057123696,54.742579783812495,163.9937820766794
2026-01-02 03:49:00,app-pod-1,45.95277529452889,50.52626506697063,201.21163966906013
2026-01-02 03:49:15,app-pod-1,45.435328456227985,53.02065157381625,200.7046684212911
2026-01-02 03:49:30,app-pod-1,45.86886646531447,51.04272405134972,190.0941878380466
2026-01-02 03:49:45,app-pod-1,49.705136532374034,62.08200332011757,209.40396206172613
2026-01-02 03:50:00,app-pod-1,44.51190613835051,51.73965498370067,186.28491497646934
2026-01-02 03:50:15,app-pod-1,52.08460993668549,56.50299669725483,193.50708940180192
2026-01-02 03:50:30,app-pod-1,42.91605397483107,47.750027787277176,153.3856420288631
2026-01-02 03:50:45,app-pod-1,51.74919552971094,53.64461871843683,206.23325363542557
2026-01-02 03:51:00,app-pod-1,43.86502456835938,51.8941275719707,172.4463665952478
2026-01-02 03:51:15,app-pod-1,46.92314833354568,56.94414113034555,191.8467504368691
2026-01-02 03:51:30,app-pod-1,45.467211147128765,48.40425731343969,179.90047217832443
2026-01-02 03:51:45,app-pod-1,45.918204774871114,52.77563972829042,158.12384858627112
2026-01-02 03:52:00,app-pod-1,49.365033632195164,55.47637099763219,165.7772357675497
2026-01-02 03:52:15,app-pod-1,51.47199326641212,57.822212868366535,216.94942931118385
2026-01-02 03:52:30,app-pod-1,50.5556177453985,46.85145041247535,192.2806139562925
2026-01-02 03:52:45,app-pod-1,45.78098517980007,47.42302612730511,179.64207463926056
2026-01-02 03:53:00,app-pod-1,47.559810167124915,46.462644516377935,181.8696209224327
2026-01-02 03:53:15,app-pod-1,44.672280965110964,51.4350188088364,164.99338732646623
2026-01-02 03:53:30,app-pod-1,44.05531348406749,46.33385258939569,162.12347620481992
2026-01-02 03:53:45,app-pod-1,43.60249127612756,48.04053830115555,189.70751070653836
2026-01-02 03:54:00,app-pod-1,45.740083366129454,46.04665573673638,179.37307868683553
2026-01-02 03:54:15,app-pod-1,47.81300918256516,51.452923741956596,200.77350116925024
2026-01-02 03:54:30,app-pod-1,41.340115507822645,43.31756284938201,176.89673561605252
2026-01-02 03:54:45,app-pod-1,46.94784825848224,56.65303599110232,192.53985522403792
2026-01-02 03:55:00,app-pod-1,51.64631278710751,58.54855879995314,218.6159032895752
2026-01-02 03:55:15,app-pod-1,50.47527832252332,56.08384123313809,202.11575108938655
2026-01-02 03:55:30,app-pod-1,45.36528022871543,50.24598651169795,201.91835174219875
2026-01-02 03:55:45,app-pod-1,42.94148070116307,39.87060265930052,184.11716884928984
2026-01-02 03:56:00,app-pod-1,48.52283693343672,51.674952725931476,208.43799562223316
2026-01-02 03:56:15,app-pod-1,40.20228744938295,44.33431849613119,146.73138472081877
2026-01-02 03:56:30,app-pod-1,50.496240321190875,56.58373931116122,205.9336180883374
2026-01-02 03:56:45,app-pod-1,46.53620094767085,55.673876507391455,158.6194568376455
2026-01-02 03:57:00,app-pod-1,52.68202919176126,58.50058374669831,231.74346086529238
2026-01-02 03:57:15,app-pod-1,42.018376229653626,55.728054906390476,158.7236027230657
2026-01-02 03:57:30,app-pod-1,49.964835352745084,52.133813574996104,192.58881145797523
2026-01-02 03:57:45,app-pod-1,46.91997367856555,49.79510216839266,167.16944875029517
2026-01-02 03:58:00,app-pod-1,46.239431614414265,57.55699327460287,184.41365164024896
2026-01-02 03:58:15,app-pod-1,43.134115327764455,51.02496270212579,168.51267812710935
2026-01-02 03:58:30,app-pod-1,49.041931439690984,53.0943583050726,223.5081907538164
2026-01-02 03:58:45,app-pod-1,49.294121338486946,63.73849066141477,210.06501615844232
2026-01-02 03:59:00,app-pod-1,52.63209350998558,59.73111819390332,202.80860734420793
2026-01-02 03:59:15,app-pod-1,50.311841254842115,54.265568008719065,176.2538707376806
2026-01-02 03:59:30,app-pod-1,45.51696427074081,48.43215092128206,147.81279939930323
2026-01-02 03:59:45,app-pod-1,44.29800171423717,57.64116455788536,161.79820765772067
2026-01-02 04:00:00,app-pod-1,43.21503377512162,51.285508747033475,152.8918868861762
2026-01-02 04:00:15,app-pod-1,51.751079113331414,56.34833997702412,212.23351773709098
2026-01-02 04:00:30,app-pod-1,45.00776060146115,54.886814558298255,177.85683701643293
2026-01-02 04:00:45,app-pod-1,51.7938298033048,60.656120146583234,207.4352133539507
2026-01-02 04:01:00,app-pod-1,48.93919241236904,57.006784611112806,181.52294102224715
2026-01-02 04:01:15,app-pod-1,48.36450036635853,58.275028134610686,195.73848738653902
2026-01-02 04:01:30,app-pod-1,46.464981541221974,54.782358873368786,164.55382895228368
2026-01-02 04:01:45,app-pod-1,49.37837928792348,57.339318418697566,196.1890185160647
2026-01-02 04:02:00,app-pod-1,47.360701630287586,49.49430186698413,201.89651396556366
2026-01-02 04:02:15,app-pod-1,46.3102067013447,61.46891409902908,179.75933507554748
2026-01-02 04:02:30,app-pod-1,49.51657286694983,48.49321771191136,204.72094882882365
2026-01-02 04:02:45,app-pod-1,47.00733337215062,54.4520214329928,158.37636181004433
2026-01-02 04:03:00,app-pod-1,45.05491580523947,44.85460577277459,149.3633912672633
2026-01-02 04:03:15,app-pod-1,49.260050145616056,53.991391407751465,201.94908161641047
2026-01-02 04:03:30,app-pod-1,47.279241753590625,50.23900103817301,204.8222526632928
2026-01-02 04:03:45,app-pod-1,48.94853686780859,54.942755164185925,192.22063786879247
2026-01-02 04:04:00,app-pod-1,46.13081456772535,54.00035860419597,216.7013846047949
2026-01-02 04:04:15,app-pod-1,43.87559672459373,45.931249192242646,153.851416737193
2026-01-02 04:04:30,app-pod-1,52.718728195050815,56.75603746177769,200.67515565362183
2026-01-02 04:04:45,app-pod-1,52.16386536914443,63.48307687068251,210.75683694734124
2026-01-02 04:05:00,app-pod-1,50.18588999793604,48.56879751104792,207.70918269927375
2026-01-02 04:05:15,app-pod-1,46.381586170775655,48.19684147373262,176.7678041752303
2026-01-02 04:05:30,app-pod-1,46.65452654314152,56.96194181977573,170.7291311811333
2026-01-02 04:05:45,app-pod-1,51.71290414656916,56.58680696883051,216.15555956480753
2026-01-02 04:06:00,app-pod-1,46.51485214053707,53.31617114749877,188.058018401714
2026-01-02 04:06:15,app-pod-1,45.68907367426204,57.09386331544506,177.5869793639248
2026-01-02 04:06:30,app-pod-1,53.2138244136085,53.279333580534484,220.33751603015338
2026-01-02 04:06:45,app-pod-1,47.46444500623369,50.6284353538756,187.8125622766112
2026-01-02 04:07:00,app-pod-1,52.92309074964924,53.832954192420274,209.59623025064906
2026-01-02 04:07:15,app-pod-1,43.43295478142658,48.66205311032079,171.08316515843094
2026-01-02 04:07:30,app-pod-1,49.192979935320594,61.13269637946281,184.45605343880163
2026-01-02 04:07:45,app-pod-1,53.86194686991922,49.197962331320895,201.60663524997645
2026-01-02 04:08:00,app-pod-1,47.748204091155124,47.45264880925822,183.10728157012005
2026-01-02 04:08:15,app-pod-1,46.877170152691264,45.98560377041799,187.98974520582797
2026-01-02 04:08:30,app-pod-1,44.17613862424757,57.93176679040314,148.63545190460462
2026-01-02 04:08:45,app-pod-1,50.936613250978915,52.58362960218642,217.91762352693073
2026-01-02 04:09:00,app-pod-1,45.389368501338765,50.13918972051214,181.834092867522
2026-01-02 04:09:15,app-pod-1,47.42547467153604,45.12466138047054,173.7255551173311
2026-01-02 04:09:30,app-pod-1,44.01652003755608,49.499633845459655,200.31500773225477
2026-01-02 04:09:45,app-pod-1,52.400816119187226,61.01317988764089,210.23014941117754
2026-01-02 04:10:00,app-pod-1,51.20487259574147,57.10819605838384,184.7922579491577
2026-01-02 04:10:15,app-pod-1,47.65552565130356,52.81954769941937,214.19791631301618
2026-01-02 04:10:30,app-pod-1,44.29787520629536,43.18408501714805,197.51452327196702
2026-01-02 04:10:45,app-pod-1,52.37806414168265,55.02488446263799,195.88054143312635
2026-01-02 04:11:00,app-pod-1,46.68254764857328,53.41235717363071,181.88548882285585
2026-01-02 04:11:15,app-pod-1,44.47470698598456,46.17317060502266,171.03502419998858
2026-01-02 04:11:30,app-pod-1,42.513924980830566,53.0342032764708,141.7136687767823
2026-01-02 04:11:45,app-pod-1,45.87231995161807,56.53596669935799,188.3595923948832
2026-01-02 04:12:00,app-pod-1,43.456216116177536,47.776107738053796,186.50204554594035
2026-01-02 04:12:15,app-pod-1,45.96156190628548,55.80225430325836,193.69957982171508
2026-01-02 04:12:30,app-pod-1,50.07312333287942,54.50248834559543,200.78380033473636
2026-01-02 04:12:45,app-pod-1,46.72354812789098,58.44217359741775,201.02657841587805
2026-01-02 04:13:00,app-pod-1,48.926659014563874,64.41941461048512,178.67644843800593
2026-01-02 04:13:15,app-pod-1,45.69938388671064,46.52124131103122,210.0717594255378
2026-01-02 04:13:30,app-pod-1,48.07468279849133,57.499699976677256,180.71749959449008
2026-01-02 04:13:45,app-pod-1,53.65164452510817,64.08097399838935,204.69146336283129
2026-01-02 04:14:00,app-pod-1,46.85322899795981,47.9438585968127,178.784679555719
2026-01-02 04:14:15,app-pod-1,49.06169942023291,51.46758625306974,186.52459695808517
2026-01-02 04:14:30,app-pod-1,43.221531990874546,47.32318690246616,169.99526711641386
2026-01-02 04:14:45,app-pod-1,52.48811328546369,56.07777310714397,206.48078088602122
2026-01-02 04:15:00,app-pod-1,46.50583494381917,50.772256929570304,187.96793954481538
2026-01-02 04:15:15,app-pod-1,51.098694348826974,54.777663103903464,192.1143203051893
2026-01-02 04:15:30,app-pod-1,47.587169724828435,57.50096044877075,192.84774423961622
2026-01-02 04:15:45,app-pod-1,49.8010445532656,45.381672577855134,182.84776880474587
2026-01-02 04:16:00,app-pod-1,49.98891820761634,50.12277563712455,210.94279363025325
2026-01-02 04:16:15,app-pod-1,46.62811298551471,55.98931947090963,197.31350318261457
2026-01-02 04:16:30,app-pod-1,51.27068498832998,58.653360234935356,204.99593629672947
2026-01-02 04:16:45,app-pod-1,45.72752135363689,46.71655397737887,173.16462859425687
2026-01-02 04:17:00,app-pod-1,50.347767446534384,58.04194696409241,206.05806947590267
2026-01-02 04:17:15,app-pod-1,46.85281630976067,59.431306200931346,174.0965578001326
2026-01-02 04:17:30,app-pod-1,49.0815519976725,54.1119538260432,196.84431146073695
2026-01-02 04:17:45,app-pod-1,46.656323646697295,47.61962144236867,184.34806534847277
2026-01-02 04:18:00,app-pod-1,48.201633611116996,58.11591480935313,232.25516094943194
2026-01-02 04:18:15,app-pod-1,44.83700613522364,60.00113144951091,160.9422368011231
2026-01-02 04:18:30,app-pod-1,48.81311825656842,49.73848126240007,155.24282367535776
2026-01-02 04:18:45,app-pod-1,48.21234936734763,53.94490492689351,183.28569082280438
2026-01-02 04:19:00,app-pod-1,46.46864224686994,57.978827747244054,160.14159470032592
2026-01-02 04:19:15,app-pod-1,47.93331453210016,54.13011374728604,180.83283521416664
2026-01-02 04:19:30,app-pod-1,48.50968584646284,45.220298427483556,174.57468132126382
2026-01-02 04:19:45,app-pod-1,46.26785369832094,54.60458618275365,171.5039048552697
2026-01-02 04:20:00,app-pod-1,47.73988001354399,48.5238728278663,174.98587516901478
2026-01-02 04:20:15,app-pod-1,45.11870923214057,45.229483467528325,194.91910917502162
2026-01-02 04:20:30,app-pod-1,55.181751906318006,49.98848637949362,219.99906546509618
2026-01-02 04:20:45,app-pod-1,51.33107491425393,61.883788905806156,221.45609170414411
2026-01-02 04:21:00,app-pod-1,48.98214579339628,50.11394546029027,196.53580543614106
2026-01-02 04:21:15,app-pod-1,51.68832518960059,57.84850853395977,220.68214960286562
2026-01-02 04:21:30,app-pod-1,42.243330284729225,52.46510335220747,164.44114458735777
2026-01-02 04:21:45,app-pod-1,40.51712817499998,49.17108467157598,185.98679315813482
2026-01-02 04:22:00,app-pod-1,47.00135223228114,54.38380046246666,195.06993161086552
2026-01-02 04:22:15,app-pod-1,44.07256936028253,52.756038989195254,164.59296062663196
2026-01-02 04:22:30,app-pod-1,47.50745992507853,53.94571038078193,199.3170837289441
2026-01-02 04:22:45,app-pod-1,48.84323945059282,50.38947004383485,195.77943374099885
2026-01-02 04:23:00,app-pod-1,50.99648436656359,51.45085324583657,200.94832223431766
2026-01-02 04:23:15,app-pod-1,44.82939856312372,50.85567127330697,180.75791351021667
2026-01-02 04:23:30,app-pod-1,49.45201050986179,53.98558711665817,209.07678805117706
2026-01-02 04:23:45,app-pod-1,48.305193746671705,55.960234284803064,161.45808623172036
2026-01-02 04:24:00,app-pod-1,49.31343708265127,60.02765629368169,191.98964161469627
2026-01-02 04:24:15,app-pod-1,46.72045604546005,54.42384603466949,197.12188490080365
2026-01-02 04:24:30,app-pod-1,52.438018310862006,52.6521942220176,213.47548221879381
2026-01-02 04:24:45,app-pod-1,47.98690617770719,42.685055250741954,175.05190986980946
2026-01-02 04:25:00,app-pod-1,53.62877625290026,53.69545734763356,178.9986694539678
2026-01-02 04:25:15,app-pod-1,45.94383929793848,45.43823570092431,209.28925719369124
2026-01-02 04:25:30,app-pod-1,50.55224116220937,51.73470780174256,199.40273390819306
2026-01-02 04:25:45,app-pod-1,48.15348578036371,54.91882499058065,215.32468575269044
2026-01-02 04:26:00,app-pod-1,47.35797423770219,53.572534505584905,201.35633819814944
2026-01-02 04:26:15,app-pod-1,50.24683595035247,64.46367324993778,189.08314045305698
2026-01-02 04:26:30,app-pod-1,47.46103609788009,55.63813302892699,152.32263755526543
2026-01-02 04:26:45,app-pod-1,40.381305285415074,57.81275011636406,154.59297977874357
2026-01-02 04:27:00,app-pod-1,39.187219833455046,51.006750903368165,156.1902438362869
2026-01-02 04:27:15,app-pod-1,52.20169172431319,61.96971792354441,215.5666672209168
2026-01-02 04:27:30,app-pod-1,52.08377978174093,54.664134489113856,191.67194002727558
2026-01-02 04:27:45,app-pod-1,54.06358452545973,52.471962751175354,218.92443684762927
2026-01-02 04:28:00,app-pod-1,48.35751232420228,51.6054591729372,196.09467791050645
2026-01-02 04:28:15,app-pod-1,44.54070613902255,51.11914664392579,192.95212205001462
2026-01-02 04:28:30,app-pod-1,47.16835057651084,49.877050983532484,184.07129710207863
2026-01-02 04:28:45,app-pod-1,48.469845283371434,48.92317957600575,200.52077207775412
2026-01-02 04:29:00,app-pod-1,45.422904760553706,53.88022179449139,186.0181732793663
2026-01-02 04:29:15,app-pod-1,53.39816935169807,52.35173271520239,226.72647750355645
2026-01-02 04:29:30,app-pod-1,55.17935761429509,50.95809058941391,208.41877405191204
2026-01-02 04:29:45,app-pod-1,49.904072903362035,49.32242046286544,153.55345179211918
2026-01-02 04:30:00,app-pod-1,48.444999410131146,52.73972214577555,190.22705248268042
2026-01-02 04:30:15,app-pod-1,44.601027577155754,46.26612376518641,174.93961717187153
2026-01-02 04:30:30,app-pod-1,53.13354606677832,56.053032730152275,195.1714013088814
2026-01-02 04:30:45,app-pod-1,48.73145867007105,57.11424259544578,172.304924035717
2026-01-02 04:31:00,app-pod-1,47.64331688511948,56.22253705390039,181.95275321310154
2026-01-02 04:31:15,app-pod-1,49.96258216297328,51.66967796863474,198.1271700832194
2026-01-02 04:31:30,app-pod-1,46.7701530905348,46.21939922817961,188.51203067190698
2026-01-02 04:31:45,app-pod-1,48.97611893158455,51.40516592636315,161.6248926818878
2026-01-02 04:32:00,app-pod-1,44.216276538798766,54.22961762607689,150.56200642811703
2026-01-02 04:32:15,app-pod-1,51.81310027287178,60.71515133623308,224.19573390044576
2026-01-02 04:32:30,app-pod-1,48.24674512043667,55.53717118947243,190.1428583288087
2026-01-02 04:32:45,app-pod-1,52.04449827974007,62.43832905079515,208.14148859285743
2026-01-02 04:33:00,app-pod-1,47.97278252391363,62.226958364836406,171.89228065067348
2026-01-02 04:33:15,app-pod-1,48.17566518666032,51.30682599001459,192.63660573165095
2026-01-02 04:33:30,app-pod-1,44.95536317007702,58.901570488986366,174.18638796542456
2026-01-02 04:33:45,app-pod-1,50.879615392734664,54.31298317095554,194.24047930424422
2026-01-02 04:34:00,app-pod-1,45.9808314975712,57.285825534600164,161.99581343525287
2026-01-02 04:34:15,app-pod-1,47.15706898370846,56.55281063195973,175.60096896485766
2026-01-02 04:34:30,app-pod-1,48.62744025342368,44.15391608113345,224.09002303402883
2026-01-02 04:34:45,app-pod-1,48.995911676843555,49.46600249915653,190.7415879618289
2026-01-02 04:35:00,app-pod-1,43.52186656500269,44.35886701395009,185.9317605459704
2026-01-02 04:35:15,app-pod-1,47.955635868931445,44.65870995012257,188.87657649391582
2026-01-02 04:35:30,app-pod-1,51.041618011529586,60.12570752504899,199.48473163889236
2026-01-02 04:35:45,app-pod-1,47.52876494332385,63.61399473592702,180.57502025732907
2026-01-02 04:36:00,app-pod-1,47.997413267304076,52.309826763617586,212.17413298326593
2026-01-02 04:36:15,app-pod-1,49.166633947955646,58.687427090400845,202.2626142352892
2026-01-02 04:36:30,app-pod-1,48.309319536414904,61.23965026394415,181.393141567365
2026-01-02 04:36:45,app-pod-1,45.603417129403034,52.96405049149592,176.50201827119642
2026-01-02 04:37:00,app-pod-1,48.59366582271951,53.88900075132846,210.51326846006359
2026-01-02 04:37:15,app-pod-1,51.692642006326174,54.95640976571786,164.19249183845557
2026-01-02 04:37:30,app-pod-1,45.56459069334524,54.58300789636653,186.9158960766129
2026-01-02 04:37:45,app-pod-1,47.60234663261924,57.69511289299637,198.4734086628183
2026-01-02 04:38:00,app-pod-1,44.58854981316272,53.521009399409806,167.1080028690365
2026-01-02 04:38:15,app-pod-1,51.5652188291867,58.23296855951502,208.5797899227587
2026-01-02 04:38:30,app-pod-1,48.47160524972816,53.67410916876993,201.4210689733805
2026-01-02 04:38:45,app-pod-1,46.2056655526772,44.37919326151015,166.35546479232136
2026-01-02 04:39:00,app-pod-1,49.040623518879215,58.81701840699843,208.79152212188603
2026-01-02 04:39:15,app-pod-1,45.16056601142167,45.189270609920925,185.1023658463088
2026-01-02 04:39:30,app-pod-1,45.67839766311676,55.07180657461084,180.41898554372543
2026-01-02 04:39:45,app-pod-1,44.40597892411892,54.862868496848016,179.19784152430879
2026-01-02 04:40:00,app-pod-1,45.59351470304596,46.21329976967854,192.98194485540387
2026-01-02 04:40:15,app-pod-1,52.873315706737024,53.97231704169015,246.23500975290557
2026-01-02 04:40:30,app-pod-1,46.609376128019306,63.233936046562235,195.5867005521565
2026-01-02 04:40:45,app-pod-1,50.214812276222204,54.75295740400863,213.01798643706334
2026-01-02 04:41:00,app-pod-1,46.31461604525965,46.31916285450916,188.16136664098667
2026-01-02 04:41:15,app-pod-1,51.10948254095006,59.781033977230244,232.96269960128734
2026-01-02 04:41:30,app-pod-1,45.7599738923139,48.16860569675382,161.0499933186425
2026-01-02 04:41:45,app-pod-1,48.9632198540227,44.6716337855454,169.79185231906828
2026-01-02 04:42:00,app-pod-1,49.01138375145041,56.90681636624762,198.3410259505905
2026-01-02 04:42:15,app-pod-1,55.84351714902711,54.50737292540333,233.27620136896297
2026-01-02 04:42:30,app-pod-1,50.75862587973699,57.13697982692808,164.41526949626876
2026-01-02 04:42:45,app-pod-1,47.09586439837774,48.9036548883526,188.33192317572457
2026-01-02 04:43:00,app-pod-1,50.93692729880722,59.191870080513475,201.0403628156543
2026-01-02 04:43:15,app-pod-1,55.30348531815043,59.629931345734974,232.37631410025156
2026-01-02 04:43:30,app-pod-1,44.00721265788467,37.85900591572437,182.4598837513466
2026-01-02 04:43:45,app-pod-1,46.37581133955917,54.37313064121436,158.3799175352316
2026-01-02 04:44:00,app-pod-1,48.199678834646456,52.29111854210056,176.59785671524972
2026-01-02 04:44:15,app-pod-1,47.66619837360956,60.44992707248072,178.56294841388336
2026-01-02 04:44:30,app-pod-1,47.92626199298468,55.52442264016853,202.78922501096952
2026-01-02 04:44:45,app-pod-1,45.018881805611706,55.29400648269326,185.69522070267496
2026-01-02 04:45:00,app-pod-1,53.150470750552145,53.65262552028187,203.29101277188468
2026-01-02 04:45:15,app-pod-1,44.677778246718546,47.324106018613165,180.8793215263986
2026-01-02 04:45:30,app-pod-1,48.3519445219317,53.71811451004936,177.53767949622775
2026-01-02 04:45:45,app-pod-1,52.0970310828323,54.664841124013364,239.1327048405395
2026-01-02 04:46:00,app-pod-1,48.87591853268642,60.9031882339309,204.11903514060128
2026-01-02 04:46:15,app-pod-1,46.035201831561615,51.45804598847649,195.93346197288787
2026-01-02 04:46:30,app-pod-1,44.934246014642405,45.32986346033104,200.38914957435063
2026-01-02 04:46:45,app-pod-1,48.297141462326806,49.670094455185456,208.43221374757823
2026-01-02 04:47:00,app-pod-1,46.72289382648614,57.531281101610325,187.36446997576786
2026-01-02 04:47:15,app-pod-1,49.61649667161223,53.89526094881393,195.69151220792585
2026-01-02 04:47:30,app-pod-1,44.80324821651868,50.258714911814266,198.53725909375467
2026-01-02 04:47:45,app-pod-1,51.45348451617481,61.31837700741134,206.21196729900407
2026-01-02 04:48:00,app-pod-1,49.36777889539647,49.98362928244981,186.2358488139307
2026-01-02 04:48:15,app-pod-1,49.59736989588652,43.54227743498391,227.888966722078
2026-01-02 04:48:30,app-pod-1,53.357798793001486,53.08612592331782,199.39227690471122
2026-01-02 04:48:45,app-pod-1,47.72786705916289,54.619952384145726,164.89089211085115
2026-01-02 04:49:00,app-pod-1,46.87046590866589,51.56176853437567,202.3735090187158
2026-01-02 04:49:15,app-pod-1,47.411264881074345,45.38573731632987,178.6763636646572
2026-01-02 04:49:30,app-pod-1,48.48359315755617,59.018812867047075,200.4608228926748
2026-01-02 04:49:45,app-pod-1,48.794872600650734,54.97389555087776,222.4376529454355
2026-01-02 04:50:00,app-pod-1,46.58224580515922,54.55264553717891,165.70628639256378
2026-01-02 04:50:15,app-pod-1,43.01163228902644,52.20619390123536,171.43279855073683
2026-01-02 04:50:30,app-pod-1,47.404627374078046,46.69061793260515,211.86964784179008
2026-01-02 04:50:45,app-pod-1,50.17339499182812,56.63577107642713,210.9218763182837
2026-01-02 04:51:00,app-pod-1,49.50917380790421,59.19369058154298,195.33938212992715
2026-01-02 04:51:15,app-pod-1,52.705520467009805,62.59541547876013,246.66277502290328
2026-01-02 04:51:30,app-pod-1,54.97975212233994,62.09214311070272,218.48924685432937
2026-01-02 04:51:45,app-pod-1,51.397706494610276,58.54404283918732,211.54394390636907
2026-01-02 04:52:00,app-pod-1,53.27365704648539,48.6044536086877,237.83494562459376
2026-01-02 04:52:15,app-pod-1,51.43278517671196,55.928276359811015,220.4440942776469
2026-01-02 04:52:30,app-pod-1,54.26850448242632,53.20508139051619,236.89981193304243
2026-01-02 04:52:45,app-pod-1,54.69768925874994,64.69922189085675,205.2976645827558
2026-01-02 04:53:00,app-pod-1,52.00492272843306,62.05534337178839,226.44231264654638
2026-01-02 04:53:15,app-pod-1,51.2768437270833,51.141146555357345,207.65125627294276
2026-01-02 04:53:30,app-pod-1,48.54826004773582,53.753891114885,183.00635647429164
2026-01-02 04:53:45,app-pod-1,49.04617519297888,55.57486985262075,199.51386442350997
2026-01-02 04:54:00,app-pod-1,48.16288270331307,58.21797417976432,195.50522513560577
2026-01-02 04:54:15,app-pod-1,51.04633437332628,47.35434281199113,232.20666503115322
2026-01-02 04:54:30,app-pod-1,47.02769744626492,41.87127664319728,193.83022536948272
2026-01-02 04:54:45,app-pod-1,48.62156211379742,54.225836033862294,182.77417653942797
2026-01-02 04:55:00,app-pod-1,42.13548743218368,36.83775709065142,153.37053555072677
2026-01-02 04:55:15,app-pod-1,54.37636026912686,58.856314237449126,216.7944793146382
2026-01-02 04:55:30,app-pod-1,48.551737479399755,56.94725510349353,174.01146395620546
2026-01-02 04:55:45,app-pod-1,50.58595031955289,61.59056476532589,191.61346245592753
2026-01-02 04:56:00,app-pod-1,53.59859400290058,54.40617454575044,210.73150574163606
2026-01-02 04:56:15,app-pod-1,50.13211626598277,55.898389616863724,194.20018475521547
2026-01-02 04:56:30,app-pod-1,53.57024621136015,60.75672154625373,225.18459888098945
2026-01-02 04:56:45,app-pod-1,45.51795792945947,45.98397050854984,171.00441745675457
2026-01-02 04:57:00,app-pod-1,56.441234497866056,64.08560313726423,188.71521932190996
2026-01-02 04:57:15,app-pod-1,52.51634578296411,58.133153674213126,184.7787894918835
2026-01-02 04:57:30,app-pod-1,49.88851021161518,51.89472549460157,199.28676881394284
2026-01-02 04:57:45,app-pod-1,53.54200535991593,58.18630661306913,205.3659723895624
2026-01-02 04:58:00,app-pod-1,45.76670440620435,51.340020658444345,164.51674164544593
2026-01-02 04:58:15,app-pod-1,48.41258319729425,57.7891779893453,223.0271027255174
2026-01-02 04:58:30,app-pod-1,53.616974852613716,55.72958194609494,226.8991512312502
2026-01-02 04:58:45,app-pod-1,43.68881600400261,51.717623669696124,173.87885661386161
2026-01-02 04:59:00,app-pod-1,50.97711980145267,52.57932577025031,207.40793784329873
2026-01-02 04:59:15,app-pod-1,50.898001925766415,50.93938715457783,199.6148925379609
2026-01-02 04:59:30,app-pod-1,55.21485489930347,59.50806238906167,202.0521909267852
2026-01-02 04:59:45,app-pod-1,44.563992218440376,46.71095621781541,193.71677316962376
2026-01-02 05:00:00,app-pod-1,54.14740969687626,61.9060882450575,229.35959000413902
2026-01-02 05:00:15,app-pod-1,47.64573935718052,56.31318021091198,160.9229506826419
2026-01-02 05:00:30,app-pod-1,47.98873527370388,49.76654240987328,195.35142862655184
2026-01-02 05:00:45,app-pod-1,45.669339558660766,53.03743985042844,187.7298416183065
2026-01-02 05:01:00,app-pod-1,46.077362665878084,48.40565436444457,179.4834822306732
2026-01-02 05:01:15,app-pod-1,50.55702886539422,47.36835617676757,233.6870955410484
2026-01-02 05:01:30,app-pod-1,46.01498610286113,49.2243644347676,213.89111440533617
2026-01-02 05:01:45,app-pod-1,51.57833184518749,55.853248145267685,200.6507079020369
2026-01-02 05:02:00,app-pod-1,47.37405466665289,55.76888189122469,186.15393050920014
2026-01-02 05:02:15,app-pod-1,45.72930231314596,52.757911271553866,177.81315278144592
2026-01-02 05:02:30,app-pod-1,47.79040416805218,57.991655992777666,181.99163107649926
2026-01-02 05:02:45,app-pod-1,50.38935800569226,50.36671974690171,187.74602433436235
2026-01-02 05:03:00,app-pod-1,48.55255840834203,52.10329894627862,201.81309030874698
2026-01-02 05:03:15,app-pod-1,49.49260724686166,62.86665858163478,227.39205053833007
2026-01-02 05:03:30,app-pod-1,51.483934902739755,46.3833541671637,229.1869679593887
2026-01-02 05:03:45,app-pod-1,52.64788941874173,54.593751063489236,222.42921259857147
2026-01-02 05:04:00,app-pod-1,48.47562859975163,48.5754702810129,157.7958356294769
2026-01-02 05:04:15,app-pod-1,46.27851484909619,51.41796837309694,157.14581714550036
2026-01-02 05:04:30,app-pod-1,49.6447076053061,52.57905788653368,214.541280018653
2026-01-02 05:04:45,app-pod-1,50.83359309573481,58.59429235746478,227.62497410187154
2026-01-02 05:05:00,app-pod-1,45.04466547834937,52.80886913189208,188.48468127373914
2026-01-02 05:05:15,app-pod-1,46.76019044785966,46.20404545395036,182.45705706568475
2026-01-02 05:05:30,app-pod-1,47.2796054712288,50.15491346396472,209.40293702585507
2026-01-02 05:05:45,app-pod-1,48.818827284680694,54.17259385364805,206.57921571690645
2026-01-02 05:06:00,app-pod-1,47.16429669707317,56.71191210814629,205.7188659992931
2026-01-02 05:06:15,app-pod-1,51.573601999669464,68.26630282316825,178.44587138975444
2026-01-02 05:06:30,app-pod-1,44.64213848969583,54.76347588756416,183.71865263925906
2026-01-02 05:06:45,app-pod-1,44.723417119428326,46.2438923808524,205.5122356847137
2026-01-02 05:07:00,app-pod-1,48.46591873467458,53.456916837276225,201.7754013956938
2026-01-02 05:07:15,app-pod-1,48.94561555027983,55.16681186036492,210.0061331754592
2026-01-02 05:07:30,app-pod-1,45.11360796697235,48.98257122516304,181.00002552546937
2026-01-02 05:07:45,app-pod-1,47.662235503899446,55.71485388240233,192.24006884999514
2026-01-02 05:08:00,app-pod-1,48.28426984344743,42.44210344841076,214.17499250939704
2026-01-02 05:08:15,app-pod-1,48.31240353021446,56.584430577790116,183.2027888932542
2026-01-02 05:08:30,app-pod-1,49.9528147026127,52.58503317967652,188.296672036554
2026-01-02 05:08:45,app-pod-1,47.51728328102748,52.71357213824162,182.89592275253906
2026-01-02 05:09:00,app-pod-1,53.94035531019507,65.08686341226905,216.11311727782447
2026-01-02 05:09:15,app-pod-1,50.97626359381871,49.37579863762848,179.7537207052537
2026-01-02 05:09:30,app-pod-1,47.09508916000195,54.33015880502051,199.3462405957029
2026-01-02 05:09:45,app-pod-1,49.80472102650893,58.83291261358848,196.7551808149528
2026-01-02 05:10:00,app-pod-1,49.89796609821548,55.78025856018233,212.39720329452555
2026-01-02 05:10:15,app-pod-1,53.17479492776406,49.15139492183396,180.91313081314686
2026-01-02 05:10:30,app-pod-1,47.734170339668395,60.165902374274516,203.79952675594782
2026-01-02 05:10:45,app-pod-1,51.84199759642332,55.23262806546454,227.4214145449902
2026-01-02 05:11:00,app-pod-1,49.670185556601005,52.13142563923056,205.25895973642994
2026-01-02 05:11:15,app-pod-1,54.02393904821773,56.264342922787804,216.54604101538953
2026-01-02 05:11:30,app-pod-1,53.42650796453914,55.48782362014948,226.68408134820933
2026-01-02 05:11:45,app-pod-1,50.14934236081324,49.15364128882038,219.6687933243667
2026-01-02 05:12:00,app-pod-1,48.77610415162793,54.968025836526145,202.94831512416297
2026-01-02 05:12:15,app-pod-1,51.08729403317008,52.77494078364905,213.31379384737016
2026-01-02 05:12:30,app-pod-1,49.03062722863727,57.67588042079524,220.97663702704347
2026-01-02 05:12:45,app-pod-1,54.61737634491645,60.82014090951741,229.88686016436748
2026-01-02 05:13:00,app-pod-1,49.81631968422271,62.999770837774946,187.26139174608335
2026-01-02 05:13:15,app-pod-1,48.36841267531057,52.799723155854,212.47327922985616
2026-01-02 05:13:30,app-pod-1,48.210903132959245,49.731383437847384,190.9877931842443
2026-01-02 05:13:45,app-pod-1,45.95502614384646,44.819806624928944,184.31934970442757
2026-01-02 05:14:00,app-pod-1,51.26817147669656,66.85443696406165,206.6758923181406
2026-01-02 05:14:15,app-pod-1,47.14279835699509,56.31049883247722,203.10421144281844
2026-01-02 05:14:30,app-pod-1,52.90159126833518,53.569014281935665,237.83915868818428
2026-01-02 05:14:45,app-pod-1,45.73263256585294,60.47861824243273,183.296851895102
2026-01-02 05:15:00,app-pod-1,49.997429954984355,61.77901288791921,225.9586514716247
2026-01-02 05:15:15,app-pod-1,53.070621422806745,50.39304748368903,214.75131038278565
2026-01-02 05:15:30,app-pod-1,43.16743014668544,46.449826727259946,193.70223974258639
2026-01-02 05:15:45,app-pod-1,55.68316581414423,58.31659184409911,225.70915932958872
2026-01-02 05:16:00,app-pod-1,48.356688077358946,48.49925617414145,186.04039746257519
2026-01-02 05:16:15,app-pod-1,50.05998094063232,54.55908934388835,229.07140977903057
2026-01-02 05:16:30,app-pod-1,51.35517022995511,59.50842889316751,196.6024089381145
2026-01-02 05:16:45,app-pod-1,51.82331411016879,49.410015585506684,197.47112026814295
2026-01-02 05:17:00,app-pod-1,50.47065976928924,56.79446457837215,183.04203464399214
2026-01-02 05:17:15,app-pod-1,52.64521933773334,62.69414341357685,229.58989013896877
2026-01-02 05:17:30,app-pod-1,51.21431197207146,57.85111957680263,227.4089573797857
2026-01-02 05:17:45,app-pod-1,54.94375410988207,58.082546103016995,225.37196405982968
2026-01-02 05:18:00,app-pod-1,51.23208077984288,52.521947748008735,190.170226078801
2026-01-02 05:18:15,app-pod-1,55.56296877269234,63.04828750138139,222.15019330474547
2026-01-02 05:18:30,app-pod-1,52.37623939107321,50.77876701351107,204.9656672991713
2026-01-02 05:18:45,app-pod-1,44.259669741236756,52.195727874341344,161.581650008687
2026-01-02 05:19:00,app-pod-1,57.51412198808934,60.38746405692911,222.72311450456604
2026-01-02 05:19:15,app-pod-1,47.96165204344807,59.20121156146219,199.43264294324783
2026-01-02 05:19:30,app-pod-1,54.17516340740303,55.00887057983767,207.62312122185926
2026-01-02 05:19:45,app-pod-1,49.772735256460855,52.35223562005701,203.46694927310978
2026-01-02 05:20:00,app-pod-1,52.8794258330519,50.80627372997921,184.87287033608757
2026-01-02 05:20:15,app-pod-1,47.63449502410348,55.53056788987448,215.72569596336638
2026-01-02 05:20:30,app-pod-1,51.580918641247465,53.98756383371198,200.4525008870827
2026-01-02 05:20:45,app-pod-1,48.94784318542843,49.95312034345064,208.8451060013239
2026-01-02 05:21:00,app-pod-1,54.44813051593122,54.27961002776544,220.6227973852745
2026-01-02 05:21:15,app-pod-1,51.030808588469206,58.407093494242986,210.16070611717936
2026-01-02 05:21:30,app-pod-1,52.52629145630389,51.2536015207974,193.12539992306407
2026-01-02 05:21:45,app-pod-1,43.22986890093096,45.190078405753255,161.51109084092317
2026-01-02 05:22:00,app-pod-1,49.46899399137875,59.11010292155204,186.8081747548877
2026-01-02 05:22:15,app-pod-1,50.96095597945886,54.84206630647383,204.22403530844707
2026-01-02 05:22:30,app-pod-1,50.403711361016704,60.059823382633226,221.50717915163224
2026-01-02 05:22:45,app-pod-1,52.61988036989628,55.03713718238157,216.97834407765566
2026-01-02 05:23:00,app-pod-1,48.642214595792275,54.043920720071426,181.06375280143348
2026-01-02 05:23:15,app-pod-1,49.889783760000384,55.70434499168135,200.8691446689226
2026-01-02 05:23:30,app-pod-1,53.290574358904394,64.23983338696719,211.95278991271522
2026-01-02 05:23:45,app-pod-1,42.914275179026426,56.56935675636985,166.39412420262448
2026-01-02 05:24:00,app-pod-1,51.52181831681777,61.83145801273412,205.85602537997548
2026-01-02 05:24:15,app-pod-1,48.75551345122454,50.984765066180216,206.47773262499183
2026-01-02 05:24:30,app-pod-1,47.02359116356193,47.982365967577266,177.29546837701116
2026-01-02 05:24:45,app-pod-1,50.77353230476443,59.34542992863963,197.9057641640676
2026-01-02 05:25:00,app-pod-1,53.449584099781184,64.2985073813509,228.53014844251695
2026-01-02 05:25:15,app-pod-1,52.887968759968416,62.835671792571574,218.58631664021365
2026-01-02 05:25:30,app-pod-1,49.368481703763464,54.62318347930152,216.6606040192866
2026-01-02 05:25:45,app-pod-1,52.40430368963339,60.32205530711411,231.15496052248318
2026-01-02 05:26:00,app-pod-1,52.38452096257586,60.39610293922875,189.12996704747272
2026-01-02 05:26:15,app-pod-1,49.52141638781612,55.409705428368305,202.41013236542048
2026-01-02 05:26:30,app-pod-1,47.70747793473466,54.357102677999265,183.21056232566085
2026-01-02 05:26:45,app-pod-1,47.88418334428725,54.009905025015094,173.55594735686884
2026-01-02 05:27:00,app-pod-1,52.30658778299781,52.674128781703956,197.38845037050885
2026-01-02 05:27:15,app-pod-1,49.66970604203965,51.338532041647994,194.16729892981613
2026-01-02 05:27:30,app-pod-1,46.66069501510439,49.155034703024874,182.22496978286438
2026-01-02 05:27:45,app-pod-1,44.74772479953834,43.32722347576431,169.88756887468793
2026-01-02 05:28:00,app-pod-1,52.30085573112054,57.32489864852643,208.9988019977051
2026-01-02 05:28:15,app-pod-1,48.168050610173644,53.51476856293375,229.3718954090342
2026-01-02 05:28:30,app-pod-1,50.80255007583949,59.37160573150615,177.33192137815914
2026-01-02 05:28:45,app-pod-1,53.53348488818362,63.7770258366241,231.19159331255037
2026-01-02 05:29:00,app-pod-1,45.89054451717719,58.744852986256674,183.28656336853993
2026-01-02 05:29:15,app-pod-1,49.684836006102444,61.87171249582046,192.17116131705112
2026-01-02 05:29:30,app-pod-1,49.311072324542984,50.73234549073504,166.9711381568287
2026-01-02 05:29:45,app-pod-1,50.965266417838734,48.515890102551296,215.3025153599677
2026-01-02 05:30:00,app-pod-1,53.54637722273751,62.13618194624342,192.57099643106034
2026-01-02 05:30:15,app-pod-1,45.84337762537397,59.001031528766276,195.79191906781494
2026-01-02 05:30:30,app-pod-1,51.54393915935271,63.860719647599026,232.29571967231715
2026-01-02 05:30:45,app-pod-1,52.93190528073362,59.477314744975416,192.48556466903665
2026-01-02 05:31:00,app-pod-1,49.28096780172395,44.51315772318863,214.64927998125683
2026-01-02 05:31:15,app-pod-1,49.430499444791224,56.42939692852182,198.1035882503719
2026-01-02 05:31:30,app-pod-1,51.10090634907411,58.54783878389892,172.9905559186771
2026-01-02 05:31:45,app-pod-1,50.88270367997594,61.8782676822761,185.45856189569062
2026-01-02 05:32:00,app-pod-1,51.59798085492781,63.26673006836564,209.06532305928937
2026-01-02 05:32:15,app-pod-1,51.53741157770482,60.62435512132005,212.1673949953137
2026-01-02 05:32:30,app-pod-1,46.910276423334146,49.900799004854626,163.93073685935155
2026-01-02 05:32:45,app-pod-1,52.82959254785953,51.835128210738375,211.79394659624268
2026-01-02 05:33:00,app-pod-1,53.36171862566924,60.02300879705,225.8002139078988
2026-01-02 05:33:15,app-pod-1,50.42217027124816,51.33344363774588,216.66731387628224
2026-01-02 05:33:30,app-pod-1,45.38398448529475,59.144474673918175,175.34339843219237
2026-01-02 05:33:45,app-pod-1,49.52471846238861,46.144508236912415,204.67590552790307
2026-01-02 05:34:00,app-pod-1,50.45465474435346,58.15269138302076,217.90514977437826
2026-01-02 05:34:15,app-pod-1,46.44009428805907,54.10574087535379,198.54721684051634
2026-01-02 05:34:30,app-pod-1,48.79591505039652,53.12330719762175,208.55521843152295
2026-01-02 05:34:45,app-pod-1,45.65063166708369,47.32986079543487,184.30512590284104
2026-01-02 05:35:00,app-pod-1,51.70300343940573,45.883220895368694,205.39424770198414
2026-01-02 05:35:15,app-pod-1,50.38135598705472,52.60980576057488,205.60712755454261
2026-01-02 05:35:30,app-pod-1,44.948480166211,48.89452021017776,168.337389879816
2026-01-02 05:35:45,app-pod-1,50.9425402013239,61.218461435169004,220.4515857014412
2026-01-02 05:36:00,app-pod-1,49.72091106519459,50.89035955423559,175.92757590925703
2026-01-02 05:36:15,app-pod-1,51.44194937855183,58.273217632805235,198.20314283542126
2026-01-02 05:36:30,app-pod-1,48.72035418138169,47.6430489097582,194.33777447514154
2026-01-02 05:36:45,app-pod-1,47.492734559543145,55.64615516209814,197.0161307222204
2026-01-02 05:37:00,app-pod-1,47.58683648564481,42.12228377902803,200.21027366761223
2026-01-02 05:37:15,app-pod-1,48.287033640125856,64.27740443774157,215.48292691994158
2026-01-02 05:37:30,app-pod-1,49.96016982318708,54.26678124224169,201.00696099982147
2026-01-02 05:37:45,app-pod-1,50.349696489752624,41.272283920831796,190.6289982115661
2026-01-02 05:38:00,app-pod-1,49.33576433391927,50.946287655944104,195.1675063629396
2026-01-02 05:38:15,app-pod-1,48.640044505548126,49.669719988454354,189.76921467904208
2026-01-02 05:38:30,app-pod-1,48.8578488425701,50.92140353046756,203.23039732082202
2026-01-02 05:38:45,app-pod-1,57.43726480356507,58.382878383501335,213.74407425014576
2026-01-02 05:39:00,app-pod-1,47.60392309699861,50.00966040127106,187.7842465711299
2026-01-02 05:39:15,app-pod-1,48.24416693190537,49.68885646699269,217.31659800549676
2026-01-02 05:39:30,app-pod-1,59.80160598793958,56.067709431563486,241.9042059157784
2026-01-02 05:39:45,app-pod-1,51.185020572415404,59.93846152035622,188.9460903533005
2026-01-02 05:40:00,app-pod-1,45.783951964123816,58.0544444510679,178.03903860085452
2026-01-02 05:40:15,app-pod-1,52.45384516289377,55.4448224978442,176.32063148853862
2026-01-02 05:40:30,app-pod-1,47.19753276256307,52.95008968363277,187.90722980026112
2026-01-02 05:40:45,app-pod-1,52.65667612064355,51.2280189834876,235.34192489667817
2026-01-02 05:41:00,app-pod-1,49.298423211843186,54.86399973997235,179.39464833654657
2026-01-02 05:41:15,app-pod-1,48.613717237715385,55.17942087716987,172.61416588415076
2026-01-02 05:41:30,app-pod-1,54.76237071026057,57.23666644861328,209.2505825897848
2026-01-02 05:41:45,app-pod-1,51.63582715860825,58.125453899873015,220.3630537393757
2026-01-02 05:42:00,app-pod-1,52.85731498701018,58.543664401162246,236.99882371099366
2026-01-02 05:42:15,app-pod-1,51.24480556238289,50.60066694821513,211.70240450872492
2026-01-02 05:42:30,app-pod-1,48.60838907471003,59.99110992094181,175.14491048218085
2026-01-02 05:42:45,app-pod-1,51.777438300241585,55.20597551102123,206.7763801115657
2026-01-02 05:43:00,app-pod-1,53.572649880043095,65.87871292561509,241.13198175152831
2026-01-02 05:43:15,app-pod-1,50.350822762272315,57.34767888068674,196.7397805208121
2026-01-02 05:43:30,app-pod-1,55.35311763978656,68.60184799970975,223.5195581367778
2026-01-02 05:43:45,app-pod-1,52.50120889479612,62.627192072889514,213.6132296391704
2026-01-02 05:44:00,app-pod-1,50.58722865451132,56.54700819886223,179.16097023054044
2026-01-02 05:44:15,app-pod-1,50.70725057799376,51.87954107149751,217.79820300127844
2026-01-02 05:44:30,app-pod-1,50.36598860952801,51.74835465282213,214.27038068055893
2026-01-02 05:44:45,app-pod-1,46.20202335969749,55.00658777670085,154.90498747099602
2026-01-02 05:45:00,app-pod-1,49.686961877346256,55.496503733096965,178.78807323385155
2026-01-02 05:45:15,app-pod-1,50.62215292180545,52.49037586530838,187.9431098101881
2026-01-02 05:45:30,app-pod-1,48.711729354028805,58.26351028587037,206.07215610999833
2026-01-02 05:45:45,app-pod-1,50.97438327537001,55.875924944539165,192.63085204889427
2026-01-02 05:46:00,app-pod-1,50.02661843950267,59.21368198415549,206.12674024684466
2026-01-02 05:46:15,app-pod-1,52.28509163707,51.72221381244121,206.41374161826934
2026-01-02 05:46:30,app-pod-1,51.95464934689151,61.365612882864895,208.88617368231314
2026-01-02 05:46:45,app-pod-1,50.46804454941131,57.83260903132432,209.31120964137506
2026-01-02 05:47:00,app-pod-1,45.86619473724098,58.0941846383782,187.54979076997964
2026-01-02 05:47:15,app-pod-1,55.34122659172251,63.62601111778744,221.08032823338257
2026-01-02 05:47:30,app-pod-1,49.54458658308184,54.25644360461772,203.08455277184066
2026-01-02 05:47:45,app-pod-1,49.72877765798105,53.98327165737015,202.16969178974998
2026-01-02 05:48:00,app-pod-1,48.945028148993316,63.176674667250026,192.63510802655136
2026-01-02 05:48:15,app-pod-1,48.50848563730099,52.5030975992009,187.5654114726098
2026-01-02 05:48:30,app-pod-1,54.607000892941905,61.967069119248556,246.63464584219707
2026-01-02 05:48:45,app-pod-1,54.13404208526169,55.98689449873447,209.89559496310758
2026-01-02 05:49:00,app-pod-1,51.310147940432024,46.60768815761417,225.74551667713368
2026-01-02 05:49:15,app-pod-1,49.65550210117521,48.62215598179287,188.34507120467686
2026-01-02 05:49:30,app-pod-1,51.836367582218465,58.31506173186284,219.49808805349338
2026-01-02 05:49:45,app-pod-1,50.2013918619335,58.64663280137896,227.56194089741365
2026-01-02 05:50:00,app-pod-1,49.41029567666786,56.6332740197683,192.57858540350875
2026-01-02 05:50:15,app-pod-1,50.996221935585,61.42710286187701,193.9740054061872
2026-01-02 05:50:30,app-pod-1,48.6593468929574,56.01784360124082,188.19894326164842
2026-01-02 05:50:45,app-pod-1,50.74050511074072,51.64218004584808,202.67150592317006
2026-01-02 05:51:00,app-pod-1,50.597243501679365,58.38958135854437,207.21704408309688
2026-01-02 05:51:15,app-pod-1,51.794233414786284,57.10400319500021,206.5769758146894
2026-01-02 05:51:30,app-pod-1,48.128835323892716,50.812394701977205,186.21557290154985
2026-01-02 05:51:45,app-pod-1,52.117452318388445,58.84481313020622,237.78793714070335
2026-01-02 05:52:00,app-pod-1,47.2688820615304,53.48506827315851,186.06894586433418
2026-01-02 05:52:15,app-pod-1,48.27086608240497,50.76460350324675,183.78194367252706
2026-01-02 05:52:30,app-pod-1,48.40251657209008,52.99243273264815,206.06773380206863
2026-01-02 05:52:45,app-pod-1,46.77383835917321,59.809522529131954,199.79189042909712
2026-01-02 05:53:00,app-pod-1,53.03765866689125,64.0308001471721,233.33797532118274
2026-01-02 05:53:15,app-pod-1,47.08416874147103,53.899638815382424,217.2546313516241
2026-01-02 05:53:30,app-pod-1,47.89520772321411,53.8129811956863,196.7749111964349
2026-01-02 05:53:45,app-pod-1,53.75878664362496,50.46592071421827,210.71133289135116
2026-01-02 05:54:00,app-pod-1,48.28139839395019,62.393804442596554,164.59203757021308
2026-01-02 05:54:15,app-pod-1,49.42927764136447,59.78220378579496,183.64933929023707
2026-01-02 05:54:30,app-pod-1,46.95815410055286,56.630465723908635,190.9610429272049
2026-01-02 05:54:45,app-pod-1,52.49360634131327,45.371870853466085,192.26029766671573
2026-01-02 05:55:00,app-pod-1,52.53544927417138,56.97942774519894,186.3649707763137
2026-01-02 05:55:15,app-pod-1,52.21254228455127,55.91313605759045,209.83758756247815
2026-01-02 05:55:30,app-pod-1,51.608734294223126,59.54019119745917,218.0863254630267
2026-01-02 05:55:45,app-pod-1,50.21732858651387,52.89697594283073,197.1721436577177
2026-01-02 05:56:00,app-pod-1,48.42382390231387,52.738125649352114,207.14710965015973
2026-01-02 05:56:15,app-pod-1,47.552414838193165,56.38375508150873,199.45840381163373
2026-01-02 05:56:30,app-pod-1,53.86738439849177,53.839277243500845,232.70803729044698
2026-01-02 05:56:45,app-pod-1,52.29240189794359,53.73446791151391,241.77118446770822
2026-01-02 05:57:00,app-pod-1,47.91837386987887,54.50949490772001,230.8838950895519
2026-01-02 05:57:15,app-pod-1,50.11805552867115,61.77506738681767,211.44728886225025
2026-01-02 05:57:30,app-pod-1,49.09846482104796,58.41127406085031,189.4961064355603
2026-01-02 05:57:45,app-pod-1,46.61440406206931,58.00710318811101,187.38515454610075
2026-01-02 05:58:00,app-pod-1,50.532192591147336,55.68911884487959,225.72758914149836
2026-01-02 05:58:15,app-pod-1,48.75293895333531,61.60244738624959,181.6133814839527
2026-01-02 05:58:30,app-pod-1,47.14196163439553,44.29346102157032,210.28276298722156
2026-01-02 05:58:45,app-pod-1,45.56230486036315,62.00480949426094,179.70035854268482
2026-01-02 05:59:00,app-pod-1,45.30839911379768,62.474674255558554,184.64048572737823
2026-01-02 05:59:15,app-pod-1,48.88561452495001,56.50301191514945,183.427144673396
2026-01-02 05:59:30,app-pod-1,49.74466749227229,58.98258043176816,179.12279193021715
2026-01-02 05:59:45,app-pod-1,47.37408567039627,52.97186064925099,185.31380256816587
2026-01-02 06:00:00,app-pod-1,51.952218282971685,55.3187109827135,227.35404854691996
2026-01-02 06:00:15,app-pod-1,49.80334847553433,51.80799205605234,188.6839854978614
2026-01-02 06:00:30,app-pod-1,51.73060833534299,55.966365753417975,231.11025074168026
2026-01-02 06:00:45,app-pod-1,49.451160537470805,57.39547975425808,189.2115414309056
2026-01-02 06:01:00,app-pod-1,47.63845670879337,55.44633893197247,174.5304194894566
2026-01-02 06:01:15,app-pod-1,50.342055236204274,65.17245402379918,205.17277667353318
2026-01-02 06:01:30,app-pod-1,46.21154809722762,52.84945639707209,195.03227220582178
2026-01-02 06:01:45,app-pod-1,51.61773250796284,48.688269948848834,209.292248779659
2026-01-02 06:02:00,app-pod-1,47.187790841744025,61.2530066953379,191.0154643008558
2026-01-02 06:02:15,app-pod-1,52.75373375878691,50.82284223985199,235.05933819926773
2026-01-02 06:02:30,app-pod-1,48.983442861277254,51.491455375366954,197.35748965749093
2026-01-02 06:02:45,app-pod-1,53.186160772931494,58.58902824780656,205.68854131059237
2026-01-02 06:03:00,app-pod-1,46.63041698571519,54.727167301316754,169.5271247941161
2026-01-02 06:03:15,app-pod-1,47.96467998057736,46.348084391751385,210.9632552637645
2026-01-02 06:03:30,app-pod-1,51.14047265875248,52.065969679258636,198.17672028859724
2026-01-02 06:03:45,app-pod-1,53.5088140384715,50.052257520567366,209.11371132958544
2026-01-02 06:04:00,app-pod-1,54.99678062807259,61.606311756263615,235.76531358833296
2026-01-02 06:04:15,app-pod-1,50.120659744498056,61.001361244663066,231.2948558996519
2026-01-02 06:04:30,app-pod-1,55.50938170200156,52.74737697016852,225.80750551546842
2026-01-02 06:04:45,app-pod-1,49.12671092270463,59.366997411132566,194.45186959484874
2026-01-02 06:05:00,app-pod-1,53.2915434086871,61.95797410770428,213.08138650715182
2026-01-02 06:05:15,app-pod-1,47.168209727567294,49.722392859739585,181.8397646392197
2026-01-02 06:05:30,app-pod-1,51.25484262389223,45.96549465738542,199.68166001054396
2026-01-02 06:05:45,app-pod-1,42.96862657420942,44.72175850597295,166.6171678363922
2026-01-02 06:06:00,app-pod-1,46.62837346455177,49.66357349064228,200.17441502827202
2026-01-02 06:06:15,app-pod-1,51.39259390640733,63.6831699685311,204.24781673711843
2026-01-02 06:06:30,app-pod-1,46.05464017883255,51.646735250101685,204.60824690447032
2026-01-02 06:06:45,app-pod-1,51.27217500240798,50.85638262173406,203.34454260971523
2026-01-02 06:07:00,app-pod-1,52.71004617917134,57.63627510017964,205.33474745254637
2026-01-02 06:07:15,app-pod-1,48.486033098139416,47.46348481436967,213.11225745415572
2026-01-02 06:07:30,app-pod-1,47.08243288250472,55.529403268785046,188.6529818244139
2026-01-02 06:07:45,app-pod-1,48.566006189704474,49.10788403643431,192.36751075237436
2026-01-02 06:08:00,app-pod-1,47.09037958282936,48.80064700702766,188.8649279735566
2026-01-02 06:08:15,app-pod-1,49.683402585711065,56.6558420521572,220.73335304051932
2026-01-02 06:08:30,app-pod-1,50.29251807098379,63.955931063699744,205.76123826074598
2026-01-02 06:08:45,app-pod-1,49.06739498172208,65.33611428838493,215.01183976074108
2026-01-02 06:09:00,app-pod-1,55.00765844537492,53.30603338286473,216.5112677491155
2026-01-02 06:09:15,app-pod-1,47.8255008596695,50.49481896819206,207.64306204710823
2026-01-02 06:09:30,app-pod-1,54.15711967155968,60.48764519527857,220.19375123258294
2026-01-02 06:09:45,app-pod-1,46.858186462129666,58.64467726503429,200.67138077822605
2026-01-02 06:10:00,app-pod-1,50.1992971414618,44.319089551084645,215.29688211604665
2026-01-02 06:10:15,app-pod-1,53.52931714226959,57.907206094120205,199.99297563347974
2026-01-02 06:10:30,app-pod-1,53.373085083937156,54.92544467593653,214.57170443150957
2026-01-02 06:10:45,app-pod-1,48.717228871366686,44.48195421480512,209.22688477372458
2026-01-02 06:11:00,app-pod-1,51.642176889913046,49.46368492297728,223.31598810571
2026-01-02 06:11:15,app-pod-1,51.23944637509613,53.02874016436255,223.75930265227342
2026-01-02 06:11:30,app-pod-1,48.35500921316211,54.14258154912575,194.99095272918584
2026-01-02 06:11:45,app-pod-1,51.821570416941825,61.31561359318,230.38942478470892
2026-01-02 06:12:00,app-pod-1,55.560067211248594,60.66378762328434,212.3821703007611
2026-01-02 06:12:15,app-pod-1,51.38653901425433,60.7082744958163,183.12467851165198
2026-01-02 06:12:30,app-pod-1,51.66932871600728,56.302151780441406,202.51315145624497
2026-01-02 06:12:45,app-pod-1,51.98552331028112,52.86513658251179,225.8797275063213
2026-01-02 06:13:00,app-pod-1,45.584903589081556,50.990682743004214,166.04650678944995
2026-01-02 06:13:15,app-pod-1,51.34725870627565,59.42066783173901,183.3411646319363
2026-01-02 06:13:30,app-pod-1,46.91503347917873,58.00333428205903,161.85249909854667
2026-01-02 06:13:45,app-pod-1,48.1943551416803,52.99667517695697,203.81658482959588
2026-01-02 06:14:00,app-pod-1,56.44852131200285,54.8683886064868,204.08001436879738
2026-01-02 06:14:15,app-pod-1,49.20156739027949,56.11938797063183,205.04172445137274
2026-01-02 06:14:30,app-pod-1,47.73946240494571,55.8075285026731,186.03655086518017
2026-01-02 06:14:45,app-pod-1,53.41634120248613,63.55503427200588,202.1063920552264
2026-01-02 06:15:00,app-pod-1,47.114147456244936,49.586088854573426,173.47575494362027
2026-01-02 06:15:15,app-pod-1,48.613482283913434,50.69045132741097,197.54829174580792
2026-01-02 06:15:30,app-pod-1,53.70143372658364,61.371804596306426,203.49336769262166
2026-01-02 06:15:45,app-pod-1,50.08109368086419,53.019597721559386,200.2497825780468
2026-01-02 06:16:00,app-pod-1,45.266489869816894,49.43812199547631,187.0870552808658
2026-01-02 06:16:15,app-pod-1,51.581716128158256,62.377900640411994,215.51678302509666
2026-01-02 06:16:30,app-pod-1,48.758792180607514,47.27612649501939,209.04997489952518
2026-01-02 06:16:45,app-pod-1,54.566163091310386,68.47732986279482,220.7355775445484
2026-01-02 06:17:00,app-pod-1,48.12644285908731,50.62533293582198,176.75442065170526
2026-01-02 06:17:15,app-pod-1,53.09705296064474,61.501579086454875,219.37412186638306
2026-01-02 06:17:30,app-pod-1,55.26881674318648,58.144173410603656,230.91832160677495
2026-01-02 06:17:45,app-pod-1,47.38721685238834,54.52786322103252,186.8254789511222
2026-01-02 06:18:00,app-pod-1,49.358707612387974,53.23716282986277,193.11628352333386
2026-01-02 06:18:15,app-pod-1,51.10249892306386,60.054632506309574,241.5376564727158
2026-01-02 06:18:30,app-pod-1,47.3628385461153,51.41736761218287,170.055586659909
2026-01-02 06:18:45,app-pod-1,50.7439896263071,52.65606037918946,210.3810740843717
2026-01-02 06:19:00,app-pod-1,49.25654918743725,63.54629356055603,212.71666844549625
2026-01-02 06:19:15,app-pod-1,49.19428888244817,54.582915702782174,191.6581769114496
2026-01-02 06:19:30,app-pod-1,50.074464608290846,51.67364742070589,197.770107154651
2026-01-02 06:19:45,app-pod-1,50.139577697697675,47.646271438828876,194.53631132985308
2026-01-02 06:20:00,app-pod-1,50.415536269063026,64.618765543524,201.6654797692133
2026-01-02 06:20:15,app-pod-1,48.12550162866339,50.928224257788116,205.99439495496176
2026-01-02 06:20:30,app-pod-1,48.254528489785876,64.08736113535585,190.044994650617
2026-01-02 06:20:45,app-pod-1,49.56232019106945,56.687895890813024,244.9081628502234
2026-01-02 06:21:00,app-pod-1,49.78182562778585,55.56170394096235,192.3362386230012
2026-01-02 06:21:15,app-pod-1,48.59754242720443,54.867498760683084,215.0528971938026
2026-01-02 06:21:30,app-pod-1,50.8838775728446,66.69846899737469,211.6943832269692
2026-01-02 06:21:45,app-pod-1,44.4657179065121,40.164909687454156,179.48996844319902
2026-01-02 06:22:00,app-pod-1,47.71652519061672,54.47327523096923,212.92751717783085
2026-01-02 06:22:15,app-pod-1,49.06603761486968,53.02020829275849,172.26300677462672
2026-01-02 06:22:30,app-pod-1,47.33534897235212,52.06927735523117,195.71907276640727
2026-01-02 06:22:45,app-pod-1,54.789138334197744,59.09895609464794,208.41085426186865
2026-01-02 06:23:00,app-pod-1,49.95595590519309,53.63789838615453,193.28400459419476
2026-01-02 06:23:15,app-pod-1,50.427481796449925,56.23989059345647,194.46489280525958
2026-01-02 06:23:30,app-pod-1,48.445259358751585,53.793794240350834,179.32367303817023
2026-01-02 06:23:45,app-pod-1,49.845369769169736,48.32396794749556,174.59277633132874
2026-01-02 06:24:00,app-pod-1,46.244677514457265,54.27810444917448,190.8104735907095
2026-01-02 06:24:15,app-pod-1,49.378694508292746,58.14535841430283,196.52672978197984
2026-01-02 06:24:30,app-pod-1,47.07480437486647,50.24203497486611,183.79034778996302
2026-01-02 06:24:45,app-pod-1,49.051279288080075,63.6753758927764,207.59273747351676
2026-01-02 06:25:00,app-pod-1,42.2013770655389,56.218822674197696,175.5845305914135
2026-01-02 06:25:15,app-pod-1,46.494730204428734,56.76607263895597,181.97637399903581
2026-01-02 06:25:30,app-pod-1,54.26810845467057,62.14677963840947,262.8362890520932
2026-01-02 06:25:45,app-pod-1,52.36508824874216,56.80604653716895,224.73018373307735
2026-01-02 06:26:00,app-pod-1,53.82855512127745,63.38684910856632,251.9862311067484
2026-01-02 06:26:15,app-pod-1,54.03211938940166,65.67625663289166,209.90415369450645
2026-01-02 06:26:30,app-pod-1,51.88541267743718,60.35990893826577,211.28713752520153
2026-01-02 06:26:45,app-pod-1,48.505315534039866,51.10230416476608,175.4472232035995
2026-01-02 06:27:00,app-pod-1,46.74961630030166,52.52632421877816,182.04129047972475
2026-01-02 06:27:15,app-pod-1,53.29902687109379,60.177668974646096,204.4367183648794
2026-01-02 06:27:30,app-pod-1,50.04989726334327,59.22365260457101,245.13216775322562
2026-01-02 06:27:45,app-pod-1,57.335638447646886,59.74756084063507,218.95539432500098
2026-01-02 06:28:00,app-pod-1,48.75562910479418,51.29489763782057,191.5120091670504
2026-01-02 06:28:15,app-pod-1,55.76694001064802,66.95789294434277,201.26270543965617
2026-01-02 06:28:30,app-pod-1,49.37518287003207,49.20102943642766,205.50658199651127
2026-01-02 06:28:45,app-pod-1,53.85098621524669,52.9890315725081,201.9005637096342
2026-01-02 06:29:00,app-pod-1,54.930174205291664,51.81548289619709,233.4988827565617
2026-01-02 06:29:15,app-pod-1,46.76848417121038,48.02018482172565,160.24906757162415
2026-01-02 06:29:30,app-pod-1,48.3795510783628,60.102410140448974,191.6938549619708
2026-01-02 06:29:45,app-pod-1,46.7327953922656,59.117120557151935,159.24418306275464
2026-01-02 06:30:00,app-pod-1,46.13906376270154,51.92711696156523,177.19856069953016
2026-01-02 06:30:15,app-pod-1,51.82723834252969,58.76063881755468,203.0007606098619
2026-01-02 06:30:30,app-pod-1,49.23326965245253,54.41076586859718,187.94760664495726
2026-01-02 06:30:45,app-pod-1,49.97734711721139,49.0242588522832,192.40614448198608
2026-01-02 06:31:00,app-pod-1,51.48603535265749,67.13075978523241,220.51166545099025
2026-01-02 06:31:15,app-pod-1,44.24220366583151,57.84324239143194,209.58562944146718
2026-01-02 06:31:30,app-pod-1,53.67168482074271,59.34227640116844,219.77634730636416
2026-01-02 06:31:45,app-pod-1,48.76110338694656,49.85332275890124,182.14375968253108
2026-01-02 06:32:00,app-pod-1,51.40256529354498,54.857123819632584,206.5714227638707
2026-01-02 06:32:15,app-pod-1,51.66445182375136,52.7029885195261,201.34376980387697
2026-01-02 06:32:30,app-pod-1,53.91163135658768,58.22605315425371,228.98741839531905
2026-01-02 06:32:45,app-pod-1,49.481574319828624,56.18671789687677,202.24421568191087
2026-01-02 06:33:00,app-pod-1,43.42211535926461,48.68985328243341,150.02153721537928
2026-01-02 06:33:15,app-pod-1,49.96126827801492,47.70082403007543,216.31410542792554
2026-01-02 06:33:30,app-pod-1,50.38884016518409,65.93248304420828,216.0579687539999
2026-01-02 06:33:45,app-pod-1,46.68074762187528,53.86415706946945,209.1484210410192
2026-01-02 06:34:00,app-pod-1,50.22278923053715,57.43891246234814,193.14454340968635
2026-01-02 06:34:15,app-pod-1,48.69402549417166,51.97377091554523,199.29070863041335
2026-01-02 06:34:30,app-pod-1,45.74555894863582,44.211835687399,165.210585667647
2026-01-02 06:34:45,app-pod-1,51.78499195054372,55.83299171089141,206.37129568162743
2026-01-02 06:35:00,app-pod-1,48.076054756661826,52.03712828472877,198.25899909063298
2026-01-02 06:35:15,app-pod-1,48.54476198772529,57.52900529500559,184.63821138047325
2026-01-02 06:35:30,app-pod-1,48.372808995361545,58.39135416363393,198.62633570292917
2026-01-02 06:35:45,app-pod-1,53.463603721597636,61.249670003665194,216.37441629836803
2026-01-02 06:36:00,app-pod-1,49.63101832658258,59.68307450819355,191.77652645582634
2026-01-02 06:36:15,app-pod-1,49.98764165099996,64.00967819308296,220.91263769506833
2026-01-02 06:36:30,app-pod-1,48.42498560250024,55.84674861942794,190.18330087348673
2026-01-02 06:36:45,app-pod-1,51.13202291166121,61.288495142212014,206.52082251681517
2026-01-02 06:37:00,app-pod-1,53.787881476556656,60.1208199027683,193.14797716774467
2026-01-02 06:37:15,app-pod-1,51.67999118120224,46.67581682695197,214.50783080537605
2026-01-02 06:37:30,app-pod-1,51.793467525702155,55.482825854552964,200.02046447666572
2026-01-02 06:37:45,app-pod-1,51.547991691937014,51.74503664983699,220.55013130987618
2026-01-02 06:38:00,app-pod-1,45.58498410081114,53.0666555240896,162.67274287025162
2026-01-02 06:38:15,app-pod-1,47.09374302025276,49.01056931760874,194.83542634590185
2026-01-02 06:38:30,app-pod-1,49.103501351601814,57.40085539627295,163.68316252922676
2026-01-02 06:38:45,app-pod-1,47.5372119587385,58.181188861814924,199.386869310664
2026-01-02 06:39:00,app-pod-1,46.51751010689356,58.58010730492629,183.44800081599857
2026-01-02 06:39:15,app-pod-1,44.09088759899993,58.95992912692128,182.35385303321203
2026-01-02 06:39:30,app-pod-1,45.66409737257628,43.58474774044893,173.6539516958418
2026-01-02 06:39:45,app-pod-1,48.93035508467306,48.256248384537045,181.48193385785675
2026-01-02 06:40:00,app-pod-1,49.487875959787516,69.28058910301685,191.43395711880459
2026-01-02 06:40:15,app-pod-1,47.31319359871082,58.16685411839529,192.13295427837144
2026-01-02 06:40:30,app-pod-1,49.925306999847514,56.069954755128315,208.34978798430254
2026-01-02 06:40:45,app-pod-1,48.383183446154604,54.028415963867694,198.09038818631615
2026-01-02 06:41:00,app-pod-1,52.95253471504736,56.78247356505856,197.7587268826491
2026-01-02 06:41:15,app-pod-1,49.19204282646703,44.76569719084982,224.33336257480852
2026-01-02 06:41:30,app-pod-1,51.76199551456539,52.371751337078315,212.0401931520541
2026-01-02 06:41:45,app-pod-1,50.27870349992716,54.63585447742572,191.77934637108962
2026-01-02 06:42:00,app-pod-1,45.45888503354692,48.24192014618091,188.19884321168493
2026-01-02 06:42:15,app-pod-1,49.38913616257364,51.646715361054476,201.39635383537214
2026-01-02 06:42:30,app-pod-1,45.950227535319975,64.95881638462707,181.170911599211
2026-01-02 06:42:45,app-pod-1,49.328703071963474,53.271826942542425,192.92298254488213
2026-01-02 06:43:00,app-pod-1,47.41361550281813,54.58013089330635,204.4275304423701
2026-01-02 06:43:15,app-pod-1,50.79081604227655,56.766252654612195,229.08097864104798
2026-01-02 06:43:30,app-pod-1,45.613759541007475,54.87692917182065,151.9149816566879
2026-01-02 06:43:45,app-pod-1,49.680800269984225,52.39014635963844,217.18123471968266
2026-01-02 06:44:00,app-pod-1,51.349790416642854,62.17975953184341,205.69810451767066
2026-01-02 06:44:15,app-pod-1,52.351155890694656,58.863620091519934,212.954981720193
2026-01-02 06:44:30,app-pod-1,47.331668066903674,46.696345778209235,209.60130721886716
2026-01-02 06:44:45,app-pod-1,49.67320306393591,54.233722148606994,158.87067887236742
2026-01-02 06:45:00,app-pod-1,50.16814652679932,54.256960965400566,212.8944272460129
2026-01-02 06:45:15,app-pod-1,54.25281656648597,56.88614431988706,236.24872219196018
2026-01-02 06:45:30,app-pod-1,45.16315632952152,54.16069344178048,170.32337420833383
2026-01-02 06:45:45,app-pod-1,46.86952432970046,55.98229297668642,166.56880182299807
2026-01-02 06:46:00,app-pod-1,58.01188157062484,63.19158251350731,256.64645852520425
2026-01-02 06:46:15,app-pod-1,48.77484104757466,55.836965523690075,168.75348815327348
2026-01-02 06:46:30,app-pod-1,43.91676696147121,51.16992541131072,181.9468147765822
2026-01-02 06:46:45,app-pod-1,47.83769014280459,42.73034807940168,206.6973857670893
2026-01-02 06:47:00,app-pod-1,41.27428978529859,52.78146599439988,171.0461442199384
2026-01-02 06:47:15,app-pod-1,50.29921716434991,57.651222490577325,209.66635750730146
2026-01-02 06:47:30,app-pod-1,52.001331590853425,51.477125730241184,204.03003229479364
2026-01-02 06:47:45,app-pod-1,46.83248917562547,54.18565381492104,194.27076708073818
2026-01-02 06:48:00,app-pod-1,48.150780247921595,56.94523857894623,181.97609205388167
2026-01-02 06:48:15,app-pod-1,52.32936691314218,62.48679216532483,200.6333008486498
2026-01-02 06:48:30,app-pod-1,44.30318721208272,53.56373826432734,177.74593531091043
2026-01-02 06:48:45,app-pod-1,45.584525862272805,53.517177137672796,159.24044547182547
2026-01-02 06:49:00,app-pod-1,48.860276584106664,58.936055196378376,204.09670803535445
2026-01-02 06:49:15,app-pod-1,47.282976990861144,51.56538379263222,151.9208323514992
2026-01-02 06:49:30,app-pod-1,48.65371693399669,56.11761795177294,200.05709971658598
2026-01-02 06:49:45,app-pod-1,45.739379546051154,48.911999711216694,189.81059744730908
2026-01-02 06:50:00,app-pod-1,50.168860600163185,60.66968595822075,188.7576367539358
2026-01-02 06:50:15,app-pod-1,49.073487290866254,46.30288553232302,177.78445707860098
2026-01-02 06:50:30,app-pod-1,51.164001204625016,59.89848671398913,198.5334589879526
2026-01-02 06:50:45,app-pod-1,50.112848176058876,55.167538532481245,210.046551735464
2026-01-02 06:51:00,app-pod-1,50.12691662765832,59.915778292992286,205.69315324148602
2026-01-02 06:51:15,app-pod-1,45.16309787070784,47.711446657539,163.97939484948125
2026-01-02 06:51:30,app-pod-1,50.974944907679436,56.13237932945708,205.48499604038707
2026-01-02 06:51:45,app-pod-1,48.49969816586757,54.25293916476369,197.92814448663387
2026-01-02 06:52:00,app-pod-1,48.98760637275585,56.460742261181366,199.24397669347647
2026-01-02 06:52:15,app-pod-1,52.62727516101456,51.60128285947029,195.71023089026522
2026-01-02 06:52:30,app-pod-1,47.31923291599599,56.304538481618955,191.6124726175709
2026-01-02 06:52:45,app-pod-1,53.52612694807641,48.2388182232917,227.87068297068475
2026-01-02 06:53:00,app-pod-1,53.80101106732825,54.321497461542954,223.25847005693893
2026-01-02 06:53:15,app-pod-1,51.720926523104715,48.390998530477304,213.05590481603045
2026-01-02 06:53:30,app-pod-1,46.51567566176882,56.702069961666304,210.70294116263383
2026-01-02 06:53:45,app-pod-1,42.89360008749797,52.02617394879376,174.09126728557362
2026-01-02 06:54:00,app-pod-1,52.68390315073336,59.158925440007025,198.10697653874902
2026-01-02 06:54:15,app-pod-1,49.77644903483507,62.20946130562734,186.5246684573968
2026-01-02 06:54:30,app-pod-1,47.20157374665324,51.461393276848256,191.4467026407489
2026-01-02 06:54:45,app-pod-1,52.952702370149225,60.11482006616776,190.24765892243164
2026-01-02 06:55:00,app-pod-1,46.842164753631806,53.11962706342464,182.70391592358146
2026-01-02 06:55:15,app-pod-1,48.149178562729766,53.27325222056779,199.55931902536733
2026-01-02 06:55:30,app-pod-1,50.991095261489534,62.22689584343715,221.53155608747912
2026-01-02 06:55:45,app-pod-1,46.07037240098004,62.65865749769623,161.1212833949113
2026-01-02 06:56:00,app-pod-1,49.077471796698724,52.19689694337203,197.79605147132654
2026-01-02 06:56:15,app-pod-1,52.66803661563097,61.03622358854109,209.64860476124372
2026-01-02 06:56:30,app-pod-1,50.02864474809489,56.61563588690048,200.67716450861747
2026-01-02 06:56:45,app-pod-1,53.132255902334315,58.84814124388623,214.6525061931298
2026-01-02 06:57:00,app-pod-1,52.78542526815308,58.185686332874596,210.66669611597467
2026-01-02 06:57:15,app-pod-1,49.402451433688206,52.91632604627595,218.49293999273374
2026-01-02 06:57:30,app-pod-1,42.3636074780597,31.729622430033277,188.1143806586705
2026-01-02 06:57:45,app-pod-1,46.05108684504598,59.90980741452463,216.35368520874025
2026-01-02 06:58:00,app-pod-1,51.65295514471562,52.68340566293893,206.4532375873941
2026-01-02 06:58:15,app-pod-1,44.70672458337289,50.08692148360798,172.66655644117452
2026-01-02 06:58:30,app-pod-1,48.37190408144434,52.7588683569206,178.97118620293304
2026-01-02 06:58:45,app-pod-1,50.36190366409956,51.3343155986028,193.6560412866241
2026-01-02 06:59:00,app-pod-1,53.74963086556339,58.82594231587248,225.71709045357795
2026-01-02 06:59:15,app-pod-1,47.61029363017691,53.10564336401342,203.4690508476163
2026-01-02 06:59:30,app-pod-1,47.39930052619005,49.59683047418534,199.72992327428142
2026-01-02 06:59:45,app-pod-1,49.166814287140724,55.16328008425528,186.7002419153756
2026-01-02 07:00:00,app-pod-1,50.37125543521168,55.09464533985635,191.59889812901648
2026-01-02 07:00:15,app-pod-1,48.85011799541881,58.83427545323367,224.74743264333324
2026-01-02 07:00:30,app-pod-1,52.45498249549441,50.01657380843742,197.34003521534643
2026-01-02 07:00:45,app-pod-1,46.90404194714553,48.80588275854296,208.86403778795463
2026-01-02 07:01:00,app-pod-1,49.65622927671339,58.38584854788639,204.6935578302324
2026-01-02 07:01:15,app-pod-1,50.62563467742857,52.23922955695888,191.51355462315718
2026-01-02 07:01:30,app-pod-1,48.08352523368901,49.14145635085689,174.56681753361855
2026-01-02 07:01:45,app-pod-1,51.79755764328264,53.306835645254786,196.85643934299407
2026-01-02 07:02:00,app-pod-1,49.7194846878995,54.29874569808273,205.1424129621202
2026-01-02 07:02:15,app-pod-1,51.633304501496426,55.65741847071229,192.88879809537372
2026-01-02 07:02:30,app-pod-1,49.84321505830175,53.84045836029956,222.6890156589075
2026-01-02 07:02:45,app-pod-1,50.3842289019595,50.126134489128404,198.41900857882635
2026-01-02 07:03:00,app-pod-1,47.35192945852488,57.01214525723507,199.91441471025365
2026-01-02 07:03:15,app-pod-1,47.350856250339895,59.77669818652631,198.69909137593137
2026-01-02 07:03:30,app-pod-1,52.91040454486618,47.485139749472665,235.97012988894363
2026-01-02 07:03:45,app-pod-1,51.137767287220235,48.02873401393653,197.98151391666758
2026-01-02 07:04:00,app-pod-1,46.156338420099175,57.323721767944356,186.21658768957806
2026-01-02 07:04:15,app-pod-1,49.76179928150765,62.682241200184045,178.02627972317063
2026-01-02 07:04:30,app-pod-1,42.09183306655243,38.81838828806302,169.91455554205723
2026-01-02 07:04:45,app-pod-1,47.48527009371109,57.316871571991925,207.04125382103328
2026-01-02 07:05:00,app-pod-1,52.084080117578296,64.64825551454871,211.62839585051663
2026-01-02 07:05:15,app-pod-1,48.81944397700367,49.86154945473851,229.96781900213298
2026-01-02 07:05:30,app-pod-1,49.54247956734106,62.578074831604795,205.96556699992848
2026-01-02 07:05:45,app-pod-1,40.13343580108049,47.20343365635631,152.4275571540521
2026-01-02 07:06:00,app-pod-1,47.999633842955404,55.172929142934386,198.83500659191418
2026-01-02 07:06:15,app-pod-1,50.18500370735225,51.533336022411135,178.78909278947307
2026-01-02 07:06:30,app-pod-1,50.55982618974296,60.397020962927016,190.25459064861627
2026-01-02 07:06:45,app-pod-1,52.04477042181263,60.60359988334617,189.92394360796266
2026-01-02 07:07:00,app-pod-1,48.520653960776,62.58800455119231,194.32427918046838
2026-01-02 07:07:15,app-pod-1,48.64816091800369,61.25674948815371,193.68479599676957
2026-01-02 07:07:30,app-pod-1,45.14245442641459,51.553967877404034,198.6464624597032
2026-01-02 07:07:45,app-pod-1,48.518897682403015,69.50512145359158,192.58956340633466
2026-01-02 07:08:00,app-pod-1,45.341369932067316,58.49292219481562,166.3276829271218
2026-01-02 07:08:15,app-pod-1,43.57609482081863,53.20584654980132,197.69414501859444
2026-01-02 07:08:30,app-pod-1,45.85775438011684,47.11465607781372,139.2614055448613
2026-01-02 07:08:45,app-pod-1,53.63291178094424,49.89287460052279,215.10863050746983
2026-01-02 07:09:00,app-pod-1,48.2887152846039,46.57696141383943,196.4189735108637
2026-01-02 07:09:15,app-pod-1,49.75355008203755,50.15915762280355,198.85988725561361
2026-01-02 07:09:30,app-pod-1,47.54692562312099,60.16936121563583,197.68908069833665
2026-01-02 07:09:45,app-pod-1,43.70923498976992,53.031909059526555,176.49729322729016
2026-01-02 07:10:00,app-pod-1,51.88267838975366,53.25100895598527,215.02561310842955
2026-01-02 07:10:15,app-pod-1,42.55117286545795,49.106475951337025,161.17140202523672
2026-01-02 07:10:30,app-pod-1,47.39679483575097,51.889024370386245,167.70139327714412
2026-01-02 07:10:45,app-pod-1,48.89071112356478,58.22375113911366,194.86754521671867
2026-01-02 07:11:00,app-pod-1,49.739384923155136,50.42358063402944,183.55966955248903
2026-01-02 07:11:15,app-pod-1,46.86184474069188,54.551723249065525,176.5195063369538
2026-01-02 07:11:30,app-pod-1,43.52068400911652,51.96490768611507,191.50495465176846
2026-01-02 07:11:45,app-pod-1,46.624580835822776,48.39286653431138,209.86829027601252
2026-01-02 07:12:00,app-pod-1,46.77485636304409,60.68242960018261,204.24001706063225
2026-01-02 07:12:15,app-pod-1,46.69509682004671,51.208711741417055,201.14111084078164
2026-01-02 07:12:30,app-pod-1,51.917777430314025,51.37869357843863,208.57037695917367
2026-01-02 07:12:45,app-pod-1,45.35999506208588,56.016396441061076,196.671639856455
2026-01-02 07:13:00,app-pod-1,49.89692034735201,55.200322128919616,204.92196565798238
2026-01-02 07:13:15,app-pod-1,49.4620301620639,56.66556267674,227.06047737012366
2026-01-02 07:13:30,app-pod-1,51.861638216179294,50.379747750367805,193.6750353457384
2026-01-02 07:13:45,app-pod-1,48.57398871705913,58.06387336015125,204.38508040614497
2026-01-02 07:14:00,app-pod-1,51.339866005716665,66.80004802662444,186.3950746831275
2026-01-02 07:14:15,app-pod-1,48.442878893267924,47.59584657636523,203.94674697506332
2026-01-02 07:14:30,app-pod-1,50.2557605305536,56.95007640133517,175.23645437525826
2026-01-02 07:14:45,app-pod-1,44.43678078040668,47.17919806953461,159.54398057400385
2026-01-02 07:15:00,app-pod-1,41.02376836102879,62.16466815070747,144.85571619321684
2026-01-02 07:15:15,app-pod-1,50.06421916308899,61.24311580491354,204.03885666822302
2026-01-02 07:15:30,app-pod-1,50.21808146609198,56.56319374141424,206.19020322291206
2026-01-02 07:15:45,app-pod-1,50.34397005449106,49.10144165879664,238.13306513898237
2026-01-02 07:16:00,app-pod-1,47.335573967722304,48.20462140352432,187.97293815402594
2026-01-02 07:16:15,app-pod-1,53.372424223896466,61.09206948513646,225.0777924777176
2026-01-02 07:16:30,app-pod-1,47.51648748212651,46.4490802489011,192.4790008310062
2026-01-02 07:16:45,app-pod-1,50.151598965711905,48.450550052287994,210.93986676233231
2026-01-02 07:17:00,app-pod-1,50.66568908286792,55.51013868384693,204.8177085680787
2026-01-02 07:17:15,app-pod-1,54.03079692061288,58.488641192146886,232.61744076607917
2026-01-02 07:17:30,app-pod-1,47.916261156427005,55.441539845470366,175.87494189186972
2026-01-02 07:17:45,app-pod-1,46.900522421059875,50.63273920565635,150.88999059872378
2026-01-02 07:18:00,app-pod-1,44.3583936685976,55.65160829867374,183.6946215055754
2026-01-02 07:18:15,app-pod-1,53.502637090724846,53.142772398625254,186.93438833400953
2026-01-02 07:18:30,app-pod-1,50.102452616253466,58.204938599159625,220.08588541199316
2026-01-02 07:18:45,app-pod-1,50.19006462134332,56.203648628280945,192.5384727189224
2026-01-02 07:19:00,app-pod-1,58.17363302909918,63.72478854851209,217.12098007505193
2026-01-02 07:19:15,app-pod-1,49.79127113182667,60.763880051906355,239.67288570670317
2026-01-02 07:19:30,app-pod-1,44.901766906567005,49.154575109072496,179.33031740699985
2026-01-02 07:19:45,app-pod-1,48.213592229758675,50.444126901733924,189.70278101474645
2026-01-02 07:20:00,app-pod-1,45.869505189172216,43.66668485166263,194.69765167133932
2026-01-02 07:20:15,app-pod-1,47.598774329925945,43.224131551333976,202.62705916011694
2026-01-02 07:20:30,app-pod-1,47.57111544923417,52.419910024116525,207.37136207782058
2026-01-02 07:20:45,app-pod-1,47.01029348290689,52.36959103368675,168.04657143098748
2026-01-02 07:21:00,app-pod-1,44.58397920238349,45.778369821949305,186.37751853558495
2026-01-02 07:21:15,app-pod-1,53.53376935451168,53.11814004881597,209.73728675193394
2026-01-02 07:21:30,app-pod-1,49.64522400355699,62.36892608896953,184.76546885090957
2026-01-02 07:21:45,app-pod-1,48.06465687361495,58.02445871304453,192.9803202144916
2026-01-02 07:22:00,app-pod-1,51.00635727351519,49.39641571785251,176.85679603718356
2026-01-02 07:22:15,app-pod-1,50.13899412562487,52.88555563234288,214.39994130793798
2026-01-02 07:22:30,app-pod-1,49.545190733372664,56.71164697164288,193.82062400541218
2026-01-02 07:22:45,app-pod-1,50.76541671460896,52.40353657842356,195.89915251839045
2026-01-02 07:23:00,app-pod-1,49.104508424996204,50.32967932047018,194.3528537345836
2026-01-02 07:23:15,app-pod-1,50.705628007540625,53.80271068636578,200.30976066100715
2026-01-02 07:23:30,app-pod-1,50.94653773668924,61.115880842344836,220.89637841630633
2026-01-02 07:23:45,app-pod-1,49.16757200052588,60.32430691296181,180.23458966014434
2026-01-02 07:24:00,app-pod-1,48.01042504945569,49.93006344565763,186.3086073300572
2026-01-02 07:24:15,app-pod-1,100.0,92.30275547317156,396.7516499501849
2026-01-02 07:24:30,app-pod-1,100.0,89.96794123561125,384.02261464427636
2026-01-02 07:24:45,app-pod-1,100.0,84.95882253756974,402.38970169952904
2026-01-02 07:25:00,app-pod-1,100.0,88.51462743374978,389.1419005831609
2026-01-02 07:25:15,app-pod-1,100.0,83.67882906001181,378.9357699347387
2026-01-02 07:25:30,app-pod-1,100.0,95.81527618576548,407.8934110985041
2026-01-02 07:25:45,app-pod-1,100.0,97.76236021327651,423.209126194963
2026-01-02 07:26:00,app-pod-1,100.0,87.94713459212954,400.72631136011165
2026-01-02 07:26:15,app-pod-1,98.90880118688855,85.99076426810042,394.08592224120537
2026-01-02 07:26:30,app-pod-1,100.0,95.27297218824287,398.1328665894184
2026-01-02 07:26:45,app-pod-1,100.0,96.08074470490008,392.26073685912894
2026-01-02 07:27:00,app-pod-1,100.0,84.42794299053742,417.5514613192882
2026-01-02 07:27:15,app-pod-1,100.0,89.25977665623675,401.41074637523155
2026-01-02 07:27:30,app-pod-1,95.4442231468579,86.51626426344436,349.0972817526491
2026-01-02 07:27:45,app-pod-1,100.0,86.1461186317254,417.9843093192991
2026-01-02 07:28:00,app-pod-1,100.0,91.92990847043724,414.3075237405377
2026-01-02 07:28:15,app-pod-1,100.0,86.50027332458025,409.02401485968164
2026-01-02 07:28:30,app-pod-1,100.0,87.29869627321813,358.66889634884495
2026-01-02 07:28:45,app-pod-1,100.0,89.49328635082479,399.95577515969194
2026-01-02 07:29:00,app-pod-1,100.0,82.5546885888732,413.401419733057
2026-01-02 07:29:15,app-pod-1,100.0,79.71773365011678,405.6924908742225
2026-01-02 07:29:30,app-pod-1,100.0,94.59136183319163,403.07727026363204
2026-01-02 07:29:45,app-pod-1,100.0,86.29838455444076,413.4326902608307
2026-01-02 07:30:00,app-pod-1,100.0,100.0,402.0896244179087
2026-01-02 07:30:15,app-pod-1,100.0,99.85918962541831,418.0543657715219
2026-01-02 07:30:30,app-pod-1,100.0,87.46760689140473,402.4263517242316
2026-01-02 07:30:45,app-pod-1,97.77543712051232,100.0,392.33450962731075
2026-01-02 07:31:00,app-pod-1,100.0,94.68787264693788,413.38620532873017
2026-01-02 07:31:15,app-pod-1,100.0,86.77343098528462,394.02119603054655
2026-01-02 07:31:30,app-pod-1,100.0,77.09080130093864,383.5413677182786
2026-01-02 07:31:45,app-pod-1,100.0,93.44077568800164,400.0570204675873
2026-01-02 07:32:00,app-pod-1,99.53772333726394,89.83288571049049,407.0065112174237
2026-01-02 07:32:15,app-pod-1,100.0,92.1568079287185,413.88043799322077
2026-01-02 07:32:30,app-pod-1,100.0,88.85581911747775,413.96349282501103
2026-01-02 07:32:45,app-pod-1,100.0,84.28071534700568,398.9702773830863
2026-01-02 07:33:00,app-pod-1,100.0,87.86486667789413,397.4294491683644
2026-01-02 07:33:15,app-pod-1,100.0,93.53318642972519,391.11826083258035
2026-01-02 07:33:30,app-pod-1,100.0,88.22812316312894,403.74814080970566
2026-01-02 07:33:45,app-pod-1,99.1294548374808,87.58852909952351,371.90095925612576
2026-01-02 07:34:00,app-pod-1,100.0,82.40306455971177,400.3413885469861
2026-01-02 07:34:15,app-pod-1,99.76711867848233,90.29298548382901,441.8136849879968
2026-01-02 07:34:30,app-pod-1,100.0,84.44034029256235,377.4420488141687
2026-01-02 07:34:45,app-pod-1,100.0,94.59263099849056,402.3525341143645
2026-01-02 07:35:00,app-pod-1,100.0,86.32949549884908,405.6675368569344
2026-01-02 07:35:15,app-pod-1,98.53376902447971,87.495117864657,401.73205174042994
2026-01-02 07:35:30,app-pod-1,100.0,100.0,385.5003545439112
2026-01-02 07:35:45,app-pod-1,100.0,88.46712888649706,407.73380066603903
2026-01-02 07:36:00,app-pod-1,100.0,87.79712591933462,391.9824016253057
2026-01-02 07:36:15,app-pod-1,100.0,92.92810992949465,378.58624808763113
2026-01-02 07:36:30,app-pod-1,100.0,81.07369098887173,414.2793596249478
2026-01-02 07:36:45,app-pod-1,99.43005489435714,95.85508503494262,407.68944171815133
2026-01-02 07:37:00,app-pod-1,100.0,94.96970021727797,385.50156316061896
2026-01-02 07:37:15,app-pod-1,100.0,92.62225872437362,391.84303784287675
2026-01-02 07:37:30,app-pod-1,100.0,73.11451253261845,391.2998137293787
2026-01-02 07:37:45,app-pod-1,100.0,88.70294150762112,375.34623041541596
2026-01-02 07:38:00,app-pod-1,100.0,83.63566886997333,411.4364460646993
2026-01-02 07:38:15,app-pod-1,100.0,95.6205339197977,411.99877612417805
2026-01-02 07:38:30,app-pod-1,98.22899653647065,94.02310301180951,387.92684267132773
2026-01-02 07:38:45,app-pod-1,100.0,91.94004944915386,399.5781165760421
2026-01-02 07:39:00,app-pod-1,100.0,83.98444401429994,401.72046956834737
2026-01-02 07:39:15,app-pod-1,100.0,97.47147105262465,403.66587787911163
2026-01-02 07:39:30,app-pod-1,100.0,88.68869430490255,379.78706200844636
2026-01-02 07:39:45,app-pod-1,100.0,99.02685533450283,407.32666898835106
2026-01-02 07:40:00,app-pod-1,100.0,91.32693533431325,382.367391084274
2026-01-02 07:40:15,app-pod-1,100.0,92.53404009458325,410.22062820171845
2026-01-02 07:40:30,app-pod-1,100.0,87.69847807718735,384.02679744547277
2026-01-02 07:40:45,app-pod-1,49.08635162710736,61.3952240278842,176.84377527844995
2026-01-02 07:41:00,app-pod-1,45.59344206009591,54.957578863535176,181.95318984341694
2026-01-02 07:41:15,app-pod-1,48.09330105899692,60.87976920387095,191.61562587272974
2026-01-02 07:41:30,app-pod-1,48.99598739634191,55.18489717017454,197.54014922516615
2026-01-02 07:41:45,app-pod-1,43.000188524473316,49.864938670852325,158.60971811041608
2026-01-02 07:42:00,app-pod-1,47.48374471929352,56.21427211799951,192.97724466559342
2026-01-02 07:42:15,app-pod-1,47.133134097663024,60.205896413820156,192.9874115950084
2026-01-02 07:42:30,app-pod-1,51.117082211657284,60.86562908435595,221.9540284284934
2026-01-02 07:42:45,app-pod-1,42.48994121082717,50.43407788335038,172.7352556708624
2026-01-02 07:43:00,app-pod-1,46.86944672734063,43.52252017099894,178.48690459201828
2026-01-02 07:43:15,app-pod-1,46.55921200352243,56.64337859932232,166.03091492587606
2026-01-02 07:43:30,app-pod-1,50.87517857280923,48.419101013696505,180.5468006336185
2026-01-02 07:43:45,app-pod-1,47.854794295958186,53.67338478793242,196.2638491478848
2026-01-02 07:44:00,app-pod-1,53.36416486294045,56.776084467205436,225.35464250954718
2026-01-02 07:44:15,app-pod-1,49.952946603922335,47.87822020741756,186.4584797474969
2026-01-02 07:44:30,app-pod-1,46.726041629536596,54.57074459004478,190.73312048916847
2026-01-02 07:44:45,app-pod-1,48.666069488784345,64.83783734318543,192.05099774715902
2026-01-02 07:45:00,app-pod-1,46.87524840254539,51.249646225882174,198.27500664361327
2026-01-02 07:45:15,app-pod-1,50.50598318968436,59.183586544844694,215.01508643524068
2026-01-02 07:45:30,app-pod-1,43.92152053340683,62.52351356709532,141.6928924841241
2026-01-02 07:45:45,app-pod-1,45.43732317765995,56.11919231940633,197.23131318308782
2026-01-02 07:46:00,app-pod-1,49.265756987705274,51.261813353105055,200.84598239764944
2026-01-02 07:46:15,app-pod-1,51.566211405020965,57.28142196412842,198.2945059104754
2026-01-02 07:46:30,app-pod-1,41.273269810981056,51.29518978323331,157.5411366832476
2026-01-02 07:46:45,app-pod-1,51.99280151327859,63.564026725664824,208.44741711574665
2026-01-02 07:47:00,app-pod-1,47.43917348293872,59.27767314124753,182.2004620932665
2026-01-02 07:47:15,app-pod-1,42.19812373400519,35.6892685213808,154.73744041524944
2026-01-02 07:47:30,app-pod-1,38.834713606118264,42.9032767633019,144.72188962802775
2026-01-02 07:47:45,app-pod-1,43.24186621842913,49.91917273983238,157.3650356189213
2026-01-02 07:48:00,app-pod-1,47.761015916231145,48.356275828673326,211.24259036332282
2026-01-02 07:48:15,app-pod-1,47.61252123387275,34.828307068257715,191.28865716454774
2026-01-02 07:48:30,app-pod-1,49.69988032237612,51.16182378690989,232.59216766875457
2026-01-02 07:48:45,app-pod-1,46.141859975754244,52.28124894558966,190.1335854583922
2026-01-02 07:49:00,app-pod-1,44.45622119037622,48.49293141920616,186.65850857312404
2026-01-02 07:49:15,app-pod-1,46.53108383097209,47.587042406298764,170.20025631952393
2026-01-02 07:49:30,app-pod-1,47.861152873790886,53.71013013557776,188.17147745112976
2026-01-02 07:49:45,app-pod-1,48.4425982838088,55.62525967492681,194.86076274399804
2026-01-02 07:50:00,app-pod-1,45.372722565747225,49.4179202261957,171.93216067625693
2026-01-02 07:50:15,app-pod-1,50.43447241990101,62.16284980629907,194.7658742814118
2026-01-02 07:50:30,app-pod-1,45.85583656176182,52.38765767263065,189.72556373273503
2026-01-02 07:50:45,app-pod-1,45.10074826273131,47.21295543573751,186.9993900248086
2026-01-02 07:51:00,app-pod-1,46.07257822085596,46.62811814285,164.23613375014048
2026-01-02 07:51:15,app-pod-1,50.914104614781,54.57502421405339,207.91253198077274
2026-01-02 07:51:30,app-pod-1,47.281005018220846,58.66380678044186,197.41924780956774
2026-01-02 07:51:45,app-pod-1,45.58564312028535,47.79150663848407,173.48841987901451
2026-01-02 07:52:00,app-pod-1,50.437275108524176,58.28548999595043,191.3703934234736
2026-01-02 07:52:15,app-pod-1,54.076944692115624,58.3266458345525,222.92981586942702
2026-01-02 07:52:30,app-pod-1,48.26747318989395,63.75339608044915,154.47358243778814
2026-01-02 07:52:45,app-pod-1,51.32965789609289,57.88201784556787,205.34989864197794
2026-01-02 07:53:00,app-pod-1,50.72604861583208,52.01710283395315,227.42061303251282
2026-01-02 07:53:15,app-pod-1,45.79055879610032,55.73523880109365,144.2168454764681
2026-01-02 07:53:30,app-pod-1,47.67702292812784,57.22402600416933,203.05121471259375
2026-01-02 07:53:45,app-pod-1,43.73910789419199,48.63232046445532,183.1227682932923
2026-01-02 07:54:00,app-pod-1,46.9615154541544,47.053082296258026,166.2745493784926
2026-01-02 07:54:15,app-pod-1,45.68735070150261,54.661321447184676,190.55673567035788
2026-01-02 07:54:30,app-pod-1,46.34682259109784,52.76035169759349,200.40858880585532
2026-01-02 07:54:45,app-pod-1,45.295333132757484,44.12398273424247,163.53207454310603
2026-01-02 07:55:00,app-pod-1,46.67324468956346,53.94387627764748,176.08461367775294
2026-01-02 07:55:15,app-pod-1,49.120729195648465,51.19954594684789,196.87452344220904
2026-01-02 07:55:30,app-pod-1,47.15503057618801,45.4305111940192,203.28517450223362
2026-01-02 07:55:45,app-pod-1,41.90984104537043,47.576307014817786,159.5225881508074
2026-01-02 07:56:00,app-pod-1,45.25403244809246,58.092416384699035,180.38476879678112
2026-01-02 07:56:15,app-pod-1,42.92360877486043,56.086833642842585,161.72102843288724
2026-01-02 07:56:30,app-pod-1,48.20337939842163,58.47612608893198,193.18188202183765
2026-01-02 07:56:45,app-pod-1,48.97052191139668,55.625529788438286,211.58226086275178
2026-01-02 07:57:00,app-pod-1,48.21956480701843,56.732681381688394,194.46671178861487
2026-01-02 07:57:15,app-pod-1,45.077036519915865,52.04714847133111,174.94625816080713
2026-01-02 07:57:30,app-pod-1,48.16912029439889,48.19313007500688,192.18513072606754
2026-01-02 07:57:45,app-pod-1,46.00750380844452,47.677743171648984,172.02063185165912
2026-01-02 07:58:00,app-pod-1,43.99243756954724,47.75880167089454,161.05386921625117
2026-01-02 07:58:15,app-pod-1,49.62215030804351,61.7423005988121,216.53987167218708
2026-01-02 07:58:30,app-pod-1,49.839669740074186,60.27122247365415,223.92432309520763
2026-01-02 07:58:45,app-pod-1,50.22147816482718,49.7556468987449,174.01324195463178
2026-01-02 07:59:00,app-pod-1,45.53893048968547,52.14420691986082,190.8876643767229
2026-01-02 07:59:15,app-pod-1,50.891227134470135,53.61082328036546,216.4489106102408
2026-01-02 07:59:30,app-pod-1,45.86153670031054,51.32757299371396,165.27086982200726
2026-01-02 07:59:45,app-pod-1,49.29191004102856,51.824122933958854,190.09131299748566
2026-01-02 08:00:00,app-pod-1,45.787770090388754,59.079897177303515,174.4953864857219
2026-01-02 08:00:15,app-pod-1,46.63764297385241,52.551817397328506,215.06477330163938
2026-01-02 08:00:30,app-pod-1,40.03511668544045,49.10536570281468,184.92721998750133
2026-01-02 08:00:45,app-pod-1,46.3819508230096,53.58865660677334,171.71015109749752
2026-01-02 08:01:00,app-pod-1,47.549980004443,48.146135128305,168.31119835211143
2026-01-02 08:01:15,app-pod-1,46.035560332064854,52.767660721648035,195.7368957547485
2026-01-02 08:01:30,app-pod-1,52.52325192381125,62.07786045560208,218.2522204972052
2026-01-02 08:01:45,app-pod-1,43.75624746742508,57.99282815460108,193.6848923875898
2026-01-02 08:02:00,app-pod-1,45.54183949751874,46.1402128096659,166.2812394123765
2026-01-02 08:02:15,app-pod-1,44.50688235905059,43.561811464391766,188.88064474343673
2026-01-02 08:02:30,app-pod-1,45.51906574013516,52.17401891830222,171.0998746409654
2026-01-02 08:02:45,app-pod-1,50.293511875205155,60.751396191318776,210.52149995592103
2026-01-02 08:03:00,app-pod-1,51.62222361300996,57.93353880052541,205.93210444694628
2026-01-02 08:03:15,app-pod-1,45.074585488563756,54.953690222393654,208.80761199878816
2026-01-02 08:03:30,app-pod-1,44.996755345373245,44.69648363722865,186.69792681399383
2026-01-02 08:03:45,app-pod-1,43.6831862542237,47.71829295660662,170.02283031585756
2026-01-02 08:04:00,app-pod-1,51.06220217360016,44.76297999255561,206.3178098048155
2026-01-02 08:04:15,app-pod-1,50.49511264976033,54.63413860860244,200.47267374567008
2026-01-02 08:04:30,app-pod-1,46.80288705832906,41.94092373661398,169.89500317328614
2026-01-02 08:04:45,app-pod-1,42.92124752638033,56.708181777668614,200.55837242038098
2026-01-02 08:05:00,app-pod-1,43.178249717090175,57.99888214150779,196.6937947074196
2026-01-02 08:05:15,app-pod-1,47.59879771737833,54.02237586247366,187.75063890890732
2026-01-02 08:05:30,app-pod-1,48.723574742416645,46.543636781302,205.39250994888891
2026-01-02 08:05:45,app-pod-1,40.865757874456904,50.48459378168572,194.234471622457
2026-01-02 08:06:00,app-pod-1,46.088873555468204,61.55787428113245,202.90893901264377
2026-01-02 08:06:15,app-pod-1,51.896281661985725,58.70607466182464,202.97425553173468
2026-01-02 08:06:30,app-pod-1,46.37743680190073,58.38912571378511,184.19038891212602
2026-01-02 08:06:45,app-pod-1,51.48742885848792,53.61537364246044,180.1866987253429
2026-01-02 08:07:00,app-pod-1,48.95418288677831,49.9118777815779,207.43830919528654
2026-01-02 08:07:15,app-pod-1,43.742715374319545,50.26559071621043,193.61354000836724
2026-01-02 08:07:30,app-pod-1,46.106029750476004,42.640694050629556,203.16971149475467
2026-01-02 08:07:45,app-pod-1,46.58643015909157,63.93094391793382,196.8613246592969
2026-01-02 08:08:00,app-pod-1,44.103427218848,51.57064928559606,181.6989080728009
2026-01-02 08:08:15,app-pod-1,44.03978672105188,55.16171547657135,161.19196312426556
2026-01-02 08:08:30,app-pod-1,51.45810526391852,53.71313104276193,210.6280641920168
2026-01-02 08:08:45,app-pod-1,43.9941061720767,43.08044247116225,166.50149480580004
2026-01-02 08:09:00,app-pod-1,50.149864663305515,62.23397941771824,208.4771500655302
2026-01-02 08:09:15,app-pod-1,45.59345127508011,46.294914486172914,170.91581220747665
2026-01-02 08:09:30,app-pod-1,46.81431488365762,54.514214236406545,195.03949996902924
2026-01-02 08:09:45,app-pod-1,48.565074192079585,56.21097599105297,214.1071479670955
2026-01-02 08:10:00,app-pod-1,45.07215289754368,51.92026354667499,185.94588645121797
2026-01-02 08:10:15,app-pod-1,48.55980976440855,50.06894565417498,199.16612016251884
2026-01-02 08:10:30,app-pod-1,40.705055575680575,47.745377717845244,176.51562575516078
2026-01-02 08:10:45,app-pod-1,48.151694646687986,48.95593212246969,219.1617983941107
2026-01-02 08:11:00,app-pod-1,39.415189885572936,51.63652138269575,156.05149797863572
2026-01-02 08:11:15,app-pod-1,46.1284278417934,55.14763412674645,192.32904149791665
2026-01-02 08:11:30,app-pod-1,49.35986473925781,54.444893151990975,220.10794764231025
2026-01-02 08:11:45,app-pod-1,48.652169475783,51.214761274572936,204.64801074912242
2026-01-02 08:12:00,app-pod-1,42.87817992202267,60.55131544432595,141.477060470559
2026-01-02 08:12:15,app-pod-1,43.25252601305049,43.76644827836866,162.27582586120576
2026-01-02 08:12:30,app-pod-1,44.68359097805826,43.55544820033657,189.99999541898958
2026-01-02 08:12:45,app-pod-1,47.29632265324259,52.697395954129696,183.18270077849763
2026-01-02 08:13:00,app-pod-1,40.629923546824074,47.150709849922315,184.1250143326686
2026-01-02 08:13:15,app-pod-1,46.67408053806326,58.15976865041619,214.56518235686102
2026-01-02 08:13:30,app-pod-1,47.63604764777505,56.57581562817589,181.69051309984235
2026-01-02 08:13:45,app-pod-1,45.84063637090913,52.23607339454659,167.8750054273856
2026-01-02 08:14:00,app-pod-1,48.25367934550253,56.27926445594913,187.59698214181935
2026-01-02 08:14:15,app-pod-1,47.33683759913369,55.54661506064187,183.06359161851304
2026-01-02 08:14:30,app-pod-1,45.02863119810057,62.03782543958015,203.15584911057792
2026-01-02 08:14:45,app-pod-1,40.832934931355,49.84987140442567,147.80172345120698
2026-01-02 08:15:00,app-pod-1,47.02963149076338,49.51535638013689,199.25497904217627
2026-01-02 08:15:15,app-pod-1,43.758035596770384,51.623130416880315,195.84971149228937
2026-01-02 08:15:30,app-pod-1,44.87008349121134,38.31566137749673,191.7686404140879
2026-01-02 08:15:45,app-pod-1,48.03031393440496,53.457982046981655,198.66808480334905
2026-01-02 08:16:00,app-pod-1,50.832751601403885,61.04783847651266,200.89783858991686
2026-01-02 08:16:15,app-pod-1,46.45436152173015,55.52897365956321,213.55209556484485
2026-01-02 08:16:30,app-pod-1,48.21850712724765,55.24573520730173,189.19519363342013
2026-01-02 08:16:45,app-pod-1,42.21062561975549,52.79363371168131,183.06676724110977
2026-01-02 08:17:00,app-pod-1,47.26836572552889,58.604138732258804,186.69243488621484
2026-01-02 08:17:15,app-pod-1,46.33978883746597,59.564019222717114,157.73360910382948
2026-01-02 08:17:30,app-pod-1,50.194881403575835,57.37369648395037,196.7348849519555
2026-01-02 08:17:45,app-pod-1,44.87349560270237,49.8308897493282,177.14972496617608
2026-01-02 08:18:00,app-pod-1,45.757610920953205,40.46271769186836,180.8795164401695
2026-01-02 08:18:15,app-pod-1,49.64660030274287,59.64348734695865,188.6817499807346
2026-01-02 08:18:30,app-pod-1,46.18166905503266,54.903180906542374,194.11323149833527
2026-01-02 08:18:45,app-pod-1,43.1188402359337,50.946485602732594,183.53170317888052
2026-01-02 08:19:00,app-pod-1,54.08783857871364,54.421229529128354,211.76407067212963
2026-01-02 08:19:15,app-pod-1,43.1847152941351,55.05506072259735,168.02562840205334
2026-01-02 08:19:30,app-pod-1,46.21392862586171,51.06356790896254,169.09539056413354
2026-01-02 08:19:45,app-pod-1,47.435609100846904,53.03281581536291,193.5578714214413
2026-01-02 08:20:00,app-pod-1,47.18589341287319,52.75018244317002,209.41236457946002
2026-01-02 08:20:15,app-pod-1,45.80128653239873,54.3101591635066,203.88440311334273
2026-01-02 08:20:30,app-pod-1,45.80369381200699,46.31942561325425,174.22753842205287
2026-01-02 08:20:45,app-pod-1,45.640617139344634,54.76119130707797,212.43034506278502
2026-01-02 08:21:00,app-pod-1,42.985029527459474,46.485078885181494,166.50754709647936
2026-01-02 08:21:15,app-pod-1,52.77088767690039,53.510602839334496,195.84445523055615
2026-01-02 08:21:30,app-pod-1,45.647636791258385,56.379545991669616,162.16285250576374
2026-01-02 08:21:45,app-pod-1,48.08576262901907,48.684891534835494,176.19903391831102
2026-01-02 08:22:00,app-pod-1,45.278351794081566,56.11205826090942,186.11965442316142
2026-01-02 08:22:15,app-pod-1,45.205340692125276,52.150572108032215,176.9594008969863
2026-01-02 08:22:30,app-pod-1,44.89060270382336,43.18203814832599,170.08229272132454
2026-01-02 08:22:45,app-pod-1,41.594678966189875,55.93865453456541,153.66778995996827
2026-01-02 08:23:00,app-pod-1,45.74961621893795,53.575999989574036,166.7067030244407
2026-01-02 08:23:15,app-pod-1,44.99770067145738,53.469019799469514,166.64277061643412
2026-01-02 08:23:30,app-pod-1,49.72052185823681,59.840576853689555,214.11299251074433
2026-01-02 08:23:45,app-pod-1,42.603053390548546,57.31824109619048,197.4622612942923
2026-01-02 08:24:00,app-pod-1,44.448898354834384,52.119363329464704,205.7729974666284
2026-01-02 08:24:15,app-pod-1,43.47218537825819,53.51696637726107,184.1950454359483
2026-01-02 08:24:30,app-pod-1,50.48224561367221,57.193501582657674,194.5448419568291
2026-01-02 08:24:45,app-pod-1,43.53355752757717,48.75915173579562,164.11702780607675
2026-01-02 08:25:00,app-pod-1,47.81579161952808,45.55387261919393,202.60526388588886
2026-01-02 08:25:15,app-pod-1,49.026466536819,55.39313687129434,192.4104931134103
2026-01-02 08:25:30,app-pod-1,45.66468423701095,58.85996811913044,188.8374851370636
2026-01-02 08:25:45,app-pod-1,41.95967166188106,52.28843498010502,196.7952564330415
2026-01-02 08:26:00,app-pod-1,41.98467563605328,44.05215699035509,171.19113122254683
2026-01-02 08:26:15,app-pod-1,48.64344282400115,59.53801750502533,228.74154306170138
2026-01-02 08:26:30,app-pod-1,42.269362875561455,48.04120475361131,152.17432925242596
2026-01-02 08:26:45,app-pod-1,47.21419996804408,42.58981061515583,195.5681359777128
2026-01-02 08:27:00,app-pod-1,46.368123583283,57.5472055842107,190.1785421415327
2026-01-02 08:27:15,app-pod-1,47.14341075728579,48.27348440963449,173.81242395932807
2026-01-02 08:27:30,app-pod-1,47.413685725540255,62.093221873467726,201.6795760856689
2026-01-02 08:27:45,app-pod-1,43.18481790908358,55.96823953934559,195.70142155410227
2026-01-02 08:28:00,app-pod-1,43.046125663901655,48.993291596415354,205.224549914073
2026-01-02 08:28:15,app-pod-1,48.104352535741235,55.969846003791176,198.58675800126895
2026-01-02 08:28:30,app-pod-1,44.05837924376097,62.96045829890819,147.7319146448311
2026-01-02 08:28:45,app-pod-1,37.682790566629656,51.37798858582568,157.88600860643717
2026-01-02 08:29:00,app-pod-1,47.86630594434404,54.69741428496378,202.59461749978243
2026-01-02 08:29:15,app-pod-1,42.7980412510919,64.40439884679569,167.66437504022275
2026-01-02 08:29:30,app-pod-1,47.294998885902764,53.69440427491437,192.40678467511273
2026-01-02 08:29:45,app-pod-1,50.05880402505686,57.950236911933985,192.98382123199406
2026-01-02 08:30:00,app-pod-1,45.91735417761055,47.461081979031086,181.6639825920872
2026-01-02 08:30:15,app-pod-1,48.84107374912596,45.815157296413716,210.62659977619322
2026-01-02 08:30:30,app-pod-1,46.301859879461155,50.97229045588104,206.04279562086916
2026-01-02 08:30:45,app-pod-1,50.58942655723664,55.60463901190824,183.29707239993277
2026-01-02 08:31:00,app-pod-1,42.62747014860556,51.48554702607318,162.8400448279525
2026-01-02 08:31:15,app-pod-1,45.7757806186759,44.944191199201896,159.27630509705008
2026-01-02 08:31:30,app-pod-1,47.80652565898741,56.76793957188092,218.80096651822274
2026-01-02 08:31:45,app-pod-1,45.202402071586235,47.48975382989198,193.87130107868174
2026-01-02 08:32:00,app-pod-1,49.21687206209245,57.49548224043678,166.8524372495821
2026-01-02 08:32:15,app-pod-1,44.45065542985622,55.790091215117606,176.83460028253296
2026-01-02 08:32:30,app-pod-1,51.94142774225901,54.38145396931816,203.51382488678348
2026-01-02 08:32:45,app-pod-1,52.08642831791846,51.64140516120492,197.0066291087112
2026-01-02 08:33:00,app-pod-1,46.552554606296795,60.305034811325896,201.75437818073314
2026-01-02 08:33:15,app-pod-1,47.35062628203618,57.5099988689213,204.60330776525078
2026-01-02 08:33:30,app-pod-1,49.25430249813066,55.2378934179285,201.0589841377481
2026-01-02 08:33:45,app-pod-1,42.10414278767091,56.8150387697689,158.79178452788682
2026-01-02 08:34:00,app-pod-1,41.71616309331492,49.61762278519801,157.36593193426032
2026-01-02 08:34:15,app-pod-1,49.407829406404744,51.482944533510064,198.29021888614747
2026-01-02 08:34:30,app-pod-1,46.446929002714185,47.504339980036136,178.93067064986244
2026-01-02 08:34:45,app-pod-1,44.931820173092504,50.91327844439654,179.63995888061385
2026-01-02 08:35:00,app-pod-1,45.63105957050113,55.80034408925876,190.89545472475893
2026-01-02 08:35:15,app-pod-1,38.425900435718134,53.84692638054178,130.70067479436852
2026-01-02 08:35:30,app-pod-1,44.99865455677887,51.616609269917575,168.6218539643344
2026-01-02 08:35:45,app-pod-1,43.29749940257855,56.37387422148337,172.68460319803327
2026-01-02 08:36:00,app-pod-1,48.29713412998466,52.736646733479105,216.66870997829386
2026-01-02 08:36:15,app-pod-1,48.51427267857153,50.05200078172079,206.7370939643949
2026-01-02 08:36:30,app-pod-1,47.24546368173631,46.540258408213475,188.9280943431871
2026-01-02 08:36:45,app-pod-1,46.688023099688046,50.15041635807229,192.7867230054761
2026-01-02 08:37:00,app-pod-1,40.99581263548292,42.35378170758977,162.4606925262033
2026-01-02 08:37:15,app-pod-1,47.24596942081042,63.11973675051829,205.14223429098163
2026-01-02 08:37:30,app-pod-1,47.348402903824905,55.34036416422416,195.89990888621858
2026-01-02 08:37:45,app-pod-1,49.18193751871258,53.94928201727724,215.90975374059934
2026-01-02 08:38:00,app-pod-1,51.787121105044996,64.86099358525937,186.8184041841083
2026-01-02 08:38:15,app-pod-1,40.34092339408554,41.727309531002355,149.27083547497526
2026-01-02 08:38:30,app-pod-1,44.239270338213046,50.28177505727041,181.07565140238384
2026-01-02 08:38:45,app-pod-1,43.163977973628675,60.213153542049376,180.0585797245474
2026-01-02 08:39:00,app-pod-1,45.89435820662441,51.40584821101375,219.58250957657327
2026-01-02 08:39:15,app-pod-1,45.403082675413394,64.01622676481202,154.49613116638483
2026-01-02 08:39:30,app-pod-1,44.64665306034206,55.18068133944713,178.090483455911
2026-01-02 08:39:45,app-pod-1,48.41771627877475,60.422030938303486,192.50203527762795
2026-01-02 08:40:00,app-pod-1,42.016646228837224,56.08612647746041,171.63416410165493
2026-01-02 08:40:15,app-pod-1,42.18349189750551,49.53645662949404,194.73287690934967
2026-01-02 08:40:30,app-pod-1,42.220129709885896,47.11303247394224,182.02465305462061
2026-01-02 08:40:45,app-pod-1,44.19775378731086,50.36122605171553,152.730800326258
2026-01-02 08:41:00,app-pod-1,41.57887874791504,44.17055260697239,189.3219067008133
2026-01-02 08:41:15,app-pod-1,45.104829611729954,51.243566312062,203.00726381308232
2026-01-02 08:41:30,app-pod-1,44.73995002991185,51.29593477471349,182.90591862763046
2026-01-02 08:41:45,app-pod-1,42.86273367748908,58.45008855083837,147.18445599178384
2026-01-02 08:42:00,app-pod-1,47.829418074169205,56.446971205555826,189.04338766187226
2026-01-02 08:42:15,app-pod-1,45.01543992333594,63.32389573526952,187.0926795119946
2026-01-02 08:42:30,app-pod-1,48.36768771703864,43.059660913707305,208.4190160692166
2026-01-02 08:42:45,app-pod-1,44.58038212552046,45.12104898771461,151.76481163334844
2026-01-02 08:43:00,app-pod-1,45.07871502298694,49.778373877764025,168.77829187693277
2026-01-02 08:43:15,app-pod-1,43.44870245347469,57.8765640375033,190.26505598551935
2026-01-02 08:43:30,app-pod-1,45.101642014000014,51.02326340838327,202.93304411616336
2026-01-02 08:43:45,app-pod-1,47.24518952731478,45.73249849086408,195.4386695992062
2026-01-02 08:44:00,app-pod-1,43.86018890764455,49.476510054606365,192.66843883488227
2026-01-02 08:44:15,app-pod-1,46.635105526841386,46.6565825800144,193.36964117246035
2026-01-02 08:44:30,app-pod-1,42.627288847169126,42.87097335226936,184.95542676038582
2026-01-02 08:44:45,app-pod-1,47.32832359129218,63.123965602174025,191.49012849215563
2026-01-02 08:45:00,app-pod-1,43.29707866764376,48.54991073394737,180.3875428188483
2026-01-02 08:45:15,app-pod-1,47.57744213166135,54.169973806175506,171.9830896258986
2026-01-02 08:45:30,app-pod-1,45.190920626337665,51.16886270259593,191.59574149493923
2026-01-02 08:45:45,app-pod-1,49.5564228280886,53.43201785661978,179.44039859407593
2026-01-02 08:46:00,app-pod-1,41.5169112370174,44.858532704474015,176.8828859377784
2026-01-02 08:46:15,app-pod-1,40.53611905988592,46.822110321061906,155.5597306848191
2026-01-02 08:46:30,app-pod-1,43.101514799325244,51.85723775214841,177.9558837567595
2026-01-02 08:46:45,app-pod-1,40.78183306120167,55.64045970316093,148.83538143570186
2026-01-02 08:47:00,app-pod-1,40.772942817949165,53.27823815533478,155.5376484606924
2026-01-02 08:47:15,app-pod-1,46.77126362369535,46.64455004931133,192.60461828548796
2026-01-02 08:47:30,app-pod-1,44.87952106560855,56.35832683710901,190.83305876119942
2026-01-02 08:47:45,app-pod-1,43.43844289903149,52.78410008695889,190.16063925351045
2026-01-02 08:48:00,app-pod-1,43.702008717631585,47.46780109927463,157.55692991292784
2026-01-02 08:48:15,app-pod-1,43.05657651143838,51.05008903893971,149.70931375043236
2026-01-02 08:48:30,app-pod-1,49.784772334590905,57.71077655246313,184.50949435976656
2026-01-02 08:48:45,app-pod-1,42.61250538417008,50.06401850803343,154.46589819625189
2026-01-02 08:49:00,app-pod-1,40.837960855486735,50.987789269624315,186.85427735213042
2026-01-02 08:49:15,app-pod-1,47.17783682894921,48.70973069564545,208.81446877050092
2026-01-02 08:49:30,app-pod-1,44.127722934781474,60.853566275579595,161.56164074136154
2026-01-02 08:49:45,app-pod-1,50.876598118680384,45.96719503818514,229.16102876597418
2026-01-02 08:50:00,app-pod-1,43.166929819820076,53.10610699051476,191.87519893201807
2026-01-02 08:50:15,app-pod-1,47.26875141355036,54.92194330453686,164.63096278398567
2026-01-02 08:50:30,app-pod-1,47.96262547580579,56.78855480032262,176.39701695251694
2026-01-02 08:50:45,app-pod-1,43.137243086349656,46.65421840220345,147.6600745609978
2026-01-02 08:51:00,app-pod-1,42.4576878849866,55.5663666611559,168.53202685889067
2026-01-02 08:51:15,app-pod-1,46.8957319116859,52.287108929788566,187.84410950759707
2026-01-02 08:51:30,app-pod-1,46.38147274486777,46.53595622605776,185.7589886859731
2026-01-02 08:51:45,app-pod-1,40.41011392093215,42.81302780327272,131.2395447835699
2026-01-02 08:52:00,app-pod-1,41.24176712346924,49.4927623306164,143.55848448184264
2026-01-02 08:52:15,app-pod-1,37.0028964219317,37.919419878044735,151.9139088251041
2026-01-02 08:52:30,app-pod-1,46.38344201589313,61.470939328337295,194.8671053558245
2026-01-02 08:52:45,app-pod-1,43.79687752225482,55.902420668291555,144.89034064556964
2026-01-02 08:53:00,app-pod-1,44.08096813472216,59.9908992985605,157.10689227139721
2026-01-02 08:53:15,app-pod-1,39.47813006658593,56.241808492154654,173.2487173651376
2026-01-02 08:53:30,app-pod-1,41.2431809463221,47.1106943384175,146.60742552671633
2026-01-02 08:53:45,app-pod-1,43.088619615459244,45.815386417570586,172.13399097477844
2026-01-02 08:54:00,app-pod-1,42.490510619802286,36.35449402304067,150.1688917631269
2026-01-02 08:54:15,app-pod-1,44.8459694512538,49.36100799141283,191.85610711291503
2026-01-02 08:54:30,app-pod-1,46.227822164302594,61.18773979419158,154.6565502504086
2026-01-02 08:54:45,app-pod-1,51.27119482512056,51.75058309009837,200.51789421366374
2026-01-02 08:55:00,app-pod-1,44.38722815110232,50.02145473145284,191.65350902708462
2026-01-02 08:55:15,app-pod-1,47.778392163429835,50.672023268986464,200.26399772835225
2026-01-02 08:55:30,app-pod-1,41.92715360311906,51.223983290221916,160.74692885335068
2026-01-02 08:55:45,app-pod-1,39.37710359400945,53.99439593687816,147.02818223465488
2026-01-02 08:56:00,app-pod-1,43.32989106664265,42.63487065907727,169.82611639533698
2026-01-02 08:56:15,app-pod-1,39.578467201971236,40.9660471332269,138.97360256598176
2026-01-02 08:56:30,app-pod-1,44.400471104949034,58.513429969836096,176.101773222305
2026-01-02 08:56:45,app-pod-1,41.9998913948541,53.06525834865692,166.75642610876758
2026-01-02 08:57:00,app-pod-1,38.46322470822932,45.62735448901823,147.58365998634164
2026-01-02 08:57:15,app-pod-1,49.51888235946569,63.19863146125803,213.08074365488145
2026-01-02 08:57:30,app-pod-1,42.682872807364774,43.052866533205815,154.67423687178146
2026-01-02 08:57:45,app-pod-1,39.367434052192785,52.21327129249011,131.90392494991863
2026-01-02 08:58:00,app-pod-1,46.959524354605506,52.53047650390386,179.95830682104454
2026-01-02 08:58:15,app-pod-1,42.063865943423274,52.477425340460755,170.11542840296846
2026-01-02 08:58:30,app-pod-1,47.50489022417542,41.31766259629643,188.41863704550462
2026-01-02 08:58:45,app-pod-1,42.01887527346217,48.10969589195177,165.80807085467882
2026-01-02 08:59:00,app-pod-1,42.58101444167732,53.49069368935598,153.42859007147595
2026-01-02 08:59:15,app-pod-1,45.222834974708825,51.33933339032203,166.15324016065884
2026-01-02 08:59:30,app-pod-1,45.95261343933067,58.44331827153572,176.48526104381608
2026-01-02 08:59:45,app-pod-1,46.463005095615806,58.63312860263499,177.3440604924174
2026-01-02 09:00:00,app-pod-1,43.87291220754296,45.91822041917711,191.96293231248174
2026-01-02 09:00:15,app-pod-1,45.71255070063934,56.11874874711594,186.8089406048068
2026-01-02 09:00:30,app-pod-1,46.34813445946451,47.480380835483956,177.40408544909303
2026-01-02 09:00:45,app-pod-1,44.69748736597396,51.55831836195556,195.21514532843946
2026-01-02 09:01:00,app-pod-1,43.652320149326485,53.83726535106664,181.30345942577844
2026-01-02 09:01:15,app-pod-1,39.72890742896511,43.63382054397266,138.55247566793275
2026-01-02 09:01:30,app-pod-1,45.84679579267701,56.027387982695814,134.76209090253238
2026-01-02 09:01:45,app-pod-1,44.16025875104464,48.38540239497173,156.74751621520988
2026-01-02 09:02:00,app-pod-1,42.7773377289449,47.04064877319969,180.03337019170644
2026-01-02 09:02:15,app-pod-1,47.83591532874548,57.01839564782041,204.71593713371365
2026-01-02 09:02:30,app-pod-1,39.70352962932739,43.612606022112075,133.91065929688907
2026-01-02 09:02:45,app-pod-1,48.90353712092792,49.798298637834066,205.4938117202699
2026-01-02 09:03:00,app-pod-1,43.888989360930196,55.92807275280155,184.86705510612546
2026-01-02 09:03:15,app-pod-1,44.892728148162334,51.9676954633383,200.4965390754415
2026-01-02 09:03:30,app-pod-1,42.73938909730746,42.646974891598745,185.21346857936203
2026-01-02 09:03:45,app-pod-1,38.90763396262225,51.51355066577663,175.90877287052515
2026-01-02 09:04:00,app-pod-1,43.47433771378261,48.3990302384306,181.22283952930155
2026-01-02 09:04:15,app-pod-1,44.88170030720389,44.402123517235395,186.3506295758217
2026-01-02 09:04:30,app-pod-1,45.890423590120506,39.586721457276155,178.50242555156734
2026-01-02 09:04:45,app-pod-1,43.25191282572828,54.79341046317184,185.31149675367317
2026-01-02 09:05:00,app-pod-1,37.252641592032134,41.77725878386464,129.02446555986828
2026-01-02 09:05:15,app-pod-1,39.18950931970872,41.21343266730359,154.67787584736095
2026-01-02 09:05:30,app-pod-1,49.954768024530665,58.16535176910142,207.91732517299278
2026-01-02 09:05:45,app-pod-1,40.50530058246352,52.38266838926873,183.1444252487924
2026-01-02 09:06:00,app-pod-1,48.0482398885927,49.698252929041736,185.02388689205696
2026-01-02 09:06:15,app-pod-1,40.94899790009457,53.22750182809608,178.29470738543301
2026-01-02 09:06:30,app-pod-1,43.18804061885341,60.50609303876302,169.79448350995125
2026-01-02 09:06:45,app-pod-1,45.595167018603576,58.649933267877984,197.1865521195228
2026-01-02 09:07:00,app-pod-1,41.243076466784565,54.82543900273397,152.95202428108695
2026-01-02 09:07:15,app-pod-1,48.46440647438285,55.49573014273064,204.74719946767803
2026-01-02 09:07:30,app-pod-1,43.899031114662655,48.510730752619246,174.1660578940556
2026-01-02 09:07:45,app-pod-1,45.038467284418914,51.247496834609464,162.3773513467598
2026-01-02 09:08:00,app-pod-1,42.83714617719259,52.18971034234862,169.04912050214253
2026-01-02 09:08:15,app-pod-1,45.60016428767506,45.63255520809804,202.22632546600138
2026-01-02 09:08:30,app-pod-1,48.344401660186364,49.99417162409815,178.08953284600696
2026-01-02 09:08:45,app-pod-1,43.19816944943417,43.099967899690995,150.52791622957864
2026-01-02 09:09:00,app-pod-1,48.76515328290656,55.311540409491656,201.0417509806077
2026-01-02 09:09:15,app-pod-1,41.72519897961785,49.622908897710175,141.7338243842956
2026-01-02 09:09:30,app-pod-1,45.83622988172052,48.8218175898613,206.7952439403467
2026-01-02 09:09:45,app-pod-1,44.99522401521025,55.59915283754587,203.05330153430805
2026-01-02 09:10:00,app-pod-1,40.3060579342661,42.991238724344726,176.7984366528112
2026-01-02 09:10:15,app-pod-1,44.13714033420378,47.44682453305644,176.38008150596366
2026-01-02 09:10:30,app-pod-1,43.501700043117076,54.35382245474448,198.97672518933985
2026-01-02 09:10:45,app-pod-1,40.9039006704735,53.27680936996214,183.7973147717013
2026-01-02 09:11:00,app-pod-1,44.52134345127574,47.1863094023488,170.09459110852092
2026-01-02 09:11:15,app-pod-1,43.87004773526591,51.86924643840234,197.06273134620108
2026-01-02 09:11:30,app-pod-1,43.19724522134886,46.34403545104904,159.1138783625323
2026-01-02 09:11:45,app-pod-1,43.193084659752245,49.24846159394005,169.81684464704338
2026-01-02 09:12:00,app-pod-1,43.11258135040632,50.89799391604224,145.54836594031013
2026-01-02 09:12:15,app-pod-1,42.26329239956061,52.386135673772095,171.2420260654498
2026-01-02 09:12:30,app-pod-1,43.7696567796419,52.226554813214875,170.66099966954064
2026-01-02 09:12:45,app-pod-1,41.40215920329824,50.34732314500998,158.82563768443026
2026-01-02 09:13:00,app-pod-1,51.28806179442669,50.50915157056365,202.66743484332514
2026-01-02 09:13:15,app-pod-1,39.07334921644045,49.2927276480458,147.60021813218157
2026-01-02 09:13:30,app-pod-1,41.530840526522255,51.82691512454707,166.7484742401623
2026-01-02 09:13:45,app-pod-1,41.75150644184939,52.670727159730234,186.25956214088947
2026-01-02 09:14:00,app-pod-1,49.373881207288356,50.964115947747416,181.56773254508644
2026-01-02 09:14:15,app-pod-1,39.2756494539301,52.0708827006691,170.04050900828102
2026-01-02 09:14:30,app-pod-1,44.497456987634294,44.562045582459874,181.21846115684872
2026-01-02 09:14:45,app-pod-1,43.9484932483653,48.60985450363547,181.40586949264113
2026-01-02 09:15:00,app-pod-1,44.187723216025034,49.5538108397467,176.29025992428006
2026-01-02 09:15:15,app-pod-1,46.879535347344216,46.50362943062446,176.75713978409684
2026-01-02 09:15:30,app-pod-1,46.80156782452393,51.30754241964273,193.87922675932828
2026-01-02 09:15:45,app-pod-1,41.78476749930048,50.35674182123434,174.9216594585547
2026-01-02 09:16:00,app-pod-1,43.703232928292124,41.463402140637804,162.80589156497408
2026-01-02 09:16:15,app-pod-1,37.51240147125703,44.28523911102569,129.97188765434052
2026-01-02 09:16:30,app-pod-1,43.38549798773799,41.62784393009997,174.82161135358803
2026-01-02 09:16:45,app-pod-1,40.6897464993106,58.69051647110214,174.07979865657273
2026-01-02 09:17:00,app-pod-1,42.49604777137289,50.80968952463094,185.06054183762947
2026-01-02 09:17:15,app-pod-1,37.982544186723395,47.216927349861415,169.98002509679887
2026-01-02 09:17:30,app-pod-1,44.23672585839623,52.12607515917306,182.5177659453996
2026-01-02 09:17:45,app-pod-1,37.915836633418074,49.56368879639682,147.715156336244
2026-01-02 09:18:00,app-pod-1,43.433814786978445,55.29444460005755,173.70294177591066
2026-01-02 09:18:15,app-pod-1,39.29284697827846,39.68722324072161,138.52373628817946
2026-01-02 09:18:30,app-pod-1,40.40682800671375,54.83566759183341,151.38763027029478
2026-01-02 09:18:45,app-pod-1,46.40331935833264,58.711450020919116,184.8145928955093
2026-01-02 09:19:00,app-pod-1,44.68623343060014,50.94863034713239,174.74535001342068
2026-01-02 09:19:15,app-pod-1,46.35343017142366,51.85375766658056,186.7938600864682
2026-01-02 09:19:30,app-pod-1,47.568327964681814,37.78402559215691,169.65075323376723
2026-01-02 09:19:45,app-pod-1,40.553940917578544,42.16780283129704,144.94372414445525
2026-01-02 09:20:00,app-pod-1,47.35266718105342,55.741113408053174,201.04457411422584
2026-01-02 09:20:15,app-pod-1,38.44251508271735,52.9128478894516,141.26989022823918
2026-01-02 09:20:30,app-pod-1,45.06059763509789,55.18660295515251,170.09966021983476
2026-01-02 09:20:45,app-pod-1,41.325532810471834,48.54929763843883,166.72766714138828
2026-01-02 09:21:00,app-pod-1,39.99787961169376,57.627879231027855,146.0237102743619
2026-01-02 09:21:15,app-pod-1,44.615408509346246,56.256663738378066,195.05658295109637
2026-01-02 09:21:30,app-pod-1,45.59005715321111,49.94390791352325,163.50777671498474
2026-01-02 09:21:45,app-pod-1,45.484196230349156,62.749490621011475,181.95964475767494
2026-01-02 09:22:00,app-pod-1,43.36614407223966,44.875464677034756,162.23580083903434
2026-01-02 09:22:15,app-pod-1,43.10059450715071,42.81121505231821,174.7451904606734
2026-01-02 09:22:30,app-pod-1,44.26846544037261,48.882398872641204,169.61189630563013
2026-01-02 09:22:45,app-pod-1,43.58228589249485,46.714399234643466,173.97436559271304
2026-01-02 09:23:00,app-pod-1,44.27817409000828,49.1700637905713,195.4319100971209
2026-01-02 09:23:15,app-pod-1,43.24920280262031,54.26489544383979,162.68511449426063
2026-01-02 09:23:30,app-pod-1,45.14863870368802,51.43414923455822,170.15799907594788
2026-01-02 09:23:45,app-pod-1,37.72173160437119,46.36372828496091,146.14841305164512
2026-01-02 09:24:00,app-pod-1,42.1925873957376,49.828885258060836,190.88064029470547
2026-01-02 09:24:15,app-pod-1,38.4179061597206,35.33090684693049,152.3254843969963
2026-01-02 09:24:30,app-pod-1,43.382574557802464,42.79149965087139,192.0433373721497
2026-01-02 09:24:45,app-pod-1,47.461266959950486,51.29633054481823,187.19139650107695
2026-01-02 09:25:00,app-pod-1,41.09621509784028,44.5527065617495,182.2294157406675
2026-01-02 09:25:15,app-pod-1,42.883203649991636,48.85930511926355,177.64368792989205
2026-01-02 09:25:30,app-pod-1,44.75387094366529,58.348351558606154,187.33398042277514
2026-01-02 09:25:45,app-pod-1,36.264190388054935,45.01268578467247,123.52023932488228
2026-01-02 09:26:00,app-pod-1,40.883961286319845,42.00793181180896,139.7736327890153
2026-01-02 09:26:15,app-pod-1,43.52675844522008,46.50323197533069,190.16005646130333
2026-01-02 09:26:30,app-pod-1,33.72513123065537,52.16047140642003,150.76709613285107
2026-01-02 09:26:45,app-pod-1,39.468579094547195,55.29047522347811,194.19614494719772
2026-01-02 09:27:00,app-pod-1,45.68445290634056,54.9585042126828,160.44851645321918
2026-01-02 09:27:15,app-pod-1,45.37372936663104,43.949195203165075,188.78190874912602
2026-01-02 09:27:30,app-pod-1,43.4705383135244,51.96340149498782,158.52483867882222
2026-01-02 09:27:45,app-pod-1,44.97700682484491,53.402390273144945,168.7990103969041
2026-01-02 09:28:00,app-pod-1,42.958542209777555,50.19868058879548,164.30047632763848
2026-01-02 09:28:15,app-pod-1,85.08615590565974,76.71025385591501,346.07994923646044
2026-01-02 09:28:30,app-pod-1,82.45579637546294,75.90590224347534,319.8627944054973
2026-01-02 09:28:45,app-pod-1,83.73296725869552,75.4145025451515,335.4367119158382
2026-01-02 09:29:00,app-pod-1,81.47117516841897,71.30445282609816,338.3652142361194
2026-01-02 09:29:15,app-pod-1,87.1414789082607,87.8289744131237,365.4855153836534
2026-01-02 09:29:30,app-pod-1,87.89843510311275,85.94047354732739,361.9825802041505
2026-01-02 09:29:45,app-pod-1,87.45620874698692,79.79469890997429,356.60285621113593
2026-01-02 09:30:00,app-pod-1,82.07484302211827,79.21328165732163,326.1748668984186
2026-01-02 09:30:15,app-pod-1,80.4205316638661,78.24287661665895,313.14814826128827
2026-01-02 09:30:30,app-pod-1,87.09544477217861,92.68122913090534,356.4669520536994
2026-01-02 09:30:45,app-pod-1,84.87890095944758,83.77807407619183,323.75196799242815
2026-01-02 09:31:00,app-pod-1,84.21557351240628,83.12474955232491,338.6492248862972
2026-01-02 09:31:15,app-pod-1,81.31155096423419,77.1079907403106,309.11104437525483
2026-01-02 09:31:30,app-pod-1,84.47205100395918,76.95831591072054,337.26903121545945
2026-01-02 09:31:45,app-pod-1,79.92182337047703,82.858827622642,303.88163963453127
2026-01-02 09:32:00,app-pod-1,85.06242825825552,82.80506036860979,334.2412599600231
2026-01-02 09:32:15,app-pod-1,87.27947060725813,76.94791965480869,338.9785872192404
2026-01-02 09:32:30,app-pod-1,88.01850215719092,83.88228428173284,340.1256381881618
2026-01-02 09:32:45,app-pod-1,85.23347842418856,83.85036533903605,339.62355842558816
2026-01-02 09:33:00,app-pod-1,78.94436808952727,64.78190288120479,279.4204498199181
2026-01-02 09:33:15,app-pod-1,83.66493536869162,73.95352079516078,307.6225595257991
2026-01-02 09:33:30,app-pod-1,89.4744882272299,84.44596588926045,369.95364249379384
2026-01-02 09:33:45,app-pod-1,80.43209204549925,66.68015791270568,323.9405500696314
2026-01-02 09:34:00,app-pod-1,82.84285174327364,69.15934039086508,320.52090782099606
2026-01-02 09:34:15,app-pod-1,87.24342500685374,79.7180888028263,363.58225047351374
2026-01-02 09:34:30,app-pod-1,84.83669507226296,81.84340784605877,329.759118239722
2026-01-02 09:34:45,app-pod-1,90.4081895201269,85.97465119859442,352.93735834812554
2026-01-02 09:35:00,app-pod-1,80.75152554456334,84.43806564465163,311.25532305176336
2026-01-02 09:35:15,app-pod-1,79.96326541247902,76.38560522818281,348.45234321078595
2026-01-02 09:35:30,app-pod-1,86.5872941014778,78.74784160373184,349.8757024244936
2026-01-02 09:35:45,app-pod-1,79.30965290320717,68.97995910146876,320.1742747255614
2026-01-02 09:36:00,app-pod-1,82.2893418063743,75.67940118232683,336.15338200981347
2026-01-02 09:36:15,app-pod-1,82.6650491348026,81.40318093434544,302.86955417249135
2026-01-02 09:36:30,app-pod-1,85.95228621885308,83.93021137063275,334.89901785158196
2026-01-02 09:36:45,app-pod-1,84.66943678587148,80.59170078375249,345.5025500666244
2026-01-02 09:37:00,app-pod-1,84.18012878225674,81.6616648240533,336.6588878684576
2026-01-02 09:37:15,app-pod-1,81.5839286598415,83.490667857262,359.41699514418457
2026-01-02 09:37:30,app-pod-1,86.41850672157933,80.86931392070532,337.6461532603733
2026-01-02 09:37:45,app-pod-1,94.833226301362,93.21985259970458,393.48065090910535
2026-01-02 09:38:00,app-pod-1,84.81184613796499,75.73505810007876,351.33744890802166
2026-01-02 09:38:15,app-pod-1,83.01924831214824,77.74701859580131,334.2193067660522
2026-01-02 09:38:30,app-pod-1,78.80886082628068,72.76203642909437,320.1014949342371
2026-01-02 09:38:45,app-pod-1,80.77220966365205,80.50407242325147,318.7358326654565
2026-01-02 09:39:00,app-pod-1,82.02571382588019,72.34557744515888,298.5053293669316
2026-01-02 09:39:15,app-pod-1,81.04522058800329,75.12282703408485,329.41863637866186
2026-01-02 09:39:30,app-pod-1,82.58295087247873,68.50968315662183,336.7582291861304
2026-01-02 09:39:45,app-pod-1,87.94738198113215,84.53504781464181,360.5742119872723
2026-01-02 09:40:00,app-pod-1,86.33697020610609,86.66983052290168,346.2943257709279
2026-01-02 09:40:15,app-pod-1,82.10109335777565,82.02430510694344,342.9603896074871
2026-01-02 09:40:30,app-pod-1,78.93486009753212,79.31754013562137,302.7495904131803
2026-01-02 09:40:45,app-pod-1,86.55389767704276,84.78473035382967,368.2414048327734
2026-01-02 09:41:00,app-pod-1,82.37671315851941,81.1621683531461,314.68812649557583
2026-01-02 09:41:15,app-pod-1,77.32644236774836,77.20048776995424,307.6881815412088
2026-01-02 09:41:30,app-pod-1,84.62528812210823,82.63226897361889,348.7142587938094
2026-01-02 09:41:45,app-pod-1,85.54709841917904,76.60455824388752,334.4640972549889
2026-01-02 09:42:00,app-pod-1,75.17434025067008,71.62107095786982,311.93243757130176
2026-01-02 09:42:15,app-pod-1,79.96041515860291,76.3235069145646,314.69987902587167
2026-01-02 09:42:30,app-pod-1,82.0847172125403,75.78077635528064,330.11086425101684
2026-01-02 09:42:45,app-pod-1,84.60159870520361,71.38957091346833,335.6894664961658
2026-01-02 09:43:00,app-pod-1,80.83279952700629,70.40791473443471,314.6789592285941
2026-01-02 09:43:15,app-pod-1,79.86557349079493,77.05578201867382,353.2284211094308
2026-01-02 09:43:30,app-pod-1,84.5254534892985,83.69669698611854,325.50559992831745
2026-01-02 09:43:45,app-pod-1,80.92091181304107,76.69134781492728,289.3919652189915
2026-01-02 09:44:00,app-pod-1,83.93396274803848,92.5778832328979,323.6813071065774
2026-01-02 09:44:15,app-pod-1,78.95515838707412,70.66979872017552,317.790071876954
2026-01-02 09:44:30,app-pod-1,78.21459956362048,76.97493040486282,307.20560174127706
2026-01-02 09:44:45,app-pod-1,84.51928609864432,85.61951332229822,353.3557792725028
2026-01-02 09:45:00,app-pod-1,82.99290511832112,83.42341918865267,346.70437747591046
2026-01-02 09:45:15,app-pod-1,84.98456612692428,82.76453059772008,335.16239775513696
2026-01-02 09:45:30,app-pod-1,80.60126026430004,81.77215205422057,297.17162236498444
2026-01-02 09:45:45,app-pod-1,38.67160979410732,47.34709859416362,135.43920366261352
2026-01-02 09:46:00,app-pod-1,45.12089636886388,59.89903618230747,180.0005497653296
2026-01-02 09:46:15,app-pod-1,36.45166428382709,51.93196053045027,122.33901341392432
2026-01-02 09:46:30,app-pod-1,44.75671045945175,47.06855931806349,173.5100190810685
2026-01-02 09:46:45,app-pod-1,44.945617118657445,53.06977167123215,201.10201027617518
2026-01-02 09:47:00,app-pod-1,43.546133133196506,42.74581004560329,179.32702965507252
2026-01-02 09:47:15,app-pod-1,38.884190585144594,54.82787827577976,156.22178130005204
2026-01-02 09:47:30,app-pod-1,38.479777145084796,48.05700120671803,138.30751929230047
2026-01-02 09:47:45,app-pod-1,40.28090385039161,54.94049691560919,163.84968029088222
2026-01-02 09:48:00,app-pod-1,37.007661669806346,45.35857564502529,144.152784681581
2026-01-02 09:48:15,app-pod-1,37.98939527350712,37.311239197628424,155.53713202377466
2026-01-02 09:48:30,app-pod-1,42.79036377409492,63.140092347216395,182.06792251265423
2026-01-02 09:48:45,app-pod-1,42.78587895416753,50.60555800385347,184.61537069248584
2026-01-02 09:49:00,app-pod-1,37.670764947755,41.3684923464195,152.6164189628499
2026-01-02 09:49:15,app-pod-1,42.82950017488814,55.70946156437614,178.99684463413058
2026-01-02 09:49:30,app-pod-1,42.14567637543941,59.68125986902906,160.90299561326054
2026-01-02 09:49:45,app-pod-1,45.2940444806437,50.69364026416552,198.16471679054933
2026-01-02 09:50:00,app-pod-1,42.45340149253905,49.22116899114248,156.5067494375475
2026-01-02 09:50:15,app-pod-1,43.903328991382146,51.9225614675254,172.50129072790554
2026-01-02 09:50:30,app-pod-1,42.14039950133252,43.943426493172254,187.110863715334
2026-01-02 09:50:45,app-pod-1,43.630522213033764,47.08802830121678,167.2971524975236
2026-01-02 09:51:00,app-pod-1,36.810938848608906,54.67728651585134,127.13197038228847
2026-01-02 09:51:15,app-pod-1,40.288599682266636,47.54098758808907,154.99314499849683
2026-01-02 09:51:30,app-pod-1,40.51841480708357,44.17510547483245,182.94967340902272
2026-01-02 09:51:45,app-pod-1,39.885630673984366,45.659731989972684,125.48147878578243
2026-01-02 09:52:00,app-pod-1,41.93004517561427,54.71515005958066,169.2560783879802
2026-01-02 09:52:15,app-pod-1,42.483016406882854,39.8586270591933,160.42201271653042
2026-01-02 09:52:30,app-pod-1,41.73812824422079,50.4899392577238,164.43800145224964
2026-01-02 09:52:45,app-pod-1,40.01199237187308,60.31948838552346,154.81980923666643
2026-01-02 09:53:00,app-pod-1,38.31708823350203,56.977274899896564,167.67560170979897
2026-01-02 09:53:15,app-pod-1,43.79727863004455,53.52410894512455,175.99623532717857
2026-01-02 09:53:30,app-pod-1,41.5363482910764,55.65765685397338,181.30341467908636
2026-01-02 09:53:45,app-pod-1,37.41272522091366,52.72303907862093,168.91287295383438
2026-01-02 09:54:00,app-pod-1,39.86890866937011,47.27897605111358,159.92408976135104
2026-01-02 09:54:15,app-pod-1,35.20146432486115,49.26499404422434,135.4133896649518
2026-01-02 09:54:30,app-pod-1,40.51885485228867,57.30611349053885,167.73317788922893
2026-01-02 09:54:45,app-pod-1,39.79897044246921,41.540468094107794,167.74868606314058
2026-01-02 09:55:00,app-pod-1,38.652064312144404,49.93969940590907,137.3088958427103
2026-01-02 09:55:15,app-pod-1,45.11060827967931,53.38480303621827,183.98339024538043
2026-01-02 09:55:30,app-pod-1,36.8696755750142,46.32459532738099,143.67530791872665
2026-01-02 09:55:45,app-pod-1,42.438634710588346,49.78021082573874,163.4493118817489
2026-01-02 09:56:00,app-pod-1,46.86088598099671,53.96097004934984,177.0793692591719
2026-01-02 09:56:15,app-pod-1,43.513858595014504,52.03756200575758,164.66963204606057
2026-01-02 09:56:30,app-pod-1,40.168719688497305,53.711180246264,179.50949152215082
2026-01-02 09:56:45,app-pod-1,36.84239905498339,48.17225265462427,141.9097082763773
2026-01-02 09:57:00,app-pod-1,36.139675191787674,44.40838966086951,161.71507839569043
2026-01-02 09:57:15,app-pod-1,38.97245121708389,43.08110856450358,157.85520359138818
2026-01-02 09:57:30,app-pod-1,38.1273365350751,44.32692298541738,135.5186268018278
2026-01-02 09:57:45,app-pod-1,38.010918321579624,47.91347333950089,154.90519428135224
2026-01-02 09:58:00,app-pod-1,39.17182689280034,43.889925135548594,138.86851417705384
2026-01-02 09:58:15,app-pod-1,39.825222112800624,52.60704092253354,168.40807294310727
2026-01-02 09:58:30,app-pod-1,41.5687833104956,51.24842402071119,163.1585329628477
2026-01-02 09:58:45,app-pod-1,36.380930851522166,51.18428869635056,158.35145102253713
2026-01-02 09:59:00,app-pod-1,38.02874815251138,43.42602760192283,173.61818036003874
2026-01-02 09:59:15,app-pod-1,39.5776113345134,43.54898961091813,132.28026834651362
2026-01-02 09:59:30,app-pod-1,39.45130807828275,53.29620178613625,150.88804875036948
2026-01-02 09:59:45,app-pod-1,45.52815891231237,52.51948102195642,163.9707356291547
2026-01-02 10:00:00,app-pod-1,40.696739778171576,47.47513220021065,195.16087737227988
2026-01-02 10:00:15,app-pod-1,35.1403308749329,48.09153409071501,133.9566375883861
2026-01-02 10:00:30,app-pod-1,41.21673282975477,52.158959174056974,145.14024751482347
2026-01-02 10:00:45,app-pod-1,41.58025649328504,42.82736086163307,199.92610543039137
2026-01-02 10:01:00,app-pod-1,39.54894598876994,54.6074878075694,147.3046913553859
2026-01-02 10:01:15,app-pod-1,36.265192989651396,43.33360037567911,120.73286198572279
2026-01-02 10:01:30,app-pod-1,45.160588251663285,60.112502014873826,163.26636443773313
2026-01-02 10:01:45,app-pod-1,36.65780181385146,38.99271820187771,148.77907504403942
2026-01-02 10:02:00,app-pod-1,41.830787821317145,50.868545887323556,168.00936271623237
2026-01-02 10:02:15,app-pod-1,40.42962871792437,47.37263409785468,149.17847590521373
2026-01-02 10:02:30,app-pod-1,41.61290301027547,39.25285872502191,159.1758956958248
2026-01-02 10:02:45,app-pod-1,44.912027694547334,54.729459276441446,180.44432616245226
2026-01-02 10:03:00,app-pod-1,41.4573414463622,39.400453878728506,185.68805656547156
2026-01-02 10:03:15,app-pod-1,38.077391428379876,45.195839695030784,157.30874982059194
2026-01-02 10:03:30,app-pod-1,43.05230860880003,55.65799341474096,163.7617466362996
2026-01-02 10:03:45,app-pod-1,37.82196952419446,43.82519878046092,147.86150174231707
2026-01-02 10:04:00,app-pod-1,40.186866439112556,43.61213574980118,172.29311472200854
2026-01-02 10:04:15,app-pod-1,35.79785457386675,49.06028055451677,168.392421598735
2026-01-02 10:04:30,app-pod-1,36.558163193990495,44.34312398314635,129.66352361339472
2026-01-02 10:04:45,app-pod-1,39.79305687322079,45.82984133780545,175.88387061940287
2026-01-02 10:05:00,app-pod-1,40.72403550413037,54.88178723873787,158.20446695526152
2026-01-02 10:05:15,app-pod-1,34.493470580107164,38.30903573030213,113.6104798548148
2026-01-02 10:05:30,app-pod-1,41.073360198058126,46.45331586128857,136.95992007532183
2026-01-02 10:05:45,app-pod-1,37.10405540900069,50.30507384164934,168.4288410304758
2026-01-02 10:06:00,app-pod-1,43.382239252205665,44.207830698996375,195.3293171344119
2026-01-02 10:06:15,app-pod-1,38.46810342957965,55.80440819938672,145.33617595881125
2026-01-02 10:06:30,app-pod-1,36.13394008554926,44.209520634550614,141.35359060748053
2026-01-02 10:06:45,app-pod-1,39.71301943634236,52.171750512501475,132.11669342842825
2026-01-02 10:07:00,app-pod-1,36.717688340460704,50.064557728435204,158.3013675475945
2026-01-02 10:07:15,app-pod-1,43.25400508505655,49.51636393972744,172.5903130876718
2026-01-02 10:07:30,app-pod-1,39.42952535911926,45.20560719215068,134.43394270794784
2026-01-02 10:07:45,app-pod-1,38.95365872459325,47.05273829744429,158.8857462646448
2026-01-02 10:08:00,app-pod-1,41.16483431251084,52.37880525620946,143.81780090910772
2026-01-02 10:08:15,app-pod-1,36.355320427367744,40.51660007935313,153.78373191055675
2026-01-02 10:08:30,app-pod-1,35.48342211856782,38.822102539341955,125.69159437850676
2026-01-02 10:08:45,app-pod-1,40.55664703573807,55.81066653378476,167.28262566892005
2026-01-02 10:09:00,app-pod-1,36.013278282475795,41.53501944556857,134.25762602309655
2026-01-02 10:09:15,app-pod-1,35.99294697353988,46.96548229161993,108.48630000238826
2026-01-02 10:09:30,app-pod-1,41.78392149891454,48.23772400474466,182.0781055846827
2026-01-02 10:09:45,app-pod-1,40.829510670838836,47.79132941347012,179.08205852000705
2026-01-02 10:10:00,app-pod-1,35.47348363734196,51.98338715307759,134.06718404817153
2026-01-02 10:10:15,app-pod-1,37.35820707088901,45.72489901083469,153.54920396459025
2026-01-02 10:10:30,app-pod-1,36.48505250111825,43.75540610969338,152.51287927667462
2026-01-02 10:10:45,app-pod-1,44.50582608960123,49.805500081346395,185.0806461404035
2026-01-02 10:11:00,app-pod-1,41.87550958505096,46.79556461414815,193.38601583322313
2026-01-02 10:11:15,app-pod-1,37.87554297459259,43.162426619089594,157.75414400017382
2026-01-02 10:11:30,app-pod-1,40.84724991740302,46.09584062760271,158.024142757277
2026-01-02 10:11:45,app-pod-1,35.03068477793723,52.83752990899914,146.54148156634488
2026-01-02 10:12:00,app-pod-1,37.06187154122245,49.50075421415784,141.79826605428372
2026-01-02 10:12:15,app-pod-1,39.374955647505914,45.836486208955776,141.51651260626562
2026-01-02 10:12:30,app-pod-1,40.397603170972154,53.186600392774615,179.88651778778376
2026-01-02 10:12:45,app-pod-1,38.72906786296275,39.17437849713707,162.92867876847768
2026-01-02 10:13:00,app-pod-1,39.74600935289139,54.70059830560233,131.0597444097483
2026-01-02 10:13:15,app-pod-1,39.21749107030589,53.92802259834873,146.6149822524485
2026-01-02 10:13:30,app-pod-1,38.47225166571751,58.112246236120455,165.25362144670115
2026-01-02 10:13:45,app-pod-1,38.055038611390536,51.69628422336666,128.76278566194247
2026-01-02 10:14:00,app-pod-1,37.64516164416282,48.53778587023983,139.2866486891075
2026-01-02 10:14:15,app-pod-1,39.600239043595124,54.17586925485733,198.32360044637593
2026-01-02 10:14:30,app-pod-1,40.11733294533982,44.95308590486989,155.50307348828306
2026-01-02 10:14:45,app-pod-1,39.460412767500216,45.6452064787394,174.08205789123625
2026-01-02 10:15:00,app-pod-1,35.30998265437687,44.395763765796616,163.746935591349
2026-01-02 10:15:15,app-pod-1,35.82941826409723,51.925000439370024,129.69021161478747
2026-01-02 10:15:30,app-pod-1,40.00326474611713,43.72289355837082,164.0085383014228
2026-01-02 10:15:45,app-pod-1,43.202046261932516,45.43112389550446,203.69049137429994
2026-01-02 10:16:00,app-pod-1,39.22466932045783,48.639958915355564,163.79154832895006
2026-01-02 10:16:15,app-pod-1,37.51280384175331,49.84661517460665,185.53399572588242
2026-01-02 10:16:30,app-pod-1,39.401206179795174,44.06544144615624,148.05145046702188
2026-01-02 10:16:45,app-pod-1,35.29808589444008,48.060749889967724,168.14879974059832
2026-01-02 10:17:00,app-pod-1,42.615734617697726,56.673010942640424,170.71304829539355
2026-01-02 10:17:15,app-pod-1,39.2290322286907,53.46263102750111,152.00392790964295
2026-01-02 10:17:30,app-pod-1,36.64121248697167,47.41531258352137,156.16546032117859
2026-01-02 10:17:45,app-pod-1,38.12952176752023,46.237676492819276,150.84621012875957
2026-01-02 10:18:00,app-pod-1,37.029113239975075,54.598497446219625,146.8479214343568
2026-01-02 10:18:15,app-pod-1,42.52553539157982,49.84489474656313,177.38003085323462
2026-01-02 10:18:30,app-pod-1,37.96409849578498,51.27664204512551,124.74038333354305
2026-01-02 10:18:45,app-pod-1,39.01719910695243,57.103446770794584,144.08895364647267
2026-01-02 10:19:00,app-pod-1,40.25255416798305,52.353128315737806,171.84986257933195
2026-01-02 10:19:15,app-pod-1,36.28933776457657,40.417080270668535,160.03030738194457
2026-01-02 10:19:30,app-pod-1,39.07301862401974,41.15599913027238,161.65049012207882
2026-01-02 10:19:45,app-pod-1,39.29543947894162,46.01866053494363,161.31981616855168
2026-01-02 10:20:00,app-pod-1,33.79012877175212,47.200585757517615,141.1956469290335
2026-01-02 10:20:15,app-pod-1,39.19067710763371,49.65740330956366,171.12968471830678
2026-01-02 10:20:30,app-pod-1,38.27551381892389,57.828270000565084,131.7086352178029
2026-01-02 10:20:45,app-pod-1,38.782901252064676,49.32331231525231,147.48949515755623
2026-01-02 10:21:00,app-pod-1,38.48008389122028,45.298852640101025,152.8038993269499
2026-01-02 10:21:15,app-pod-1,39.130886781268444,41.724910231338455,159.46039256059808
2026-01-02 10:21:30,app-pod-1,42.345579311335314,55.54409240742144,137.73773597510603
2026-01-02 10:21:45,app-pod-1,34.775189953752104,44.312326821585216,120.23985627543945
2026-01-02 10:22:00,app-pod-1,37.26740784662353,38.55648665147281,148.81972424513506
2026-01-02 10:22:15,app-pod-1,40.273863534164015,48.303007488491154,176.29256491265863
2026-01-02 10:22:30,app-pod-1,39.69691819927163,42.809152183855105,152.5020736036413
2026-01-02 10:22:45,app-pod-1,39.61248038322826,45.6005487165107,148.44657012203524
2026-01-02 10:23:00,app-pod-1,46.47510869928955,52.563535971716014,193.83046150019973
2026-01-02 10:23:15,app-pod-1,40.03688717930402,43.499930783837854,155.226484138218
2026-01-02 10:23:30,app-pod-1,41.5673877996952,46.65905061500486,179.48302822708297
2026-01-02 10:23:45,app-pod-1,37.233442311327195,42.34281044736244,145.6138829409359
2026-01-02 10:24:00,app-pod-1,35.15599573982418,41.02275103627575,123.89574506846745
2026-01-02 10:24:15,app-pod-1,37.17184526783272,40.980189101825104,169.99632519217514
2026-01-02 10:24:30,app-pod-1,40.23073310768913,45.747690352366774,179.48184642256058
2026-01-02 10:24:45,app-pod-1,39.29538156411208,43.033274886008684,142.84933409240406
2026-01-02 10:25:00,app-pod-1,39.264687908971396,50.41820211615921,162.9943056155105
2026-01-02 10:25:15,app-pod-1,37.39192684967378,47.178349062423095,144.66766673534775
2026-01-02 10:25:30,app-pod-1,36.89356880562389,51.799074288890665,156.86023712375257
2026-01-02 10:25:45,app-pod-1,37.455412044066314,55.65230538303443,136.6863213998706
2026-01-02 10:26:00,app-pod-1,40.14840772900059,51.49051047990926,173.6712639527797
2026-01-02 10:26:15,app-pod-1,40.47715177505147,50.58194136570256,179.83287938671435
2026-01-02 10:26:30,app-pod-1,34.91622318785076,48.143042592970005,125.45475167026765
2026-01-02 10:26:45,app-pod-1,40.201945019595506,50.474305598727646,161.82328227915167
2026-01-02 10:27:00,app-pod-1,35.94271343541667,45.41089613192463,162.01032881242494
2026-01-02 10:27:15,app-pod-1,39.28159247538616,47.35048570103332,142.10593092919328
2026-01-02 10:27:30,app-pod-1,37.27887131430403,40.98686009970266,139.0830860874446
2026-01-02 10:27:45,app-pod-1,42.53206586475608,53.967043876853445,180.05433355446195
2026-01-02 10:28:00,app-pod-1,36.56039868284204,45.43580502869778,143.83125778047696
2026-01-02 10:28:15,app-pod-1,38.33037114650553,54.078854674007076,129.69236303344354
2026-01-02 10:28:30,app-pod-1,39.5942188757262,52.29163273093492,153.57358139152237
2026-01-02 10:28:45,app-pod-1,35.132457381009765,41.46296205532695,166.72643655368213
2026-01-02 10:29:00,app-pod-1,37.5156480664556,52.49440888101269,181.00591736233983
2026-01-02 10:29:15,app-pod-1,36.914340677187205,33.03632869151316,138.10106653257978
2026-01-02 10:29:30,app-pod-1,36.15252180006682,54.957893984835835,130.91056124152266
2026-01-02 10:29:45,app-pod-1,36.35465100992755,38.75602931820096,138.54842468670267
2026-01-02 10:30:00,app-pod-1,40.9897124417122,51.168359605052885,190.98735608535512
2026-01-02 10:30:15,app-pod-1,35.83785596875562,47.22358000886657,155.98282941203715
2026-01-02 10:30:30,app-pod-1,39.31256226358572,53.13737789371875,179.2115260432182
2026-01-02 10:30:45,app-pod-1,38.536945004998095,45.33237746697661,169.1280063734652
2026-01-02 10:31:00,app-pod-1,33.38203199972313,32.63983004049591,113.73766523551684
2026-01-02 10:31:15,app-pod-1,39.11028399930375,45.74075924260985,142.20841855288623
2026-01-02 10:31:30,app-pod-1,33.29203040459116,42.208609770715526,122.72552445107011
2026-01-02 10:31:45,app-pod-1,39.39663090510643,37.33168155048798,149.75690325640056
2026-01-02 10:32:00,app-pod-1,35.970556938925725,45.40624790205169,133.7076228614589
2026-01-02 10:32:15,app-pod-1,37.49700116081967,40.86864336925104,141.55853159568764
2026-01-02 10:32:30,app-pod-1,33.568818194003065,46.74359825126941,143.88262772641693
2026-01-02 10:32:45,app-pod-1,37.7985547887133,45.228589672966734,153.231164383659
2026-01-02 10:33:00,app-pod-1,40.19200000410859,57.93987443047468,179.06467118899064
2026-01-02 10:33:15,app-pod-1,34.96998457981428,43.19809592166759,143.65751304661114
2026-01-02 10:33:30,app-pod-1,35.549102924640074,47.036328378954025,132.05226485689764
2026-01-02 10:33:45,app-pod-1,38.71418180259655,46.03456972952007,157.68365648265825
2026-01-02 10:34:00,app-pod-1,38.76887950542676,39.02187471149669,132.40586107466459
2026-01-02 10:34:15,app-pod-1,30.007183719770502,39.981463578151875,85.35117677200917
2026-01-02 10:34:30,app-pod-1,43.33562908893134,54.102007568109336,182.99069880526747
2026-01-02 10:34:45,app-pod-1,38.85475015706086,50.20827413826741,170.69365151015603
2026-01-02 10:35:00,app-pod-1,39.33951675303294,46.07132303798372,158.44000832802936
2026-01-02 10:35:15,app-pod-1,36.797801859561034,38.474680717112896,141.32162329009643
2026-01-02 10:35:30,app-pod-1,31.642016506578276,45.371704493271224,106.44001293579146
2026-01-02 10:35:45,app-pod-1,39.21188847169858,49.545754857506445,174.35142933836408
2026-01-02 10:36:00,app-pod-1,35.47179490621336,49.04731070361235,149.27513159472798
2026-01-02 10:36:15,app-pod-1,38.778782247890035,45.77458659734991,159.48273222126457
2026-01-02 10:36:30,app-pod-1,36.470203624702336,37.10726857324384,145.8084577403805
2026-01-02 10:36:45,app-pod-1,37.82033616295746,49.1430362294537,144.23778387010645
2026-01-02 10:37:00,app-pod-1,34.760831615726616,44.28686830564121,122.34408309323507
2026-01-02 10:37:15,app-pod-1,39.65858189083623,54.71942619058592,162.42488986357174
2026-01-02 10:37:30,app-pod-1,33.479863840051685,43.57956985026827,125.84158167430624
2026-01-02 10:37:45,app-pod-1,43.761286747138556,50.40556627704947,168.6857313541145
2026-01-02 10:38:00,app-pod-1,43.71799353015041,52.688867830435186,200.63966059765346
2026-01-02 10:38:15,app-pod-1,41.88180720134018,46.332609696932465,166.80606790413705
2026-01-02 10:38:30,app-pod-1,40.78969791201928,45.32710993279564,126.36445937669298
2026-01-02 10:38:45,app-pod-1,36.68916010408437,45.19293574116935,138.72476376515743
2026-01-02 10:39:00,app-pod-1,40.4219812587915,43.693355339804185,146.66614881395827
2026-01-02 10:39:15,app-pod-1,36.613339372511504,44.483860233428224,144.36506198186342
2026-01-02 10:39:30,app-pod-1,32.22083575377962,52.25239181488923,107.51685704603399
2026-01-02 10:39:45,app-pod-1,41.370503947538865,54.17252139690903,171.9864901995491
2026-01-02 10:40:00,app-pod-1,40.226876255280885,49.69900308569487,156.46650711413102
2026-01-02 10:40:15,app-pod-1,36.72588056513839,53.466502700371464,139.76783385477134
2026-01-02 10:40:30,app-pod-1,33.12383202262646,39.06220192580529,134.73960771111481
2026-01-02 10:40:45,app-pod-1,35.02026158073077,56.966382455911514,138.9311936061235
2026-01-02 10:41:00,app-pod-1,31.29489760540403,39.60391573598418,123.15893989665358
2026-01-02 10:41:15,app-pod-1,39.57303962569835,57.72015721553474,154.9293581385475
2026-01-02 10:41:30,app-pod-1,31.90732485764632,52.33214263925067,127.32458618153164
2026-01-02 10:41:45,app-pod-1,37.55719106613702,37.523884712309886,155.3764053389784
2026-01-02 10:42:00,app-pod-1,34.14505714133636,51.23700071464452,139.84978302017586
2026-01-02 10:42:15,app-pod-1,32.37545763464183,41.243274641985906,146.4050242167707
2026-01-02 10:42:30,app-pod-1,37.350056114902756,43.30519699384158,141.19988085675496
2026-01-02 10:42:45,app-pod-1,35.61300764950466,47.552295955478186,146.02391900901418
2026-01-02 10:43:00,app-pod-1,39.108380221531846,42.3362895312985,193.12505203057603
2026-01-02 10:43:15,app-pod-1,32.77039635282964,45.44926288656214,130.46728100620754
2026-01-02 10:43:30,app-pod-1,34.28065965481243,39.29248934688087,137.08994322842923
2026-01-02 10:43:45,app-pod-1,29.369060600959763,41.443738816980925,98.52544967816766
2026-01-02 10:44:00,app-pod-1,29.958323042159385,47.64763902496231,109.13513492153601
2026-01-02 10:44:15,app-pod-1,41.8853084338424,51.25230558085194,165.94574206033548
2026-01-02 10:44:30,app-pod-1,42.720886327572714,48.10566249289516,178.88534983747215
2026-01-02 10:44:45,app-pod-1,36.72762290347487,48.416391586622005,156.64793965390012
2026-01-02 10:45:00,app-pod-1,33.9573030083437,36.73771089581609,140.72332163976088
2026-01-02 10:45:15,app-pod-1,35.512779898161675,40.664642007733,154.11258980091438
2026-01-02 10:45:30,app-pod-1,39.00817902555508,45.15437501535348,141.04257175493683
2026-01-02 10:45:45,app-pod-1,34.82361150158486,48.31077928170003,146.62819553760508
2026-01-02 10:46:00,app-pod-1,37.05899472922691,47.970290079565984,148.43627440746894
2026-01-02 10:46:15,app-pod-1,36.28713199241861,48.07682466719973,147.0219609179213
2026-01-02 10:46:30,app-pod-1,34.59826162270681,44.0818703913426,132.95826446047658
2026-01-02 10:46:45,app-pod-1,34.70541338203711,40.35329113741315,124.52619843475416
2026-01-02 10:47:00,app-pod-1,37.14323874473153,53.44085180415875,130.34566045693686
2026-01-02 10:47:15,app-pod-1,33.311888777429566,39.82935487186239,138.05763211580253
2026-01-02 10:47:30,app-pod-1,37.57701085229238,48.39910234513377,157.77581851120584
2026-01-02 10:47:45,app-pod-1,34.786348161884604,43.78992044755047,137.2018385059834
2026-01-02 10:48:00,app-pod-1,36.56244180144365,48.40867509618383,146.02756434043567
2026-01-02 10:48:15,app-pod-1,40.31147507861283,45.190597628944296,150.4427393935265
2026-01-02 10:48:30,app-pod-1,35.634251407669545,50.207361789803926,150.0829319067521
2026-01-02 10:48:45,app-pod-1,38.877473422507045,54.10562097493461,156.4192774999999
2026-01-02 10:49:00,app-pod-1,30.721187412908723,46.46144660151796,117.40054216349562
2026-01-02 10:49:15,app-pod-1,34.665415263035776,45.05391731399328,151.65291200885875
2026-01-02 10:49:30,app-pod-1,36.1387812600797,43.121520651537374,154.23041670233007
2026-01-02 10:49:45,app-pod-1,41.80491132159834,63.37399684441663,144.1816110768581
2026-01-02 10:50:00,app-pod-1,30.134259740305808,36.135859094404225,121.27429612840375
2026-01-02 10:50:15,app-pod-1,35.70467595424682,49.399420926573434,128.44515861375623
2026-01-02 10:50:30,app-pod-1,40.34255451100935,49.90371259808966,163.4630421195206
2026-01-02 10:50:45,app-pod-1,33.59660205406219,43.20493422694992,87.1087161075624
2026-01-02 10:51:00,app-pod-1,35.292315068234416,45.63043524643416,144.1264213922624
2026-01-02 10:51:15,app-pod-1,36.905209627161,43.28257022220619,158.30059582126114
2026-01-02 10:51:30,app-pod-1,36.44267247327638,47.6451484475197,144.10881849806165
2026-01-02 10:51:45,app-pod-1,40.565605371020375,49.980046189514596,144.79164390130913
2026-01-02 10:52:00,app-pod-1,37.19285552467442,59.42326498189796,178.1169769115221
2026-01-02 10:52:15,app-pod-1,39.809885972864905,53.22103125642424,176.57895188116188
2026-01-02 10:52:30,app-pod-1,34.7256684731595,46.88738179184369,130.93675310858052
2026-01-02 10:52:45,app-pod-1,33.56323666184286,46.37206032983813,130.33758941533085
2026-01-02 10:53:00,app-pod-1,35.08675578362286,53.75841732601473,110.63156064929298
2026-01-02 10:53:15,app-pod-1,32.26572169110496,37.73387236007211,136.16389671976
2026-01-02 10:53:30,app-pod-1,37.172664834664374,45.10720166545621,128.15207890896562
2026-01-02 10:53:45,app-pod-1,34.54358737376569,34.64481702324234,148.16983103524322
2026-01-02 10:54:00,app-pod-1,33.66494019414603,46.35932734671172,150.04888963171962
2026-01-02 10:54:15,app-pod-1,37.155360545924985,50.24962113486899,147.56748657953707
2026-01-02 10:54:30,app-pod-1,32.207309671953965,37.5671165091936,112.8624321848585
2026-01-02 10:54:45,app-pod-1,37.92902862699322,53.72572012889877,170.45136552384952
2026-01-02 10:55:00,app-pod-1,34.16156811514575,40.31869771747809,136.6788143115864
2026-01-02 10:55:15,app-pod-1,39.05292124866018,45.624704328979306,157.61006569350744
2026-01-02 10:55:30,app-pod-1,34.37646418293713,44.661354506156144,123.53284967845521
2026-01-02 10:55:45,app-pod-1,37.42944430897294,54.17159283008013,152.61358631116948
2026-01-02 10:56:00,app-pod-1,36.05143423765868,40.94501487595658,141.16204836282867
2026-01-02 10:56:15,app-pod-1,37.72347798484212,47.8626702162179,130.96659487521126
2026-01-02 10:56:30,app-pod-1,35.800631752776134,48.934631000905405,163.30241128539313
2026-01-02 10:56:45,app-pod-1,30.459611042179915,44.16407854792337,148.22532074846902
2026-01-02 10:57:00,app-pod-1,38.455189615027884,49.94563789585303,169.09379337816353
2026-01-02 10:57:15,app-pod-1,35.14475948821637,48.408832752621166,153.61153574321884
2026-01-02 10:57:30,app-pod-1,37.75534931112896,43.65513089476467,177.49795965337375
2026-01-02 10:57:45,app-pod-1,37.43652692332803,54.64446778048124,134.0336414579763
2026-01-02 10:58:00,app-pod-1,33.0248780785311,42.561667664109635,116.20696112865947
2026-01-02 10:58:15,app-pod-1,32.579354975081685,41.586307467645156,124.10150764049764
2026-01-02 10:58:30,app-pod-1,37.26877382921516,52.82626918701938,153.54291082724978
2026-01-02 10:58:45,app-pod-1,34.37192246114244,40.907511388414854,133.09833226552914
2026-01-02 10:59:00,app-pod-1,38.069912127559,48.25032944278641,136.97976386631487
2026-01-02 10:59:15,app-pod-1,34.704969940677685,40.679305838498195,138.90472483587325
2026-01-02 10:59:30,app-pod-1,38.28874434709005,59.39830012018812,151.73928118769405
2026-01-02 10:59:45,app-pod-1,36.46736450327896,57.07042773592921,158.4893164511389
2026-01-02 11:00:00,app-pod-1,36.040305883192865,44.67700921105228,144.82932665031208
2026-01-02 11:00:15,app-pod-1,34.03327099779227,46.422575565957246,107.56466681716711
2026-01-02 11:00:30,app-pod-1,35.831504993803186,45.108052520899136,149.10804130792386
2026-01-02 11:00:45,app-pod-1,38.69169174481144,45.341186779326016,178.49354798467772
2026-01-02 11:01:00,app-pod-1,34.929392588120585,45.04873230721374,140.15147976422372
2026-01-02 11:01:15,app-pod-1,36.664461600242774,45.46211594405764,161.46222576817894
2026-01-02 11:01:30,app-pod-1,35.18891176905226,37.02890120117676,133.17879220026254
2026-01-02 11:01:45,app-pod-1,35.40253093079789,46.09688825938647,150.0963596288972
2026-01-02 11:02:00,app-pod-1,40.17783235190373,47.91301828376939,149.54249111881737
2026-01-02 11:02:15,app-pod-1,38.59166549413289,48.57516812906071,150.66917662123075
2026-01-02 11:02:30,app-pod-1,35.203556233061484,44.25490047432063,137.23481069981923
2026-01-02 11:02:45,app-pod-1,35.58757052942077,43.10960255320181,149.50063356255023
2026-01-02 11:03:00,app-pod-1,32.817454349926955,47.34676834632736,118.90746522432416
2026-01-02 11:03:15,app-pod-1,34.383002958738665,46.73377408965909,115.55874006661455
2026-01-02 11:03:30,app-pod-1,35.808956864283964,52.046506304677216,150.2875101665598
2026-01-02 11:03:45,app-pod-1,37.41144436677269,48.66165987910254,156.13365858023312
2026-01-02 11:04:00,app-pod-1,37.0861006027261,44.9722376628326,150.03170036542812
2026-01-02 11:04:15,app-pod-1,31.489489300894146,45.12648514154807,139.95128257575362
2026-01-02 11:04:30,app-pod-1,37.727037485136236,36.50586044340051,147.86857290016974
2026-01-02 11:04:45,app-pod-1,34.5085853725377,54.67440920443032,142.25458305798767
2026-01-02 11:05:00,app-pod-1,31.79274377949086,43.62682136453144,121.92219396079307
2026-01-02 11:05:15,app-pod-1,38.741677838167966,58.04145395734635,151.08753682327404
2026-01-02 11:05:30,app-pod-1,39.10116076414967,43.0240872365016,161.50788937293055
2026-01-02 11:05:45,app-pod-1,35.48135926296222,39.24872457100324,175.92457998556154
2026-01-02 11:06:00,app-pod-1,36.795288082833814,47.58586812130524,158.31561641002142
2026-01-02 11:06:15,app-pod-1,36.95003830894202,47.67770053009271,156.02929198088944
2026-01-02 11:06:30,app-pod-1,38.8137850163946,48.86087338366094,166.85673117160047
2026-01-02 11:06:45,app-pod-1,36.78944650441325,46.68174356934168,111.94111800975233
2026-01-02 11:07:00,app-pod-1,30.600942986132566,38.280074285660845,127.19143952584565
2026-01-02 11:07:15,app-pod-1,40.592192501127485,40.987755780396625,176.0258753822476
2026-01-02 11:07:30,app-pod-1,37.73849592912761,47.83269993364276,152.22038289608668
2026-01-02 11:07:45,app-pod-1,32.99170324732862,36.68123227163813,131.31917253999782
2026-01-02 11:08:00,app-pod-1,31.410145869805078,35.10207062016992,111.54150011543075
2026-01-02 11:08:15,app-pod-1,35.99220124838223,43.29138188152638,137.46764910579253
2026-01-02 11:08:30,app-pod-1,33.62171538421985,45.688495695595805,121.98442973389307
2026-01-02 11:08:45,app-pod-1,35.42521080063607,54.736443746726714,156.6934458822561
2026-01-02 11:09:00,app-pod-1,36.64416922426481,50.54721497325433,169.10169372525885
2026-01-02 11:09:15,app-pod-1,32.693341746021424,50.0514271578604,159.79935804112802
2026-01-02 11:09:30,app-pod-1,31.023056914654266,44.98444827797334,111.34231198002647
2026-01-02 11:09:45,app-pod-1,35.50754457746159,46.68954979894177,132.00399140330754
2026-01-02 11:10:00,app-pod-1,32.72862871293116,55.438991673332275,119.66908739085457
2026-01-02 11:10:15,app-pod-1,34.745777589995214,37.707766243534685,123.70476838570698
2026-01-02 11:10:30,app-pod-1,30.256203750414237,39.11319104331874,105.98854212058278
2026-01-02 11:10:45,app-pod-1,33.50832261620084,41.77992698342853,126.30086732058953
2026-01-02 11:11:00,app-pod-1,36.38840911624892,49.93967148816585,158.6707993581009
2026-01-02 11:11:15,app-pod-1,36.040028570119695,40.33413621065334,133.39258555303851
2026-01-02 11:11:30,app-pod-1,31.835829714527847,46.1022288380525,143.13952215456536
2026-01-02 11:11:45,app-pod-1,30.67477810045756,44.370593829167305,143.2111301612412
2026-01-02 11:12:00,app-pod-1,34.205524885610565,48.01060459466137,141.09854690585044
2026-01-02 11:12:15,app-pod-1,35.81998986742593,49.050108141423635,161.7169222484841
2026-01-02 11:12:30,app-pod-1,35.33106963442234,52.42334692725861,120.90537410775153
2026-01-02 11:12:45,app-pod-1,32.55771252110369,42.5443514500857,121.8580515156752
2026-01-02 11:13:00,app-pod-1,34.966308350263375,47.12720539264217,142.70648162444107
2026-01-02 11:13:15,app-pod-1,38.55853955893355,43.30823126343895,157.58266854294754
2026-01-02 11:13:30,app-pod-1,34.64554050843944,39.42790330456977,160.02064990660224
2026-01-02 11:13:45,app-pod-1,29.10929114499256,49.200647724512805,101.45448433289151
2026-01-02 11:14:00,app-pod-1,34.59695970264588,40.15727785506674,130.33350520678462
2026-01-02 11:14:15,app-pod-1,40.09784859327264,51.27505440005528,159.11664831212985
2026-01-02 11:14:30,app-pod-1,30.082419512415733,43.712907656228424,112.5503901230069
2026-01-02 11:14:45,app-pod-1,34.01237551566126,49.68356733264924,120.4101077646195
2026-01-02 11:15:00,app-pod-1,33.22280014122616,34.96495685586292,125.74294388928516
2026-01-02 11:15:15,app-pod-1,34.168055585491096,48.37367387257468,132.98932540014454
2026-01-02 11:15:30,app-pod-1,34.441758817129276,43.819071139914506,159.48020224770409
2026-01-02 11:15:45,app-pod-1,37.25750937398682,43.08071096947876,133.7265588648544
2026-01-02 11:16:00,app-pod-1,34.070529766733344,42.59528327791139,148.50988735230635
2026-01-02 11:16:15,app-pod-1,37.62654052998288,51.52243230619304,169.5881921921377
2026-01-02 11:16:30,app-pod-1,33.420372317371665,47.05046320878553,125.9925695329936
2026-01-02 11:16:45,app-pod-1,32.7015019172511,42.25143405204827,134.7044041946809
2026-01-02 11:17:00,app-pod-1,31.722931771058878,36.510514919394815,135.53077183642577
2026-01-02 11:17:15,app-pod-1,28.257783674871362,34.43772558785175,119.19620409207107
2026-01-02 11:17:30,app-pod-1,34.51494862663078,47.925614838264856,139.2919428259023
2026-01-02 11:17:45,app-pod-1,39.82816049696671,41.49100021960473,149.13025324955152
2026-01-02 11:18:00,app-pod-1,35.01941694170053,43.922819417968824,150.01451664131298
2026-01-02 11:18:15,app-pod-1,35.68349911373614,58.38381001651481,137.11712809983212
2026-01-02 11:18:30,app-pod-1,32.36270530626005,44.95169790623251,129.88058523141987
2026-01-02 11:18:45,app-pod-1,32.84733705171166,46.70438195617318,134.02662281410727
2026-01-02 11:19:00,app-pod-1,36.51279537447664,40.25378040280201,158.89101987952384
2026-01-02 11:19:15,app-pod-1,39.563481279548434,41.557928614821684,187.17304320516195
2026-01-02 11:19:30,app-pod-1,37.97976940607756,50.56494876944454,140.8523008172716
2026-01-02 11:19:45,app-pod-1,35.910180544238365,43.725366436492564,144.42934299080954
2026-01-02 11:20:00,app-pod-1,33.57841529151013,49.37299811187546,112.0474064262464
2026-01-02 11:20:15,app-pod-1,34.080633061905004,44.57210933145609,158.5441611059783
2026-01-02 11:20:30,app-pod-1,31.16946301963072,59.600438041492154,125.33559376654331
2026-01-02 11:20:45,app-pod-1,29.06398699144077,37.9831918174418,111.7607850191184
2026-01-02 11:21:00,app-pod-1,30.006595003700696,42.95027414853763,120.80977091097338
2026-01-02 11:21:15,app-pod-1,33.51488667195898,39.48969235743394,135.60099936775862
2026-01-02 11:21:30,app-pod-1,32.4680022708941,48.388001642888014,118.89441714369559
2026-01-02 11:21:45,app-pod-1,28.914142448756273,42.942461683500824,133.47612310185093
2026-01-02 11:22:00,app-pod-1,33.18898198006436,38.92633811897342,142.42702385383583
2026-01-02 11:22:15,app-pod-1,32.3241417702725,41.54047476862361,141.0591222530498
2026-01-02 11:22:30,app-pod-1,29.739362902039545,48.17672789893031,108.75730722863588
2026-01-02 11:22:45,app-pod-1,32.1258452836285,49.246637225402225,117.49167519929736
2026-01-02 11:23:00,app-pod-1,32.251992309927495,36.00441642062101,127.30470850564741
2026-01-02 11:23:15,app-pod-1,31.34340506350182,40.110535325790245,137.37298860091843
2026-01-02 11:23:30,app-pod-1,35.95178834903716,54.77323562581085,151.33259043324105
2026-01-02 11:23:45,app-pod-1,27.44153076572801,38.87318253253599,98.10085344892806
2026-01-02 11:24:00,app-pod-1,27.171292328671733,40.437017202816506,118.70158531520792
2026-01-02 11:24:15,app-pod-1,33.116996780084605,48.816557329359604,117.88617326293885
2026-01-02 11:24:30,app-pod-1,33.373967423625515,37.20096866504575,123.57158342202096
2026-01-02 11:24:45,app-pod-1,34.27667402064207,39.79518432730245,139.47254644707377
2026-01-02 11:25:00,app-pod-1,31.425547198961063,40.879387623189544,108.13009052171554
2026-01-02 11:25:15,app-pod-1,30.26713179946664,47.710110358902895,106.61559928061408
2026-01-02 11:25:30,app-pod-1,32.977386712996065,48.68299744035873,155.19137006047168
2026-01-02 11:25:45,app-pod-1,31.653029032430318,46.25595215863671,147.10610576005672
2026-01-02 11:26:00,app-pod-1,37.60940243655929,46.13078196223766,184.78334796548657
2026-01-02 11:26:15,app-pod-1,31.961927739331657,48.52119810593062,134.6063045192376
2026-01-02 11:26:30,app-pod-1,32.75347180854495,42.664204111789914,140.6853525780644
2026-01-02 11:26:45,app-pod-1,40.317695990833734,51.612227255445646,158.94641943440413
2026-01-02 11:27:00,app-pod-1,32.28557175963155,47.66009510871511,123.88564956320236
2026-01-02 11:27:15,app-pod-1,34.51673048833358,53.14581167938674,151.14565467000762
2026-01-02 11:27:30,app-pod-1,34.76559225663043,44.55429165673216,159.49202612364536
2026-01-02 11:27:45,app-pod-1,34.99926958788055,43.186437606784295,151.79688079810035
2026-01-02 11:28:00,app-pod-1,33.65192381543508,50.53172348474639,122.01048792324406
2026-01-02 11:28:15,app-pod-1,33.343378452834266,50.69962781039655,139.247874143404
2026-01-02 11:28:30,app-pod-1,33.04124970315072,40.91200233025393,120.61273999901955
2026-01-02 11:28:45,app-pod-1,30.990652630322963,36.66828818190475,119.09511268867821
2026-01-02 11:29:00,app-pod-1,33.67357501399227,50.16667484062515,159.23769976596122
2026-01-02 11:29:15,app-pod-1,38.76133717698447,39.42429915591225,137.05163505247597
2026-01-02 11:29:30,app-pod-1,36.28582326734834,37.43606914443558,177.673742000928
2026-01-02 11:29:45,app-pod-1,33.54390632511759,42.63925885353876,142.4186405599021
2026-01-02 11:30:00,app-pod-1,35.17801323871902,45.13680784574908,133.72036146647085
2026-01-02 11:30:15,app-pod-1,29.98136459787359,35.687194387125516,120.94870021315495
2026-01-02 11:30:30,app-pod-1,31.785721260577745,43.35932657429032,116.86841876508205
2026-01-02 11:30:45,app-pod-1,35.38916960003044,46.104769163203706,133.35296815324315
2026-01-02 11:31:00,app-pod-1,36.98548096309118,43.48789720389243,149.04136075526193
2026-01-02 11:31:15,app-pod-1,30.189737178356257,51.300136920688665,115.82513422821671
2026-01-02 11:31:30,app-pod-1,31.02992410074024,43.86975292055469,110.12518191897804
2026-01-02 11:31:45,app-pod-1,39.0031667932118,52.94466193785718,152.6915098525435
2026-01-02 11:32:00,app-pod-1,32.7261706174099,35.627254488840315,111.185460800103
2026-01-02 11:32:15,app-pod-1,37.885817342455745,39.19586307746629,132.46604944634635
2026-01-02 11:32:30,app-pod-1,33.01464505792666,45.410564593793296,112.82777335320444
2026-01-02 11:32:45,app-pod-1,33.11095278608463,52.45195539736061,157.5136801581306
2026-01-02 11:33:00,app-pod-1,31.434275286177083,36.95431380546205,131.8214612011371
2026-01-02 11:33:15,app-pod-1,35.1567465865534,45.32660584309379,149.56484213248925
2026-01-02 11:33:30,app-pod-1,36.38074425439985,39.2910397545983,145.69189152978262
2026-01-02 11:33:45,app-pod-1,29.180732608914337,36.83339983016677,124.31716244545245
2026-01-02 11:34:00,app-pod-1,31.206712618696834,42.81025542712884,142.46453959400702
2026-01-02 11:34:15,app-pod-1,34.98762213046549,42.028279424512036,146.06777977608655
2026-01-02 11:34:30,app-pod-1,31.832060257732568,35.754822664564415,151.9331914288181
2026-01-02 11:34:45,app-pod-1,30.71886673678445,34.863618262676184,122.31768587349579
2026-01-02 11:35:00,app-pod-1,35.20596395864753,35.21413427373207,149.8075442142196
2026-01-02 11:35:15,app-pod-1,35.46600887499271,47.20912522856784,152.4242324926982
2026-01-02 11:35:30,app-pod-1,30.78503218762246,44.53742765849141,109.15945152260286
2026-01-02 11:35:45,app-pod-1,32.749364703164254,45.8873224749519,131.6385732893002
2026-01-02 11:36:00,app-pod-1,28.46514487764039,35.37972242502206,86.2392599245251
2026-01-02 11:36:15,app-pod-1,29.38242819247685,45.597456187604706,115.58159333021675
2026-01-02 11:36:30,app-pod-1,32.419665817099265,46.227659409523774,125.49189973308863
2026-01-02 11:36:45,app-pod-1,32.11968724427321,42.52025310421624,123.3945220906502
2026-01-02 11:37:00,app-pod-1,29.103132957049628,39.588049353638496,110.29982327210755
2026-01-02 11:37:15,app-pod-1,29.83413142447377,37.63831465195179,127.0161394980533
2026-01-02 11:37:30,app-pod-1,28.765209696724572,41.09645595735082,101.77337425685008
2026-01-02 11:37:45,app-pod-1,33.303809652636765,51.39890578343572,161.1150929033943
2026-01-02 11:38:00,app-pod-1,26.01399746032881,43.89908130031273,112.56820729898583
2026-01-02 11:38:15,app-pod-1,28.860466049271626,38.92127411634475,103.39738060421443
2026-01-02 11:38:30,app-pod-1,26.284653526885105,41.09236477769137,114.84685584077769
2026-01-02 11:38:45,app-pod-1,33.10881818511224,37.669022481969776,147.35806728134557
2026-01-02 11:39:00,app-pod-1,26.42183172310396,42.14561809319878,111.22408927833104
2026-01-02 11:39:15,app-pod-1,31.903493791027525,38.178159940392455,112.5268800589518
2026-01-02 11:39:30,app-pod-1,36.705149913091354,49.144882745552316,180.37990468029642
2026-01-02 11:39:45,app-pod-1,36.7851493542201,60.59496550032608,156.73271364964623
2026-01-02 11:40:00,app-pod-1,26.325392147416707,35.577712341556044,86.58787512749218
2026-01-02 11:40:15,app-pod-1,32.61660903023908,57.44564286735751,133.60316245779714
2026-01-02 11:40:30,app-pod-1,28.732729658307505,42.566088199730146,111.62615611082262
2026-01-02 11:40:45,app-pod-1,28.098496739994967,35.920819551686726,112.49039569165717
2026-01-02 11:41:00,app-pod-1,31.315754287073894,37.94374716727965,107.35726984511469
2026-01-02 11:41:15,app-pod-1,35.31929495347273,56.548284506672864,142.0920773096872
2026-01-02 11:41:30,app-pod-1,33.41165349294653,45.85310086857806,121.1778225452877
2026-01-02 11:41:45,app-pod-1,29.445507553505838,37.78109100662489,112.53893850598621
2026-01-02 11:42:00,app-pod-1,33.68428390678692,42.56169567953633,140.548795436621
2026-01-02 11:42:15,app-pod-1,24.816306627326426,39.525293527673256,92.11573695931258
2026-01-02 11:42:30,app-pod-1,29.266842094779335,40.44318609028038,112.71104167415614
2026-01-02 11:42:45,app-pod-1,29.03225090765905,42.05207136673218,128.432478465187
2026-01-02 11:43:00,app-pod-1,31.717131879124782,51.07004679865873,113.53957052454854
2026-01-02 11:43:15,app-pod-1,30.851928411422012,35.95649656518203,113.68139999898887
2026-01-02 11:43:30,app-pod-1,31.014239782274732,44.93311948641186,105.23811687698706
2026-01-02 11:43:45,app-pod-1,30.892733521678263,41.26042544176413,111.2279827152731
2026-01-02 11:44:00,app-pod-1,31.462351197849795,39.52841910820128,127.78626823360155
2026-01-02 11:44:15,app-pod-1,32.99375807856214,48.45650149394321,141.56699034183745
2026-01-02 11:44:30,app-pod-1,31.799592324616352,34.952586453807896,115.10586200312359
2026-01-02 11:44:45,app-pod-1,30.476776256833503,29.501576589042116,131.05428923600587
2026-01-02 11:45:00,app-pod-1,32.51330742401722,43.881980270622805,131.63145907884956
2026-01-02 11:45:15,app-pod-1,33.76466253703792,42.944365076562065,114.31961002192955
2026-01-02 11:45:30,app-pod-1,29.596442024814735,33.953273164970525,121.00417361229441
2026-01-02 11:45:45,app-pod-1,31.064537791200834,33.19241397291541,142.17350957524081
2026-01-02 11:46:00,app-pod-1,34.7066904798369,53.94785022422985,110.44473471738374
2026-01-02 11:46:15,app-pod-1,27.89091211352595,41.83871271926657,141.6417307028749
2026-01-02 11:46:30,app-pod-1,36.59152266179161,45.71229447861302,137.2083169599496
2026-01-02 11:46:45,app-pod-1,27.138171675479676,49.97294471763297,83.816102433016
2026-01-02 11:47:00,app-pod-1,30.097761917653365,46.17874580768519,122.46740119026134
2026-01-02 11:47:15,app-pod-1,28.26150356302048,48.62943634681536,125.51231977372018
2026-01-02 11:47:30,app-pod-1,37.654071023368274,40.458080075775186,146.40978265876052
2026-01-02 11:47:45,app-pod-1,29.55845512798148,34.60395563896361,122.90780954088164
2026-01-02 11:48:00,app-pod-1,29.544195655273292,43.766313134271385,149.9728344504616
2026-01-02 11:48:15,app-pod-1,29.91268556987178,43.01137598938919,122.73555076925787
2026-01-02 11:48:30,app-pod-1,31.289951658627725,48.15127633933878,169.89712040512876
2026-01-02 11:48:45,app-pod-1,29.99602814983483,32.843275328321084,138.95357128374621
2026-01-02 11:49:00,app-pod-1,30.56090215655968,44.910618589449996,123.01663841245058
2026-01-02 11:49:15,app-pod-1,20.350140653439475,39.1914416245091,85.77362142504971
2026-01-02 11:49:30,app-pod-1,31.087456846735893,46.44208012677206,119.55830689645295
2026-01-02 11:49:45,app-pod-1,30.947602939477935,39.62985015159694,127.5340810960316
2026-01-02 11:50:00,app-pod-1,33.98809413954389,46.3847417556611,144.37574400107792
2026-01-02 11:50:15,app-pod-1,34.77777422636929,40.46615649863173,133.04884773308805
2026-01-02 11:50:30,app-pod-1,30.26566981945141,39.721238464380335,100.363109428591
2026-01-02 11:50:45,app-pod-1,33.255682884552726,38.06429632269724,152.84191175677935
2026-01-02 11:51:00,app-pod-1,27.480489973846964,35.44301433499911,124.5241943004537
2026-01-02 11:51:15,app-pod-1,33.06542308460595,41.940984517328566,111.0053585685936
2026-01-02 11:51:30,app-pod-1,29.024167492076284,37.86223350626403,118.66153612218089
2026-01-02 11:51:45,app-pod-1,27.165700435619804,35.22203308965566,124.06889171636615
2026-01-02 11:52:00,app-pod-1,30.141223899437865,34.6008714687154,134.42082458101902
2026-01-02 11:52:15,app-pod-1,34.87760353913703,54.219801419690974,129.10086138715377
2026-01-02 11:52:30,app-pod-1,31.197398266628056,39.33536407051834,139.5213443214793
2026-01-02 11:52:45,app-pod-1,35.12204077970614,46.23525641345044,140.71462204711605
2026-01-02 11:53:00,app-pod-1,28.364572122749028,31.060340704702558,119.2884457244977
2026-01-02 11:53:15,app-pod-1,33.73251677860325,50.40100740956936,121.13768884198274
2026-01-02 11:53:30,app-pod-1,28.61067585319675,40.863276349671956,50.58756408906708
2026-01-02 11:53:45,app-pod-1,31.22133380445799,39.635560948494955,113.22540750526002
2026-01-02 11:54:00,app-pod-1,31.17358745213572,39.64580586317526,132.7430063289399
2026-01-02 11:54:15,app-pod-1,32.486204721131955,47.08739259362264,126.86333450875298
2026-01-02 11:54:30,app-pod-1,31.232141335281565,27.097021790973148,134.68142867612943
2026-01-02 11:54:45,app-pod-1,28.24055524720849,35.647421979500564,129.55446571056336
2026-01-02 11:55:00,app-pod-1,33.077218556968916,42.558633801872276,127.35106434365451
2026-01-02 11:55:15,app-pod-1,35.60945580452895,44.27356365701394,136.0035895352511
2026-01-02 11:55:30,app-pod-1,28.6412635824442,52.57544432610301,81.76220694613342
2026-01-02 11:55:45,app-pod-1,24.86516498029009,35.7176481339624,76.24555488758851
2026-01-02 11:56:00,app-pod-1,31.847006833807022,47.24403974397318,107.28908373839204
2026-01-02 11:56:15,app-pod-1,29.333693450373303,49.591871347941066,125.68436177560562
2026-01-02 11:56:30,app-pod-1,29.91211217906758,44.29154895428945,114.8404918604854
2026-01-02 11:56:45,app-pod-1,31.95213976510658,38.997417479167915,119.79504134244769
2026-01-02 11:57:00,app-pod-1,28.892614621950102,33.80239230543034,105.83927278691309
2026-01-02 11:57:15,app-pod-1,29.433421099399983,44.33049618315101,106.0489694906113
2026-01-02 11:57:30,app-pod-1,29.917803279073894,49.16758841363397,133.52312758286752
2026-01-02 11:57:45,app-pod-1,34.60560820069804,46.953741218134226,139.8226317588919
2026-01-02 11:58:00,app-pod-1,30.26473952230822,47.3525584352965,135.92886352645755
2026-01-02 11:58:15,app-pod-1,26.445694083070983,51.47172109684012,72.88198351766954
2026-01-02 11:58:30,app-pod-1,26.54326331592368,42.76715574309967,114.16405555698447
2026-01-02 11:58:45,app-pod-1,30.526772302399102,35.86557628270978,114.85019587331495
2026-01-02 11:59:00,app-pod-1,26.69898218362198,38.94459135605766,102.573835367289
2026-01-02 11:59:15,app-pod-1,25.378539269358065,44.6160534561564,121.80655011357615
2026-01-02 11:59:30,app-pod-1,31.95024116948878,41.121269863902086,121.95321704209371
2026-01-02 11:59:45,app-pod-1,32.07531181992923,49.98124624801525,135.6796945403423
2026-01-02 12:00:00,app-pod-1,28.895590398318447,39.892228788880956,100.31318008597322
2026-01-02 12:00:15,app-pod-1,30.859161262131842,43.273149988226464,123.97829739185303
2026-01-02 12:00:30,app-pod-1,30.52073173589977,39.61080701341059,98.21422580395512
2026-01-02 12:00:45,app-pod-1,31.74180842777672,43.01694760104908,126.10756837565964
2026-01-02 12:01:00,app-pod-1,31.726983526124464,43.27112560713483,132.68906218682451
2026-01-02 12:01:15,app-pod-1,22.07355169999807,27.40877655791506,104.88982372826878
2026-01-02 12:01:30,app-pod-1,29.14760436520577,38.19535659273866,104.32200958457346
2026-01-02 12:01:45,app-pod-1,31.400997739018585,35.814657983045805,117.66953007318686
2026-01-02 12:02:00,app-pod-1,28.59409951691546,37.98032662489902,104.71457441246336
2026-01-02 12:02:15,app-pod-1,29.912261531036503,36.96276422339955,115.83889286846124
2026-01-02 12:02:30,app-pod-1,32.0339381151506,47.48286256178329,113.67715881545075
2026-01-02 12:02:45,app-pod-1,30.0027986863255,46.1189587658554,87.65291904868738
2026-01-02 12:03:00,app-pod-1,34.261966340277716,46.78484720986179,121.40718143545436
2026-01-02 12:03:15,app-pod-1,33.09735225892984,36.82990042517671,131.65497880116334
2026-01-02 12:03:30,app-pod-1,29.33888679415221,40.046546869838835,115.13403599563287
2026-01-02 12:03:45,app-pod-1,29.078626855295962,33.61907723980655,124.59629876269793
2026-01-02 12:04:00,app-pod-1,21.09997955565023,34.03351875919968,97.03282817995404
2026-01-02 12:04:15,app-pod-1,28.64963219970329,43.291848375938656,107.85524883771956
2026-01-02 12:04:30,app-pod-1,25.547519472655843,42.84378524543461,78.40398823296287
2026-01-02 12:04:45,app-pod-1,30.249202604449113,43.5386657224096,127.04510007578033
2026-01-02 12:05:00,app-pod-1,30.0223144326688,47.30797792293836,119.94212135587061
2026-01-02 12:05:15,app-pod-1,31.629458407406403,43.43940281987177,122.64119071551855
2026-01-02 12:05:30,app-pod-1,33.710091940297005,42.42926299815642,153.14674341786224
2026-01-02 12:05:45,app-pod-1,29.41946219162467,44.96192608263433,124.43606827154613
2026-01-02 12:06:00,app-pod-1,36.317709969612125,49.954777479611856,147.11432984154033
2026-01-02 12:06:15,app-pod-1,30.152006545669344,38.48554609034997,123.0662890383116
2026-01-02 12:06:30,app-pod-1,25.50219485394253,39.74644769061011,114.75437170226715
2026-01-02 12:06:45,app-pod-1,27.72482090971041,37.93580776511415,100.55598965417146
2026-01-02 12:07:00,app-pod-1,28.270989634880074,29.746718733414028,99.8806676495542
2026-01-02 12:07:15,app-pod-1,31.14380511678919,44.00119604231902,121.06319549091371
2026-01-02 12:07:30,app-pod-1,26.50386864287656,32.08009714106102,88.34643722008572
2026-01-02 12:07:45,app-pod-1,28.429886154028132,41.5420413544885,113.03826018362899
2026-01-02 12:08:00,app-pod-1,28.818889223561737,32.49669094568718,116.72982558693145
2026-01-02 12:08:15,app-pod-1,27.935844737023416,35.95675593081268,110.71135239580953
2026-01-02 12:08:30,app-pod-1,31.692651255559152,40.01686187021299,121.34933976106676
2026-01-02 12:08:45,app-pod-1,31.160568108878444,47.82102152777164,149.4374287193944
2026-01-02 12:09:00,app-pod-1,32.71450509013051,40.23257826316172,144.96793746566192
2026-01-02 12:09:15,app-pod-1,28.19992881713559,34.36509540395138,111.34261770205089
2026-01-02 12:09:30,app-pod-1,32.77878869931692,44.76687749948981,132.51057389598822
2026-01-02 12:09:45,app-pod-1,25.05741736053783,36.45532420870721,120.87483567329515
2026-01-02 12:10:00,app-pod-1,24.9624593497237,41.426524348053285,91.08152217123053
2026-01-02 12:10:15,app-pod-1,25.464411866708375,32.76568856087319,87.37367453378883
2026-01-02 12:10:30,app-pod-1,29.11165773916587,41.432429828115005,119.85008966624726
2026-01-02 12:10:45,app-pod-1,32.6693638372226,55.216388669691746,136.8860408259026
2026-01-02 12:11:00,app-pod-1,27.234011187654247,37.86741303618625,116.26362827141594
2026-01-02 12:11:15,app-pod-1,27.588566298558337,40.24564845749398,122.77092537100471
2026-01-02 12:11:30,app-pod-1,28.348802899126127,31.538960739200178,102.40655135336876
2026-01-02 12:11:45,app-pod-1,30.693552580471444,37.22059036636924,101.6474650818177
2026-01-02 12:12:00,app-pod-1,27.520404965077404,41.56288698576803,101.31310948975526
2026-01-02 12:12:15,app-pod-1,27.33124391172761,37.48238202569823,118.05259458698788
2026-01-02 12:12:30,app-pod-1,24.8735241771668,40.48363172702065,85.66564650162753
2026-01-02 12:12:45,app-pod-1,27.17276311282017,41.14562760795708,79.68352675398665
2026-01-02 12:13:00,app-pod-1,32.398529507538434,36.0888234758881,131.7581597481052
2026-01-02 12:13:15,app-pod-1,29.117141425737042,45.45853041114002,107.96230596655623
2026-01-02 12:13:30,app-pod-1,26.60302039623249,32.40868956025074,80.50574072228014
2026-01-02 12:13:45,app-pod-1,32.5092377728588,38.931856911964026,131.15372110378405
2026-01-02 12:14:00,app-pod-1,27.023388703122315,40.063796669856686,102.29946414484519
2026-01-02 12:14:15,app-pod-1,33.017120755228554,50.94709956869288,157.2082238430152
2026-01-02 12:14:30,app-pod-1,32.946301236717694,38.04302910506493,133.1178600583544
2026-01-02 12:14:45,app-pod-1,28.88174297304439,40.955642348228835,124.31824111563301
2026-01-02 12:15:00,app-pod-1,24.196288833282075,37.71750452744915,96.52670848265284
2026-01-02 12:15:15,app-pod-1,35.538670139390106,48.16386898643526,133.19172981097407
2026-01-02 12:15:30,app-pod-1,29.81022892248445,46.78731299413455,111.92671247178954
2026-01-02 12:15:45,app-pod-1,27.65497374815078,37.33810530369584,126.83427581824995
2026-01-02 12:16:00,app-pod-1,31.47325426944265,47.0905241949246,137.10985132953627
2026-01-02 12:16:15,app-pod-1,30.69001624906738,48.13461996847906,100.43063079759543
2026-01-02 12:16:30,app-pod-1,32.49416198652495,51.66570928492533,111.24755510207513
2026-01-02 12:16:45,app-pod-1,26.552544331558313,41.09639753069892,88.3140389380451
2026-01-02 12:17:00,app-pod-1,29.473250434415206,41.41845985585381,133.7944979017559
2026-01-02 12:17:15,app-pod-1,24.938463767502398,35.08400226917733,73.78324566074048
2026-01-02 12:17:30,app-pod-1,30.47332369714466,34.036392927253225,133.6906134262541
2026-01-02 12:17:45,app-pod-1,28.383732268146986,38.478844924410396,119.51028961665148
2026-01-02 12:18:00,app-pod-1,29.273845851903538,41.053380777465016,119.29757970863182
2026-01-02 12:18:15,app-pod-1,27.970020489524124,39.03155283050235,104.78517000492022
2026-01-02 12:18:30,app-pod-1,27.634356667949476,42.33263963163877,128.36668084763187
2026-01-02 12:18:45,app-pod-1,25.76088499528252,30.761753124665127,104.74556193051588
2026-01-02 12:19:00,app-pod-1,30.715126493808633,40.590717194217014,101.19737381227836
2026-01-02 12:19:15,app-pod-1,32.791207263098585,52.927692629820555,112.9949904780159
2026-01-02 12:19:30,app-pod-1,26.630351375820926,43.619239760585764,81.85003891438893
2026-01-02 12:19:45,app-pod-1,29.939241289567082,44.03841954876056,137.76197815121802
2026-01-02 12:20:00,app-pod-1,29.553436019027572,42.640817088431746,139.57756994059145
2026-01-02 12:20:15,app-pod-1,28.259446023639192,37.9544529295541,129.33193179624527
2026-01-02 12:20:30,app-pod-1,23.63363493405678,27.773193195056177,92.3875413454918
2026-01-02 12:20:45,app-pod-1,24.28690175124733,39.28647417793313,75.75192617058795
2026-01-02 12:21:00,app-pod-1,25.827021773277238,25.836773659845726,87.49791740519983
2026-01-02 12:21:15,app-pod-1,21.731229455745886,33.584081305958236,72.09181979682255
2026-01-02 12:21:30,app-pod-1,32.35061401933479,42.627133866022696,128.71706086820623
2026-01-02 12:21:45,app-pod-1,29.207911949586908,38.20958618767577,137.64328877279166
2026-01-02 12:22:00,app-pod-1,27.993201804398176,50.452156563754876,132.725576866185
2026-01-02 12:22:15,app-pod-1,21.490662460299397,44.16517764770988,78.63760732250958
2026-01-02 12:22:30,app-pod-1,22.568044628347604,40.96168990822714,56.723801795101174
2026-01-02 12:22:45,app-pod-1,28.010922636788642,34.981012015390164,94.53883173350917
2026-01-02 12:23:00,app-pod-1,33.90770866421041,53.34247269977456,153.45984816539664
2026-01-02 12:23:15,app-pod-1,25.87860053084709,41.209866065711466,106.98883281430989
2026-01-02 12:23:30,app-pod-1,30.5442239225382,36.67105844701168,116.842202505918
2026-01-02 12:23:45,app-pod-1,26.49142185306219,38.70757985362474,99.58520328700561
2026-01-02 12:24:00,app-pod-1,28.075148512513525,44.445478226450135,101.03782945330393
2026-01-02 12:24:15,app-pod-1,31.53178642747836,39.07785629602331,108.07054546141586
2026-01-02 12:24:30,app-pod-1,26.828186649861543,39.48239342826704,138.39369780890223
2026-01-02 12:24:45,app-pod-1,25.7740360149884,39.624207096392674,128.87339270642025
2026-01-02 12:25:00,app-pod-1,32.07687416533502,36.949540908034514,115.97950252172085
2026-01-02 12:25:15,app-pod-1,27.93765032095672,38.20589098588019,85.44252614477409
2026-01-02 12:25:30,app-pod-1,31.05290910067295,36.60972349525512,126.7469115770151
2026-01-02 12:25:45,app-pod-1,25.701866762503126,42.33464681228578,100.59544516069722
2026-01-02 12:26:00,app-pod-1,31.9559583515248,37.828893718181284,137.2459680715996
2026-01-02 12:26:15,app-pod-1,28.53514252426691,41.43361828764378,126.95967353709115
2026-01-02 12:26:30,app-pod-1,28.99695127515614,33.34708680064131,98.4374206281428
2026-01-02 12:26:45,app-pod-1,28.06580677226479,33.9788803248788,131.46649688056107
2026-01-02 12:27:00,app-pod-1,26.132827104853735,32.38357292754421,99.23387739367804
2026-01-02 12:27:15,app-pod-1,27.622539629406738,37.88790197118431,119.60880641942674
2026-01-02 12:27:30,app-pod-1,26.278156179932672,39.29661742580518,101.19064167954438
2026-01-02 12:27:45,app-pod-1,30.462906763579724,43.147811210463956,135.68897961998894
2026-01-02 12:28:00,app-pod-1,26.953441630691078,30.006233482932284,72.37934568629859
2026-01-02 12:28:15,app-pod-1,23.051438905042094,35.29281031338113,103.28075727014509
2026-01-02 12:28:30,app-pod-1,22.48103976602245,31.983867287665205,77.44536654624639
2026-01-02 12:28:45,app-pod-1,22.31750984839635,38.29314935772874,90.3720038840571
2026-01-02 12:29:00,app-pod-1,29.329932889945233,39.192771367565356,135.99027594147697
2026-01-02 12:29:15,app-pod-1,23.99986699840141,36.39575187078855,83.95221835585937
2026-01-02 12:29:30,app-pod-1,28.332999604338813,36.10835503052187,98.9318088388868
2026-01-02 12:29:45,app-pod-1,27.82083122840867,48.09782040783857,105.70364727904145
2026-01-02 12:30:00,app-pod-1,27.195350370869665,32.618848143442754,102.25534519951594
2026-01-02 12:30:15,app-pod-1,28.683063351703403,38.0794743942479,98.97981410469723
2026-01-02 12:30:30,app-pod-1,27.82113307081396,40.012785415934616,112.8786095372003
2026-01-02 12:30:45,app-pod-1,19.195411106946434,32.17998546378635,79.15420214918537
2026-01-02 12:31:00,app-pod-1,26.332105671980084,34.6127940568517,112.27324977368866
2026-01-02 12:31:15,app-pod-1,28.556675065166022,30.93125486355918,101.93314114300665
2026-01-02 12:31:30,app-pod-1,32.18060159862564,39.068876364579154,114.56237082334421
2026-01-02 12:31:45,app-pod-1,32.29751678014477,37.81133753859535,127.41111602568142
2026-01-02 12:32:00,app-pod-1,23.127086440042923,44.585083471595226,88.83266324182793
2026-01-02 12:32:15,app-pod-1,26.145759445335756,49.625511254725296,101.19545316056195
2026-01-02 12:32:30,app-pod-1,22.474991602404653,35.47853573170524,79.29152206847972
2026-01-02 12:32:45,app-pod-1,31.71139533259392,35.17419403132013,131.7961803469957
2026-01-02 12:33:00,app-pod-1,30.16871618462209,44.808321857797324,106.5376691834109
2026-01-02 12:33:15,app-pod-1,28.160322088549595,34.80684300539522,110.8086656099287
2026-01-02 12:33:30,app-pod-1,27.585257320084494,36.563824856085816,105.74550285378949
2026-01-02 12:33:45,app-pod-1,31.20728381194117,38.70085086244237,124.3272625047871
2026-01-02 12:34:00,app-pod-1,30.67778736168822,38.97192285216196,140.49019672778
2026-01-02 12:34:15,app-pod-1,30.496370651494072,39.5738581985921,102.26798254714738
2026-01-02 12:34:30,app-pod-1,28.370704468265885,33.291983381139794,77.61293139487074
2026-01-02 12:34:45,app-pod-1,25.931411886713892,34.64192001240092,94.81277579559764
2026-01-02 12:35:00,app-pod-1,29.258906772254342,45.580955979895215,99.76603643084897
2026-01-02 12:35:15,app-pod-1,29.384097103180174,40.40108327035534,72.34915072479299
2026-01-02 12:35:30,app-pod-1,26.342501735775574,39.066320422486754,131.5652669690548
2026-01-02 12:35:45,app-pod-1,25.839113816759927,26.926139019975466,111.75210879703394
2026-01-02 12:36:00,app-pod-1,30.271250507870036,45.928793648128234,131.09235794268793
2026-01-02 12:36:15,app-pod-1,31.842112874300852,38.861879561195,123.08643412929302
2026-01-02 12:36:30,app-pod-1,24.580034802546376,42.82586713362093,104.63240025160796
2026-01-02 12:36:45,app-pod-1,26.016553490380872,38.98296146425509,97.7266080132629
2026-01-02 12:37:00,app-pod-1,27.837947917287586,36.67629639687468,123.56660583552932
2026-01-02 12:37:15,app-pod-1,28.223414677757138,31.367442296674096,115.72964167103838
2026-01-02 12:37:30,app-pod-1,25.17499145438435,48.49672380520943,100.15208515926913
2026-01-02 12:37:45,app-pod-1,32.37112914736181,46.67602676839019,130.06843801723554
2026-01-02 12:38:00,app-pod-1,27.965333679421963,43.891105574040395,133.84307763112506
2026-01-02 12:38:15,app-pod-1,28.271682662496346,48.88431639101057,115.59669482865172
2026-01-02 12:38:30,app-pod-1,31.932673189361182,43.473306293697135,112.2865547017298
2026-01-02 12:38:45,app-pod-1,25.287328555873035,44.46313024601989,106.19217804486453
2026-01-02 12:39:00,app-pod-1,26.3477142936927,36.05052371685075,112.72646703721627
2026-01-02 12:39:15,app-pod-1,22.83154375758635,39.66997329447648,89.15552721055063
2026-01-02 12:39:30,app-pod-1,26.0529636053238,35.08659098660313,103.43030995689514
2026-01-02 12:39:45,app-pod-1,22.081741109090892,32.937924798942056,72.3337226682522
2026-01-02 12:40:00,app-pod-1,28.770584509240923,40.62441203374003,116.53847273349666
2026-01-02 12:40:15,app-pod-1,27.765543595155695,33.09888596681037,92.8449541809808
2026-01-02 12:40:30,app-pod-1,25.652866480197297,39.60412764801151,98.84983274934413
2026-01-02 12:40:45,app-pod-1,26.1613285178675,36.7531389131359,94.60547244528962
2026-01-02 12:41:00,app-pod-1,28.72552833609017,30.17006667132472,129.64570654489407
2026-01-02 12:41:15,app-pod-1,23.012274513797646,33.82028273086374,115.29824606796629
2026-01-02 12:41:30,app-pod-1,27.010704321054202,37.182219508970974,90.87795240398555
2026-01-02 12:41:45,app-pod-1,28.47527236812511,44.19687298187878,113.83178319240056
2026-01-02 12:42:00,app-pod-1,21.008467257935347,36.13191684302363,79.37847851485861
2026-01-02 12:42:15,app-pod-1,28.38865438555489,47.10941990500416,120.5211937197673
2026-01-02 12:42:30,app-pod-1,21.290208219362047,37.503693731677565,86.6044577679468
2026-01-02 12:42:45,app-pod-1,25.938171786213598,35.38691489917809,97.94205548708118
2026-01-02 12:43:00,app-pod-1,22.77934596753964,35.653745374895095,92.52364170417785
2026-01-02 12:43:15,app-pod-1,30.54182749869506,39.63903906452883,118.94754112571468
2026-01-02 12:43:30,app-pod-1,22.755297543811857,38.368572561234146,114.85820920257895
2026-01-02 12:43:45,app-pod-1,21.254668465757128,35.177378663346126,73.11399342347235
2026-01-02 12:44:00,app-pod-1,26.583876517258084,35.46591539228605,110.19780666738932
2026-01-02 12:44:15,app-pod-1,24.921297644139496,37.487910706210215,107.32969265687728
2026-01-02 12:44:30,app-pod-1,21.627181956340287,37.44493069721199,93.08588611436153
2026-01-02 12:44:45,app-pod-1,27.697038889798655,34.355819531350164,106.31981263370434
2026-01-02 12:45:00,app-pod-1,20.123696372328418,35.67163126885342,101.01889450516994
2026-01-02 12:45:15,app-pod-1,22.968075552076442,28.184237405694386,60.53904732698443
2026-01-02 12:45:30,app-pod-1,24.32975323697514,42.55868398159063,80.90996887954014
2026-01-02 12:45:45,app-pod-1,28.440689496830622,42.5443867016413,123.71630711520986
2026-01-02 12:46:00,app-pod-1,29.89904641269552,49.07574766699585,106.3945715361438
2026-01-02 12:46:15,app-pod-1,29.29961178953431,34.92674605379689,103.12079797152606
2026-01-02 12:46:30,app-pod-1,25.51007218210096,43.52430917155297,95.03235496450364
2026-01-02 12:46:45,app-pod-1,18.666602120508983,37.74552180219694,62.88175859266747
2026-01-02 12:47:00,app-pod-1,27.099724040852124,38.05864659255704,117.95523132206765
2026-01-02 12:47:15,app-pod-1,30.317529163486242,39.339053649165834,134.83618841837534
2026-01-02 12:47:30,app-pod-1,29.585827009596034,35.28434862426704,119.66803799505004
2026-01-02 12:47:45,app-pod-1,27.2519555528635,32.347320398391986,124.82721777685917
2026-01-02 12:48:00,app-pod-1,22.273257890629473,31.835108926075485,68.29651405953598
2026-01-02 12:48:15,app-pod-1,24.244507780703056,30.692277234477356,98.11634673699106
2026-01-02 12:48:30,app-pod-1,31.600539569089385,50.09899011631566,146.62146056404424
2026-01-02 12:48:45,app-pod-1,21.527580348828305,27.559046627835105,100.76315844894906
2026-01-02 12:49:00,app-pod-1,22.312922872419925,36.36352340122442,110.79610269242829
2026-01-02 12:49:15,app-pod-1,28.562783863871108,42.1724743391353,105.40045048640266
2026-01-02 12:49:30,app-pod-1,24.420339204282403,38.88173360273744,111.43920418341251
2026-01-02 12:49:45,app-pod-1,22.147244400588132,37.72951413240659,82.18733553532776
2026-01-02 12:50:00,app-pod-1,30.255121257406984,45.91058646743326,129.94777858774017
2026-01-02 12:50:15,app-pod-1,27.03307876058978,36.69354432022949,127.7954673720903
2026-01-02 12:50:30,app-pod-1,24.483215614161196,37.5760041583639,86.02184814778079
2026-01-02 12:50:45,app-pod-1,22.17000808228969,34.05119809277413,60.84357861994134
2026-01-02 12:51:00,app-pod-1,31.72827099114981,48.722417650055775,154.6265641927251
2026-01-02 12:51:15,app-pod-1,25.491419805121033,48.3433234809591,109.2875875035693
2026-01-02 12:51:30,app-pod-1,29.735488688085912,34.84517328085326,117.33576137391476
2026-01-02 12:51:45,app-pod-1,28.20313967665836,29.58669356063923,110.38245002937686
2026-01-02 12:52:00,app-pod-1,23.938274228133004,39.60244980478821,64.31021875850205
2026-01-02 12:52:15,app-pod-1,23.940900791883756,42.110494975497176,98.89457120194076
2026-01-02 12:52:30,app-pod-1,29.797419433114293,50.64308016942228,111.23119880671761
2026-01-02 12:52:45,app-pod-1,29.824782743645844,44.56679967663537,120.08625371044272
2026-01-02 12:53:00,app-pod-1,19.78524425318951,40.82857577066869,79.59537037228239
2026-01-02 12:53:15,app-pod-1,27.044099854828556,47.23117356276154,57.51001718938061
2026-01-02 12:53:30,app-pod-1,25.009887027871276,44.83080977766423,107.38902397030736
2026-01-02 12:53:45,app-pod-1,22.25233982847581,39.98244043074881,91.84390176238219
2026-01-02 12:54:00,app-pod-1,26.1163310070335,31.870383890205837,109.31437411491412
2026-01-02 12:54:15,app-pod-1,21.261091311100596,34.84095463857864,82.29306933124907
2026-01-02 12:54:30,app-pod-1,23.889310162125906,38.22271020878397,96.29109122323199
2026-01-02 12:54:45,app-pod-1,22.872055175817906,35.51139045710443,94.08034694191738
2026-01-02 12:55:00,app-pod-1,23.746908361008547,36.43230606346192,99.10157970236088
2026-01-02 12:55:15,app-pod-1,25.010658108343684,45.343600994280095,107.17642545769051
2026-01-02 12:55:30,app-pod-1,22.15721072118321,31.725889086386427,92.87028377102821
2026-01-02 12:55:45,app-pod-1,29.90227061801223,44.92685124694182,147.35501489053325
2026-01-02 12:56:00,app-pod-1,26.64141178818901,40.23119637612846,95.67542247043377
2026-01-02 12:56:15,app-pod-1,30.52408548708091,37.07919789476499,116.4720228718583
2026-01-02 12:56:30,app-pod-1,24.6389965911278,31.864290122521567,123.95033282580393
2026-01-02 12:56:45,app-pod-1,23.451712515575196,27.90962339350181,91.48781111232138
2026-01-02 12:57:00,app-pod-1,30.352180982899238,43.67441183777333,135.38329180833733
2026-01-02 12:57:15,app-pod-1,23.321612514765388,36.00890469333058,95.31902313549956
2026-01-02 12:57:30,app-pod-1,24.49977914655831,33.02095825270695,94.581939040388
2026-01-02 12:57:45,app-pod-1,27.173666830477714,29.64104115915412,123.48839067084268
2026-01-02 12:58:00,app-pod-1,21.27922249401934,37.05901025505799,92.89322833698805
2026-01-02 12:58:15,app-pod-1,27.105165251819344,38.104979208271956,85.41051344455474
2026-01-02 12:58:30,app-pod-1,26.700209658190644,35.12167940148005,109.40323615955754
2026-01-02 12:58:45,app-pod-1,28.73703768492234,35.2957267561915,100.02222562408292
2026-01-02 12:59:00,app-pod-1,27.578094544919864,38.111790364327575,129.3796671984751
2026-01-02 12:59:15,app-pod-1,28.78680145867945,42.50074344977191,141.45105645742962
2026-01-02 12:59:30,app-pod-1,24.534512146856116,35.524243580692534,126.24763158728886
2026-01-02 12:59:45,app-pod-1,22.256684449865737,29.63704747842364,94.38944068193328
2026-01-02 13:00:00,app-pod-1,31.15357534019965,41.51687796296231,117.69078663548225
2026-01-02 13:00:15,app-pod-1,20.222462102782462,39.383460808210806,85.71622359851156
2026-01-02 13:00:30,app-pod-1,20.501945748633403,34.552699980264435,67.91191494432243
2026-01-02 13:00:45,app-pod-1,26.455811352259747,38.86118565805326,141.00572741567333
2026-01-02 13:01:00,app-pod-1,29.614333855372553,39.10168891486991,136.37269088369
2026-01-02 13:01:15,app-pod-1,25.286982988368525,33.252569039034945,105.71582721985428
2026-01-02 13:01:30,app-pod-1,27.69520257423845,34.77215472019833,125.73654822970235
2026-01-02 13:01:45,app-pod-1,18.688850626976595,24.77292510512404,67.37954063498594
2026-01-02 13:02:00,app-pod-1,23.156597591891444,42.11574749625977,76.00701899952895
2026-01-02 13:02:15,app-pod-1,19.012369085848814,35.62092924033342,42.85067548329381
2026-01-02 13:02:30,app-pod-1,26.954431795621442,39.28053645319949,109.06357860348028
2026-01-02 13:02:45,app-pod-1,19.95049776464287,35.44326226913695,76.67967470232409
2026-01-02 13:03:00,app-pod-1,20.737734464600585,36.214061106344865,90.74027707479968
2026-01-02 13:03:15,app-pod-1,26.09227233567457,34.591859183697586,104.56517984937256
2026-01-02 13:03:30,app-pod-1,27.714681979719956,37.773965739337456,117.96700683751014
2026-01-02 13:03:45,app-pod-1,24.031323311613708,34.45088293121651,108.2915442538864
2026-01-02 13:04:00,app-pod-1,26.197770395985547,50.89555936156491,82.88836502869073
2026-01-02 13:04:15,app-pod-1,26.079649191320158,43.356764641204535,117.35209241563035
2026-01-02 13:04:30,app-pod-1,23.79904250404673,37.49874117695967,89.09746621582431
2026-01-02 13:04:45,app-pod-1,21.140251634963672,41.62809752012299,92.3246893507405
2026-01-02 13:05:00,app-pod-1,26.098093940034072,44.46710698056593,119.72577813255417
2026-01-02 13:05:15,app-pod-1,26.221765086899424,31.45261402300458,120.32347396291222
2026-01-02 13:05:30,app-pod-1,27.043616203393928,37.81626493700096,110.11175705848893
2026-01-02 13:05:45,app-pod-1,25.276813955174724,37.61214778457938,103.78439322080608
2026-01-02 13:06:00,app-pod-1,20.81419336548358,37.627575100748835,96.6354569422912
2026-01-02 13:06:15,app-pod-1,26.36979877207613,37.338895413991125,82.96155268212952
2026-01-02 13:06:30,app-pod-1,24.273727013280894,36.498953333857244,82.82122222891849
2026-01-02 13:06:45,app-pod-1,22.808756695822225,33.65938555061886,87.04617586296011
2026-01-02 13:07:00,app-pod-1,23.352167125737076,41.59119280094149,73.41675733843662
2026-01-02 13:07:15,app-pod-1,22.144415569235164,28.28438868482434,84.50191081636197
2026-01-02 13:07:30,app-pod-1,26.860837791474033,36.665812596195124,102.5481169588674
2026-01-02 13:07:45,app-pod-1,68.86902048659968,58.98993436863926,276.78268074481633
2026-01-02 13:08:00,app-pod-1,70.12204007478793,63.937230836610276,279.6349088625471
2026-01-02 13:08:15,app-pod-1,72.09531937498976,72.05261089435234,304.42150544107056
2026-01-02 13:08:30,app-pod-1,77.90203770627092,76.21219784419287,320.20322124248037
2026-01-02 13:08:45,app-pod-1,76.20278094894611,71.77598820405899,303.7456546642195
2026-01-02 13:09:00,app-pod-1,68.09657806440886,73.28753037577509,267.38737692986746
2026-01-02 13:09:15,app-pod-1,77.05230997005661,80.70683141553607,307.4958682315692
2026-01-02 13:09:30,app-pod-1,77.02570466635245,73.57185659004685,307.65490302178017
2026-01-02 13:09:45,app-pod-1,69.43460145566893,69.85638530093931,315.5197501859535
2026-01-02 13:10:00,app-pod-1,65.37144117178714,63.497286609134,239.62285649588068
2026-01-02 13:10:15,app-pod-1,72.69834782264131,74.02328208310655,276.8992656440904
2026-01-02 13:10:30,app-pod-1,76.26148980470991,67.41274046317369,288.95207019841473
2026-01-02 13:10:45,app-pod-1,77.647213579105,83.33222355226987,314.62792957382396
2026-01-02 13:11:00,app-pod-1,70.24016420001797,74.8680412536537,284.4057569995549
2026-01-02 13:11:15,app-pod-1,78.08780888571978,68.66683445029832,303.75515864046935
2026-01-02 13:11:30,app-pod-1,66.12730724286146,62.34402269249961,277.95099397826
2026-01-02 13:11:45,app-pod-1,71.68619275206694,72.28657874667098,292.28962397496156
2026-01-02 13:12:00,app-pod-1,71.51796007851576,68.37131653654292,300.1433450341416
2026-01-02 13:12:15,app-pod-1,76.20585800760273,76.06709834893016,322.8752473240747
2026-01-02 13:12:30,app-pod-1,76.62301655605947,71.83912985416109,274.52639293512857
2026-01-02 13:12:45,app-pod-1,75.57004975337028,80.52309361795949,312.5644491238001
2026-01-02 13:13:00,app-pod-1,68.63500569774928,68.08603895193102,255.1891157050435
2026-01-02 13:13:15,app-pod-1,75.25379744904605,84.78043386937597,304.75637916570366
2026-01-02 13:13:30,app-pod-1,74.17235824648702,74.93402725810506,295.59599290903714
2026-01-02 13:13:45,app-pod-1,67.61082867396082,60.580558380531905,269.99010842517265
2026-01-02 13:14:00,app-pod-1,66.40279735915506,76.91444106877478,247.5418694313867
2026-01-02 13:14:15,app-pod-1,75.6971212826733,78.48137967222388,318.2457831764947
2026-01-02 13:14:30,app-pod-1,72.02217765262824,72.31626248224467,268.73128595010036
2026-01-02 13:14:45,app-pod-1,68.68625902166534,71.31354859615787,286.0030402572503
2026-01-02 13:15:00,app-pod-1,71.89662688147241,64.38240499394475,266.10815169582133
2026-01-02 13:15:15,app-pod-1,73.59261092919857,62.492947098757675,294.10260297418347
2026-01-02 13:15:30,app-pod-1,72.2312869983856,70.35315236136313,315.9910170671248
2026-01-02 13:15:45,app-pod-1,67.80324231037689,74.35612131300967,306.6374274660989
2026-01-02 13:16:00,app-pod-1,78.09523959521114,76.64521193299083,288.10017551130534
2026-01-02 13:16:15,app-pod-1,75.4305986541932,81.34727654498096,291.15432107402296
2026-01-02 13:16:30,app-pod-1,71.39119602740767,76.57994113514633,277.72486451597115
2026-01-02 13:16:45,app-pod-1,71.49143584693934,70.1470486267848,319.79154714057137
2026-01-02 13:17:00,app-pod-1,73.43458125254574,77.32299148341814,292.71342552741476
2026-01-02 13:17:15,app-pod-1,68.94666198100022,75.8756403159738,291.9066092173629
2026-01-02 13:17:30,app-pod-1,73.28297044820583,70.8971694583297,297.62748880531063
2026-01-02 13:17:45,app-pod-1,68.3021666934394,66.74263888268348,255.2204792287558
2026-01-02 13:18:00,app-pod-1,72.06219213845104,71.14578693358193,260.35173700802943
2026-01-02 13:18:15,app-pod-1,68.74751901839439,56.063724174249494,265.79369983078203
2026-01-02 13:18:30,app-pod-1,68.87842826844296,69.61705929578929,310.26681140032315
2026-01-02 13:18:45,app-pod-1,77.14930274667218,77.6067018380946,312.46140988742866
2026-01-02 13:19:00,app-pod-1,72.36927529644906,71.38104816459185,305.2927105818323
2026-01-02 13:19:15,app-pod-1,72.79328781939779,72.67867357538532,269.8995128521944
2026-01-02 13:19:30,app-pod-1,66.11640759579811,66.06410343906116,259.5873016495012
2026-01-02 13:19:45,app-pod-1,70.33902880999413,59.25221071722436,293.03877409447534
2026-01-02 13:20:00,app-pod-1,73.49316546326163,79.75818962879995,277.6051574757416
2026-01-02 13:20:15,app-pod-1,72.67144106605768,69.03086450923178,289.7262533942383
2026-01-02 13:20:30,app-pod-1,65.6064541290853,62.83566725270884,249.2293247624209
2026-01-02 13:20:45,app-pod-1,72.66947685629331,77.65854769166445,303.0744231839818
2026-01-02 13:21:00,app-pod-1,73.12726724276115,76.08258941223887,298.4868171579531
2026-01-02 13:21:15,app-pod-1,75.85841278947277,74.46621823250982,313.68443243890806
2026-01-02 13:21:30,app-pod-1,70.02097766215118,72.8615329790038,293.15003618561377
2026-01-02 13:21:45,app-pod-1,65.24001736831427,59.89307047936757,257.5449474251736
2026-01-02 13:22:00,app-pod-1,68.95547209305712,67.86435859504223,290.8703642009874
2026-01-02 13:22:15,app-pod-1,68.63415838593531,74.51783141744096,265.6889112908753
2026-01-02 13:22:30,app-pod-1,74.11505764857722,68.4948312583532,305.8460321158484
2026-01-02 13:22:45,app-pod-1,63.73430714567656,59.622348477004834,225.3729293812642
2026-01-02 13:23:00,app-pod-1,70.51904183348978,69.75634904762629,270.8808244946209
2026-01-02 13:23:15,app-pod-1,76.12110036878539,73.79505531363874,339.22144952886595
2026-01-02 13:23:30,app-pod-1,71.84496252667235,73.52933426787072,296.5446691576467
2026-01-02 13:23:45,app-pod-1,74.49189525685121,65.25356449359762,307.1377843253494
2026-01-02 13:24:00,app-pod-1,66.85717798210267,54.053140735468716,255.07027295692032
2026-01-02 13:24:15,app-pod-1,66.95624114609514,71.47552843946093,251.4118077446303
2026-01-02 13:24:30,app-pod-1,76.05358231496265,67.8225977544501,300.2489267962642
2026-01-02 13:24:45,app-pod-1,72.0251548713866,67.36765660406468,287.09369221613105
2026-01-02 13:25:00,app-pod-1,72.01099429461537,59.49151859646098,316.7609849851646
2026-01-02 13:25:15,app-pod-1,68.32638378292506,72.94303205817533,288.5896264608428
2026-01-02 13:25:30,app-pod-1,23.01293518926772,37.86074575285006,93.68565882602564
2026-01-02 13:25:45,app-pod-1,19.2524656799837,35.027698696243334,77.99555477898372
2026-01-02 13:26:00,app-pod-1,26.230586812231017,39.878686189509395,116.2944586602611
2026-01-02 13:26:15,app-pod-1,30.83317339771045,31.28241060823989,103.55075560821612
2026-01-02 13:26:30,app-pod-1,24.081218977923893,31.931023342507196,67.5046272596885
2026-01-02 13:26:45,app-pod-1,20.704279979733233,32.23436043358228,93.96794113224007
2026-01-02 13:27:00,app-pod-1,14.987876258319302,26.747799525141836,61.03169499110408
2026-01-02 13:27:15,app-pod-1,17.515199838474107,30.90308213870085,50.37905343268143
2026-01-02 13:27:30,app-pod-1,27.21292745019934,40.28004772853351,77.4284970833481
2026-01-02 13:27:45,app-pod-1,19.440525069136445,38.640559129671466,91.17010222913731
2026-01-02 13:28:00,app-pod-1,21.395363486622244,27.575734305432068,77.7581264934597
2026-01-02 13:28:15,app-pod-1,24.453622503126567,37.07335881819621,103.81840026511796
2026-01-02 13:28:30,app-pod-1,26.91429936422118,42.397727949573714,103.70079706278115
2026-01-02 13:28:45,app-pod-1,21.84846355248407,30.67350863687975,86.88026961332677
2026-01-02 13:29:00,app-pod-1,21.213027043953247,33.884955061927876,75.96834731907376
2026-01-02 13:29:15,app-pod-1,22.621703086627406,38.167952738075925,89.33916198094946
2026-01-02 13:29:30,app-pod-1,20.50374793451146,34.4086678515556,90.67109028393395
2026-01-02 13:29:45,app-pod-1,20.645034217084532,37.822512754789486,78.44420906665476
2026-01-02 13:30:00,app-pod-1,23.581971705299825,36.980870928957856,89.33553340961919
2026-01-02 13:30:15,app-pod-1,22.88205453912617,34.45812547906709,100.64128652865456
2026-01-02 13:30:30,app-pod-1,28.70085366939106,34.227048794254365,124.9161131595249
2026-01-02 13:30:45,app-pod-1,23.60245111884965,37.75755856526307,77.34745126722832
2026-01-02 13:31:00,app-pod-1,25.719217411545092,38.50331607554342,102.44323701841432
2026-01-02 13:31:15,app-pod-1,19.03181053845218,28.358107237888525,68.27080000630706
2026-01-02 13:31:30,app-pod-1,23.801032467042916,39.57100185115635,95.40989950754174
2026-01-02 13:31:45,app-pod-1,20.03652033637566,40.365181767163065,101.6555846685469
2026-01-02 13:32:00,app-pod-1,23.371737220104208,33.0597507142529,98.87145848561299
2026-01-02 13:32:15,app-pod-1,24.23084357730541,33.32342978272399,129.38704794356795
2026-01-02 13:32:30,app-pod-1,22.294837990312946,31.78564380861247,92.47326990727862
2026-01-02 13:32:45,app-pod-1,29.347149644561355,32.14969699025665,114.891720945537
2026-01-02 13:33:00,app-pod-1,26.38906217964001,48.49475196012348,105.2610117276529
2026-01-02 13:33:15,app-pod-1,25.616818657186112,35.68734615745143,104.60672237496831
2026-01-02 13:33:30,app-pod-1,24.357910440245643,32.758266421100764,102.2744131802963
2026-01-02 13:33:45,app-pod-1,27.3351129626499,33.500703838908215,94.46094153460723
2026-01-02 13:34:00,app-pod-1,17.714110729087444,30.460040178391306,67.35904004433112
2026-01-02 13:34:15,app-pod-1,26.11586557702556,34.8050590706013,93.59752065456689
2026-01-02 13:34:30,app-pod-1,19.011290401938624,40.49826921515981,91.48949236490951
2026-01-02 13:34:45,app-pod-1,20.27202263273466,27.946726762595233,52.20306115869097
2026-01-02 13:35:00,app-pod-1,23.629243535010268,28.8477993180655,96.8705194118555
2026-01-02 13:35:15,app-pod-1,25.624762496907632,40.6962541592724,79.72650317569361
2026-01-02 13:35:30,app-pod-1,18.444417511295207,32.375059776360104,80.26124012356938
2026-01-02 13:35:45,app-pod-1,20.347567811433162,33.12857328660763,75.40669768356022
2026-01-02 13:36:00,app-pod-1,22.157863355987956,38.308685580713885,61.37953492997616
2026-01-02 13:36:15,app-pod-1,21.28624349802812,35.58392863509235,99.2784323358025
2026-01-02 13:36:30,app-pod-1,24.38752177277549,36.837177306641415,59.80427919965552
2026-01-02 13:36:45,app-pod-1,32.113302240999644,35.451081059081545,127.98191668298769
2026-01-02 13:37:00,app-pod-1,23.043585073308112,27.79003380295653,102.542197936186
2026-01-02 13:37:15,app-pod-1,19.560146962311066,30.189960967165007,98.89156354512805
2026-01-02 13:37:30,app-pod-1,17.85633441199513,27.077609383901944,47.27298568418409
2026-01-02 13:37:45,app-pod-1,20.750230611967694,35.87119042099332,75.26056463645322
2026-01-02 13:38:00,app-pod-1,18.885385488788856,24.226195288603385,91.79633736977108
2026-01-02 13:38:15,app-pod-1,23.088937185918855,33.92645556546703,109.62435928806349
2026-01-02 13:38:30,app-pod-1,23.022515273045848,35.250386399473214,111.30121390495101
2026-01-02 13:38:45,app-pod-1,20.25711822400691,33.981706359146735,119.45219335868649
2026-01-02 13:39:00,app-pod-1,27.581670290602815,41.301990516969674,102.69628795145302
2026-01-02 13:39:15,app-pod-1,19.400655666563615,31.947757999139743,83.18835131781276
2026-01-02 13:39:30,app-pod-1,21.228906782552215,31.522774727984356,79.72765962619376
2026-01-02 13:39:45,app-pod-1,23.48490035636855,42.66183100170694,64.3128951003864
2026-01-02 13:40:00,app-pod-1,24.223799446495512,35.35649616981769,95.54515408569304
2026-01-02 13:40:15,app-pod-1,25.360596793870624,44.848069593480936,71.52691984589467
2026-01-02 13:40:30,app-pod-1,22.793599211365464,34.32988320073408,83.36196898013122
2026-01-02 13:40:45,app-pod-1,24.64110052649381,37.16742205219668,76.54203033558132
2026-01-02 13:41:00,app-pod-1,19.47330068588702,32.93757374261227,84.47605976492079
2026-01-02 13:41:15,app-pod-1,24.203144012445506,38.09829385187348,85.13468176661678
2026-01-02 13:41:30,app-pod-1,24.143368686343088,34.8011171059604,69.79535423751793
2026-01-02 13:41:45,app-pod-1,25.948134563131298,38.64436906292065,116.77741820051558
2026-01-02 13:42:00,app-pod-1,16.384470087148493,39.12319919398208,56.481607522153666
2026-01-02 13:42:15,app-pod-1,18.648542487397922,38.29823868980135,68.11263826308677
2026-01-02 13:42:30,app-pod-1,23.819838781498603,41.95257886514669,80.61299617219258
2026-01-02 13:42:45,app-pod-1,13.37665676518921,22.654006876494947,70.74276986549854
2026-01-02 13:43:00,app-pod-1,22.787113373276725,30.05037965278814,95.20623850064709
2026-01-02 13:43:15,app-pod-1,24.470863112813753,38.21835879275457,88.68712548395223
2026-01-02 13:43:30,app-pod-1,19.542689443881848,37.53357223799697,49.46022449775677
2026-01-02 13:43:45,app-pod-1,19.961620920479984,31.377456882128733,117.50599671637681
2026-01-02 13:44:00,app-pod-1,18.010165022498743,29.119191196968103,101.73117133881979
2026-01-02 13:44:15,app-pod-1,19.64833228088592,40.72304760998497,100.23985934108585
2026-01-02 13:44:30,app-pod-1,19.71567516584184,37.23035594985749,68.31512526036
2026-01-02 13:44:45,app-pod-1,19.125274359076652,38.67762545500119,68.98688931256743
2026-01-02 13:45:00,app-pod-1,18.941191662266508,31.05158387142043,81.77474763642863
2026-01-02 13:45:15,app-pod-1,20.321650379791087,31.62505232927454,67.87879702870241
2026-01-02 13:45:30,app-pod-1,20.2658008752902,38.93051363601893,66.22221526850484
2026-01-02 13:45:45,app-pod-1,26.717969181873823,37.38894912603218,128.75025515185814
2026-01-02 13:46:00,app-pod-1,19.893488308452806,30.871156668956775,78.74684782969808
2026-01-02 13:46:15,app-pod-1,22.08897526061237,30.896300500502583,71.55786623537176
2026-01-02 13:46:30,app-pod-1,19.30636722878665,30.957981361952747,91.51547896821116
2026-01-02 13:46:45,app-pod-1,19.248730982029127,37.84952944471377,68.3864491432888
2026-01-02 13:47:00,app-pod-1,15.884919566053435,23.57111941259764,33.84935994816577
2026-01-02 13:47:15,app-pod-1,16.26445601706365,34.530381553664185,48.0356365924566
2026-01-02 13:47:30,app-pod-1,17.338094237506635,28.5955721725239,61.604975494794324
2026-01-02 13:47:45,app-pod-1,21.490724654599973,33.99200528428526,89.26228951288269
2026-01-02 13:48:00,app-pod-1,24.14871097106284,36.17286977665721,99.17090816332289
2026-01-02 13:48:15,app-pod-1,15.540763083583771,29.774809800322082,80.57960546121632
2026-01-02 13:48:30,app-pod-1,19.234103746581024,32.02823447302937,73.3809217582157
2026-01-02 13:48:45,app-pod-1,16.761250359340558,29.511095582332402,60.060205348197385
2026-01-02 13:49:00,app-pod-1,20.04969041526023,31.177657420975144,98.87446126828087
2026-01-02 13:49:15,app-pod-1,24.05044028564198,43.434175934776746,110.8822668936077
2026-01-02 13:49:30,app-pod-1,19.46310562621888,33.74942051870285,74.65055808277982
2026-01-02 13:49:45,app-pod-1,20.641833883687905,33.8195422524568,86.94777924946881
2026-01-02 13:50:00,app-pod-1,25.130712924476263,34.36823543537295,93.39301802686045
2026-01-02 13:50:15,app-pod-1,22.119384450636723,33.44385000979229,71.04510987216875
2026-01-02 13:50:30,app-pod-1,18.44607102729773,29.706393677301573,106.74282614771525
2026-01-02 13:50:45,app-pod-1,21.183768422718938,38.65535875547576,76.6067476400647
2026-01-02 13:51:00,app-pod-1,18.205062559290923,28.975548359149013,77.24514094155406
2026-01-02 13:51:15,app-pod-1,21.929853740794897,24.119668260315358,64.9892032285449
2026-01-02 13:51:30,app-pod-1,22.195137377664924,35.82813635168988,99.82732372935553
2026-01-02 13:51:45,app-pod-1,16.528358153536026,30.17289656962417,48.02556624379996
2026-01-02 13:52:00,app-pod-1,21.13601699643952,31.866270813471154,109.71344670757779
2026-01-02 13:52:15,app-pod-1,20.238591632139148,38.724794742235886,107.91551743434994
2026-01-02 13:52:30,app-pod-1,22.20609745499639,21.876670203256893,97.30897565713472
2026-01-02 13:52:45,app-pod-1,23.046871492300237,44.01403036945962,93.91070915031065
2026-01-02 13:53:00,app-pod-1,21.965955468676945,40.64955763031132,85.052595072135
2026-01-02 13:53:15,app-pod-1,19.604814177396158,30.583103608203217,77.70609662244514
2026-01-02 13:53:30,app-pod-1,23.295183168392764,34.052706859459924,99.31925954066656
2026-01-02 13:53:45,app-pod-1,17.856814955016112,35.021705225824725,72.77343588730574
2026-01-02 13:54:00,app-pod-1,16.49525881469935,34.20276111949453,80.70660751851646
2026-01-02 13:54:15,app-pod-1,10.85179760752206,24.42684903740764,29.632718544014505
2026-01-02 13:54:30,app-pod-1,20.20807905073242,26.061771566191393,103.75355221908058
2026-01-02 13:54:45,app-pod-1,17.934718233339485,43.12276636934766,65.39899151672459
2026-01-02 13:55:00,app-pod-1,21.57348804983831,39.88206188456457,75.10576765365244
2026-01-02 13:55:15,app-pod-1,14.447420955954682,30.897459810640026,63.22884737529304
2026-01-02 13:55:30,app-pod-1,18.400457471300758,33.75919647611075,80.00011733659905
2026-01-02 13:55:45,app-pod-1,21.73370431967935,38.32017816625815,60.884765877572136
2026-01-02 13:56:00,app-pod-1,17.214299156026318,35.75532583944347,61.640549820258975
2026-01-02 13:56:15,app-pod-1,21.51250237151178,24.626918272618404,53.469259872784875
2026-01-02 13:56:30,app-pod-1,18.594600431379707,31.26186040513916,64.24279542238568
2026-01-02 13:56:45,app-pod-1,20.148190961149574,31.829583891783074,71.10311475553401
2026-01-02 13:57:00,app-pod-1,22.013049189311456,34.60196114000811,92.51411153309351
2026-01-02 13:57:15,app-pod-1,23.066937147300642,40.00082571881951,80.4508122457415
2026-01-02 13:57:30,app-pod-1,20.467005870775676,25.376503122256416,73.60230715468882
2026-01-02 13:57:45,app-pod-1,17.72849198463121,25.66423246142496,90.4722835914271
2026-01-02 13:58:00,app-pod-1,18.777412210791717,29.73546336487607,106.07253078250855
2026-01-02 13:58:15,app-pod-1,22.043412534665652,36.20211440659876,74.36008371588304
2026-01-02 13:58:30,app-pod-1,17.04981508382929,36.095498625382376,83.48811139919252
2026-01-02 13:58:45,app-pod-1,19.560417197200394,41.84890913584606,84.05877818045039
2026-01-02 13:59:00,app-pod-1,18.91801763141141,31.810841342566242,49.5902395331557
2026-01-02 13:59:15,app-pod-1,19.746649324990045,37.975059075617956,67.11904344748636
2026-01-02 13:59:30,app-pod-1,17.009963667257377,35.45778695840892,22.622364082978045
2026-01-02 13:59:45,app-pod-1,14.463066632552536,32.832492398137425,62.70576079904565
2026-01-02 14:00:00,app-pod-1,21.562227847878916,34.97215479432424,70.0970464241496
2026-01-02 14:00:15,app-pod-1,22.873506480393893,34.0137948440732,93.50292997798512
2026-01-02 14:00:30,app-pod-1,14.585711468952988,24.883001375254025,96.90712470159043
2026-01-02 14:00:45,app-pod-1,21.050150899797817,29.077141299249856,108.09767369290358
2026-01-02 14:01:00,app-pod-1,23.17406920362501,37.95725756002753,81.19118199729742
2026-01-02 14:01:15,app-pod-1,21.69341363037753,34.9132769898547,71.64192124030639
2026-01-02 14:01:30,app-pod-1,18.63684199641211,30.968252508287545,93.94209107231809
2026-01-02 14:01:45,app-pod-1,17.037547499290056,35.25032638098708,53.07816803543695
2026-01-02 14:02:00,app-pod-1,20.09216697883588,33.06207104974124,95.23550942092983
2026-01-02 14:02:15,app-pod-1,20.573796128086673,29.83576152073453,123.33316708121961
2026-01-02 14:02:30,app-pod-1,20.099083796650852,32.736868312504676,90.52760860362334
2026-01-02 14:02:45,app-pod-1,19.25248980769089,37.57989210142359,94.77016500500642
2026-01-02 14:03:00,app-pod-1,16.52618310609067,26.450761913383875,82.1251822767187
2026-01-02 14:03:15,app-pod-1,21.023459900673195,35.762806018158955,75.73736469403163
2026-01-02 14:03:30,app-pod-1,21.149227448449977,34.52733049194556,88.94976819192058
2026-01-02 14:03:45,app-pod-1,20.32041149252059,30.42023858791714,66.93511121215339
2026-01-02 14:04:00,app-pod-1,20.032219437012696,32.555792670711426,99.47779985948479
2026-01-02 14:04:15,app-pod-1,24.71829260769698,29.44438978149461,82.59626608716054
2026-01-02 14:04:30,app-pod-1,17.78872571263926,33.00030896963415,81.66973024978024
2026-01-02 14:04:45,app-pod-1,23.487497582101284,29.6175833904841,110.92576058126834
2026-01-02 14:05:00,app-pod-1,17.422461429124052,37.557909086500786,62.31521007036856
2026-01-02 14:05:15,app-pod-1,22.932741448604325,35.59305689885208,80.91603223453473
2026-01-02 14:05:30,app-pod-1,23.287359640995277,33.442083465850324,90.60404440860971
2026-01-02 14:05:45,app-pod-1,18.689483031811168,38.885434762550084,61.371458303883465
2026-01-02 14:06:00,app-pod-1,24.53291786786351,32.01379828638061,100.47763538938392
2026-01-02 14:06:15,app-pod-1,20.938540864126402,30.91856407571179,69.99961131995674
2026-01-02 14:06:30,app-pod-1,16.881032835343415,22.67048967458216,54.85579178138198
2026-01-02 14:06:45,app-pod-1,18.37180980925654,39.40779838814346,81.69078270190151
2026-01-02 14:07:00,app-pod-1,22.874008445282566,45.37613439466378,100.75940632417628
2026-01-02 14:07:15,app-pod-1,22.226370090092868,27.190489172104712,84.50276544551099
2026-01-02 14:07:30,app-pod-1,16.264521782854768,27.306303044915005,40.3617306096722
2026-01-02 14:07:45,app-pod-1,19.002350620032946,33.65071334156332,93.57231183164158
2026-01-02 14:08:00,app-pod-1,20.01218366366543,31.430057879522536,73.32271416342267
2026-01-02 14:08:15,app-pod-1,17.860305717983007,32.34563897187361,102.37594815312141
2026-01-02 14:08:30,app-pod-1,26.438036058357977,37.91863553229904,103.7661911565635
2026-01-02 14:08:45,app-pod-1,20.047158176616605,36.07077002452314,82.22529351739853
2026-01-02 14:09:00,app-pod-1,19.142273108978635,28.59476370651531,70.09282097609662
2026-01-02 14:09:15,app-pod-1,22.881818248832086,36.98057102540368,95.17841053159071
2026-01-02 14:09:30,app-pod-1,18.195192666941626,27.155997752313148,124.92928099356311
2026-01-02 14:09:45,app-pod-1,22.294697001672965,33.546998321013206,83.94425313965047
2026-01-02 14:10:00,app-pod-1,14.250810646314571,21.291810814870093,76.14817035516366
2026-01-02 14:10:15,app-pod-1,17.874652144350957,30.489515543787824,72.85811434126207
2026-01-02 14:10:30,app-pod-1,22.36444479691173,32.791423443298335,107.06467885943728
2026-01-02 14:10:45,app-pod-1,23.909458792781138,41.45451793864011,66.65953254090077
2026-01-02 14:11:00,app-pod-1,16.860623433622134,31.506136041937488,96.61581482731278
2026-01-02 14:11:15,app-pod-1,16.49270347984904,32.157408601413415,71.08619561223585
2026-01-02 14:11:30,app-pod-1,20.846178391543575,34.480064731594595,79.3683849941837
2026-01-02 14:11:45,app-pod-1,17.25642104547896,21.43395050980586,82.57533266233428
2026-01-02 14:12:00,app-pod-1,18.301485546433288,22.82630858164496,75.36459372717964
2026-01-02 14:12:15,app-pod-1,21.718143904825276,33.60931256647367,69.65443097761236
2026-01-02 14:12:30,app-pod-1,17.438344799897102,33.599641300797,33.404182565171915
2026-01-02 14:12:45,app-pod-1,13.156109609217019,28.034950762851352,80.01531929047813
2026-01-02 14:13:00,app-pod-1,15.130882102784081,26.271322597281603,57.18078404397696
2026-01-02 14:13:15,app-pod-1,19.045763760950585,32.130469035836896,66.9891156132737
2026-01-02 14:13:30,app-pod-1,13.407402222671479,27.74975388564806,45.60135909069935
2026-01-02 14:13:45,app-pod-1,18.087978172297582,36.55660096502017,94.31895577057401
2026-01-02 14:14:00,app-pod-1,14.78497074502685,33.96457943084782,51.78821128037492
2026-01-02 14:14:15,app-pod-1,23.862891319050256,33.93695128511699,105.11704940134001
2026-01-02 14:14:30,app-pod-1,25.42032924421009,37.54460920170101,96.66186523632169
2026-01-02 14:14:45,app-pod-1,15.732150492735578,32.39350177587695,44.106462213796064
2026-01-02 14:15:00,app-pod-1,19.65887137972172,35.88443194300861,92.15475901577678
2026-01-02 14:15:15,app-pod-1,15.989250905053762,39.455466087489846,80.5020718626807
2026-01-02 14:15:30,app-pod-1,17.924395299484253,32.4063385529309,61.5078004812911
2026-01-02 14:15:45,app-pod-1,24.24464335884698,42.81497437222548,96.41221743819148
2026-01-02 14:16:00,app-pod-1,17.41607628740561,26.39083801296591,71.11943695441484
2026-01-02 14:16:15,app-pod-1,17.939949407282576,29.36959546234425,78.43666926380575
2026-01-02 14:16:30,app-pod-1,15.952407185036705,20.487562944468884,93.37898732525483
2026-01-02 14:16:45,app-pod-1,22.20050966325532,36.2968894643274,83.94398422450139
2026-01-02 14:17:00,app-pod-1,8.954101338526538,29.50549071126274,30.86574099952791
2026-01-02 14:17:15,app-pod-1,17.39748279110482,19.401312405041214,66.96020459295235
2026-01-02 14:17:30,app-pod-1,18.570203198107627,33.94057407662954,60.14759224434384
2026-01-02 14:17:45,app-pod-1,16.706629652423082,34.71569249285538,40.9940935498921
2026-01-02 14:18:00,app-pod-1,21.262511784696855,37.61994623097999,87.05649369537788
2026-01-02 14:18:15,app-pod-1,22.25998421241022,29.602683348513917,96.94908953087734
2026-01-02 14:18:30,app-pod-1,14.399824421709782,33.945476960658084,57.636084553365095
2026-01-02 14:18:45,app-pod-1,24.89845704373445,37.4754424175411,98.65323172218167
2026-01-02 14:19:00,app-pod-1,14.330288275013391,32.98638988709195,43.840203314188635
2026-01-02 14:19:15,app-pod-1,22.44803802366948,35.0843371623335,93.57818872333291
2026-01-02 14:19:30,app-pod-1,19.01372389105483,35.21479355901569,78.60278338299294
2026-01-02 14:19:45,app-pod-1,17.03524592845558,37.4708511501228,75.26436129512601
2026-01-02 14:20:00,app-pod-1,17.30037048395159,31.090149068254036,74.0566219096956
2026-01-02 14:20:15,app-pod-1,18.41006860428622,34.307572067483896,79.54751936621068
2026-01-02 14:20:30,app-pod-1,19.118009936509505,39.631450431840605,96.2537596234404
2026-01-02 14:20:45,app-pod-1,15.714456364058185,30.333968630791937,71.44078099208434
2026-01-02 14:21:00,app-pod-1,17.755276326220162,26.801712601264867,78.23025143397642
2026-01-02 14:21:15,app-pod-1,16.127268246591154,34.669303393393776,38.37140198802092
2026-01-02 14:21:30,app-pod-1,14.77634240649867,37.51782773759594,74.90782277441714
2026-01-02 14:21:45,app-pod-1,15.951773930096033,37.61015931515503,59.339269289044175
2026-01-02 14:22:00,app-pod-1,14.936016987694885,34.030150723030786,60.93223385849092
2026-01-02 14:22:15,app-pod-1,17.10772181554569,20.254617350423224,49.33736429959907
2026-01-02 14:22:30,app-pod-1,19.647870779049196,30.57434591035288,109.93958599492903
2026-01-02 14:22:45,app-pod-1,18.694850495964843,30.163392908881377,37.666166308427485
2026-01-02 14:23:00,app-pod-1,24.23804101723328,37.190970671203885,119.2738508268647
2026-01-02 14:23:15,app-pod-1,11.665948804021951,36.60748833501872,53.04120371476279
2026-01-02 14:23:30,app-pod-1,19.6876458269247,28.37864391106131,50.171176431746964
2026-01-02 14:23:45,app-pod-1,18.281212673169176,44.00785931420057,103.67081135888776
2026-01-02 14:24:00,app-pod-1,20.691305981266446,32.5722743705153,90.47170622303213
2026-01-02 14:24:15,app-pod-1,20.376047551886913,30.428726718953612,46.12944316740681
2026-01-02 14:24:30,app-pod-1,17.71404768259965,36.62585693937869,64.51934106417612
2026-01-02 14:24:45,app-pod-1,18.709361811846243,37.718074602413,82.85516860541013
2026-01-02 14:25:00,app-pod-1,15.941599393972893,34.4088541308997,89.46496529359608
2026-01-02 14:25:15,app-pod-1,19.997260118369205,30.150804748828417,73.85031825498862
2026-01-02 14:25:30,app-pod-1,12.502019264567174,31.261554123892385,10.304414817314267
2026-01-02 14:25:45,app-pod-1,20.451568091474588,29.14830894452892,103.69158163857685
2026-01-02 14:26:00,app-pod-1,18.034023932264862,28.637587432684363,79.60912810955304
2026-01-02 14:26:15,app-pod-1,16.624827796658078,31.163028637139366,33.01100228658582
2026-01-02 14:26:30,app-pod-1,17.370898133580503,28.05981069400084,74.62403470433412
2026-01-02 14:26:45,app-pod-1,17.57340704735876,37.565126172544296,77.02212531746176
2026-01-02 14:27:00,app-pod-1,21.92541927002833,32.45695582947184,82.8309323790715
2026-01-02 14:27:15,app-pod-1,27.71651545486387,38.29927972699922,98.45682041644034
2026-01-02 14:27:30,app-pod-1,21.658187673961528,30.759739963402986,77.4867808008935
2026-01-02 14:27:45,app-pod-1,16.28515286086868,36.58765605971641,60.26030448862083
2026-01-02 14:28:00,app-pod-1,19.853045009814867,30.566496635121943,84.7329862798006
2026-01-02 14:28:15,app-pod-1,19.966270675687042,39.6864449867047,91.69048162620665
2026-01-02 14:28:30,app-pod-1,15.15339899358693,35.95009722192211,28.39612374304265
2026-01-02 14:28:45,app-pod-1,14.129095616245761,27.660662176645786,60.35595974731536
2026-01-02 14:29:00,app-pod-1,17.70427745239176,32.5413332579793,78.13630701542222
2026-01-02 14:29:15,app-pod-1,20.29988418340842,31.841374045546136,83.73665744458854
2026-01-02 14:29:30,app-pod-1,13.02399213424504,31.845404470256412,46.023132742266064
2026-01-02 14:29:45,app-pod-1,15.679393342052878,30.00321878279251,84.01472922136902
2026-01-02 14:30:00,app-pod-1,19.54272654679681,31.59250526389394,98.33694512406339
2026-01-02 14:30:15,app-pod-1,17.9326412218935,32.78374467152568,66.23737588350396
2026-01-02 14:30:30,app-pod-1,22.039004714168286,27.516224482288415,86.90984902519621
2026-01-02 14:30:45,app-pod-1,13.538809489034634,29.09792541829885,65.73284162052273
2026-01-02 14:31:00,app-pod-1,24.8121491996594,40.616564290458484,118.48801671987755
2026-01-02 14:31:15,app-pod-1,13.124434186339432,29.877375831743446,40.26488409693234
2026-01-02 14:31:30,app-pod-1,11.633692068507905,32.901867276579864,30.841781784103013
2026-01-02 14:31:45,app-pod-1,17.527231205152702,30.382571404303015,74.22135283695374
2026-01-02 14:32:00,app-pod-1,14.283393708748818,27.701922034492902,40.279885132588525
2026-01-02 14:32:15,app-pod-1,17.55331910284999,26.70072835211416,41.03831401065948
2026-01-02 14:32:30,app-pod-1,17.43123573172191,30.173140494461705,57.419303824314554
2026-01-02 14:32:45,app-pod-1,17.047938698398855,41.76302021370105,74.44920905045916
2026-01-02 14:33:00,app-pod-1,15.090887917212989,31.941338367981352,83.66770621826939
2026-01-02 14:33:15,app-pod-1,18.89896388396697,30.301593639785775,64.96438558866943
2026-01-02 14:33:30,app-pod-1,16.6318732480713,26.611601583314577,64.66349632301255
2026-01-02 14:33:45,app-pod-1,20.87778314486274,26.621794572574306,85.84430839346703
2026-01-02 14:34:00,app-pod-1,17.00859050966271,27.754045509727305,58.30537146262297
2026-01-02 14:34:15,app-pod-1,14.638698548045706,34.0430565263252,47.64733628211256
2026-01-02 14:34:30,app-pod-1,12.452457545569505,26.58156141568884,54.83460444212035
2026-01-02 14:34:45,app-pod-1,16.982224146554884,27.09669816187556,49.96742242971899
2026-01-02 14:35:00,app-pod-1,13.673916842230962,25.330822869390467,43.184461240518104
2026-01-02 14:35:15,app-pod-1,13.414638005596283,32.63765060361706,50.61973382624314
2026-01-02 14:35:30,app-pod-1,19.029903422453163,32.914617018809075,80.95653112095715
2026-01-02 14:35:45,app-pod-1,12.097544175252471,25.332258851626182,25.661478033017538
2026-01-02 14:36:00,app-pod-1,21.650172314001992,33.61317877202853,84.63843643891539
2026-01-02 14:36:15,app-pod-1,17.87579412916413,43.54247151815203,52.14034052735049
2026-01-02 14:36:30,app-pod-1,17.248184876756227,38.17184478475758,58.72972754497576
2026-01-02 14:36:45,app-pod-1,14.25849775906006,37.32407507969128,68.8633909541428
2026-01-02 14:37:00,app-pod-1,19.63901031777851,24.986787494296383,77.4483585073266
2026-01-02 14:37:15,app-pod-1,17.32029153326452,31.36869268410046,94.31721729061226
2026-01-02 14:37:30,app-pod-1,15.253844388504698,27.45374557619887,59.93241471783957
2026-01-02 14:37:45,app-pod-1,17.894751486791762,35.245527019923465,86.09919828875196
2026-01-02 14:38:00,app-pod-1,12.23007922812659,33.86008985194961,60.84193753914678
2026-01-02 14:38:15,app-pod-1,12.355627534943071,30.28107033906035,49.224205967049265
2026-01-02 14:38:30,app-pod-1,13.884239166393307,25.35661720317802,35.80216684739452
2026-01-02 14:38:45,app-pod-1,18.27658289539624,29.48854133679119,71.52943830151402
2026-01-02 14:39:00,app-pod-1,17.20144499496991,35.14386582714321,60.81421973544861
2026-01-02 14:39:15,app-pod-1,20.34139184239549,37.839340155723974,72.79428317228042
2026-01-02 14:39:30,app-pod-1,14.417733812031127,30.797175530608808,60.008250102833344
2026-01-02 14:39:45,app-pod-1,18.884971470189956,33.86843462608083,53.79632182464442
2026-01-02 14:40:00,app-pod-1,16.802636149083387,32.012457983201124,54.10288438446383
2026-01-02 14:40:15,app-pod-1,14.298407376779359,31.354367952481702,42.012661492527734
2026-01-02 14:40:30,app-pod-1,18.266776444960826,36.36654838733164,69.2537371883319
2026-01-02 14:40:45,app-pod-1,16.896143666852282,34.978129102979246,56.06215489528642
2026-01-02 14:41:00,app-pod-1,15.190162824704535,30.751041146710257,50.22421976886999
2026-01-02 14:41:15,app-pod-1,17.186874210735134,31.785564860877912,70.77944805636304
2026-01-02 14:41:30,app-pod-1,16.655657730066434,31.222468865697717,59.93735783521751
2026-01-02 14:41:45,app-pod-1,16.5665720371014,27.69494720497216,66.33838245163469
2026-01-02 14:42:00,app-pod-1,15.773259583663956,27.076140961906027,46.35756660561887
2026-01-02 14:42:15,app-pod-1,13.079611663174177,31.875509538237477,39.89211236172553
2026-01-02 14:42:30,app-pod-1,17.202187249445657,28.47718664263914,99.42117570142227
2026-01-02 14:42:45,app-pod-1,14.553197097662263,34.2569073079287,47.751717125801136
2026-01-02 14:43:00,app-pod-1,13.883818347813364,29.46195928829122,23.938847257300853
2026-01-02 14:43:15,app-pod-1,16.206185684885803,35.442306271595875,69.95666593201696
2026-01-02 14:43:30,app-pod-1,19.113860670344337,36.56449648701507,65.83590760154208
2026-01-02 14:43:45,app-pod-1,17.452132955359488,36.43114269261203,73.46623532463727
2026-01-02 14:44:00,app-pod-1,15.285392795117097,28.31794617407261,59.79854629111073
2026-01-02 14:44:15,app-pod-1,15.148323847535604,32.64832394567013,68.84143899158782
2026-01-02 14:44:30,app-pod-1,18.753360041283653,36.816791976640374,73.51909805622063
2026-01-02 14:44:45,app-pod-1,9.6392868321469,18.99086728550567,35.158863378062456
2026-01-02 14:45:00,app-pod-1,19.205178665597092,41.95209230366227,94.03952108038554
2026-01-02 14:45:15,app-pod-1,11.17464162198331,39.152014365958685,11.426433910169479
2026-01-02 14:45:30,app-pod-1,12.534086181355129,33.510301799437656,30.25402895180294
2026-01-02 14:45:45,app-pod-1,15.221149102347704,34.68420818229335,48.5081725657469
2026-01-02 14:46:00,app-pod-1,23.257971464477798,39.22437301243205,67.63922723178919
2026-01-02 14:46:15,app-pod-1,21.76352532446259,33.617301018690185,79.86329888400242
2026-01-02 14:46:30,app-pod-1,18.834414509165782,32.63323910007345,66.66646055301509
2026-01-02 14:46:45,app-pod-1,17.768278182049972,37.25981920423762,85.69361530503011
2026-01-02 14:47:00,app-pod-1,11.095535775945898,22.900789068830015,43.05806311070743
2026-01-02 14:47:15,app-pod-1,17.136372648252525,26.69187628813114,65.35032117549302
2026-01-02 14:47:30,app-pod-1,15.00218094972314,28.514880721093707,54.311145898049084
2026-01-02 14:47:45,app-pod-1,14.183600735832247,33.209786389560115,40.95446514203354
2026-01-02 14:48:00,app-pod-1,17.081797142746836,27.627577208551784,81.68909699112398
2026-01-02 14:48:15,app-pod-1,15.187852904731608,29.504416698725336,78.90256621418646
2026-01-02 14:48:30,app-pod-1,19.192892574636055,32.90164678198519,58.58908028858936
2026-01-02 14:48:45,app-pod-1,10.760956600221622,22.47332342698285,67.34466420348599
2026-01-02 14:49:00,app-pod-1,16.7776981183446,19.545549098912623,57.04605375142822
2026-01-02 14:49:15,app-pod-1,13.899231130153847,24.596899094013672,44.309175232729196
2026-01-02 14:49:30,app-pod-1,15.29149028368697,32.00847578516434,68.25786621025402
2026-01-02 14:49:45,app-pod-1,17.418168038145957,34.62343496808954,78.10333425310037
2026-01-02 14:50:00,app-pod-1,13.136272259856604,31.667205501206645,51.47612716175183
2026-01-02 14:50:15,app-pod-1,16.964815411456314,34.92323276223511,62.66499049605214
2026-01-02 14:50:30,app-pod-1,15.819043620706834,27.94135603180755,80.86146772727388
2026-01-02 14:50:45,app-pod-1,14.45825299971414,25.917731474863963,48.483522906001156
2026-01-02 14:51:00,app-pod-1,15.012267631308427,32.38387736617018,59.01753456528781
2026-01-02 14:51:15,app-pod-1,15.944317064135424,30.102271593710093,89.18408030669973
2026-01-02 14:51:30,app-pod-1,14.0884670216736,34.39732002790203,36.29761908228653
2026-01-02 14:51:45,app-pod-1,16.39727999935308,33.384963821234905,58.70937709130404
2026-01-02 14:52:00,app-pod-1,15.525502933751817,37.286954867790705,77.47904066239028
2026-01-02 14:52:15,app-pod-1,14.510237643279217,27.829484828667475,65.96095119599208
2026-01-02 14:52:30,app-pod-1,21.097680661251534,40.1060477134153,97.80098649359066
2026-01-02 14:52:45,app-pod-1,17.557958700579196,42.46395057609703,50.38857011824664
2026-01-02 14:53:00,app-pod-1,15.148203495603958,30.872455254960904,65.4095392600795
2026-01-02 14:53:15,app-pod-1,16.71803905267027,34.19916072157303,62.59405584584792
2026-01-02 14:53:30,app-pod-1,13.184131241642477,24.576250425657296,86.8227795115956
2026-01-02 14:53:45,app-pod-1,14.9384270673169,34.92718157653352,71.89437536054291
2026-01-02 14:54:00,app-pod-1,15.27267613481017,36.33616414198862,60.75592536419003
2026-01-02 14:54:15,app-pod-1,12.476709736490498,26.261430895210296,54.19531639476142
2026-01-02 14:54:30,app-pod-1,17.363352990742477,35.08514494889393,70.26772827693271
2026-01-02 14:54:45,app-pod-1,14.668668538704964,31.6704316713165,69.15989927190364
2026-01-02 14:55:00,app-pod-1,15.103338882012414,32.52626366878795,47.56884691463936
2026-01-02 14:55:15,app-pod-1,14.447828001584952,34.17357830493583,78.26957210384953
2026-01-02 14:55:30,app-pod-1,25.015524521016587,40.10536470970902,80.1911887273093
2026-01-02 14:55:45,app-pod-1,14.134688962952453,29.199343143202505,59.61441323492398
2026-01-02 14:56:00,app-pod-1,9.900801729162572,31.097042987564485,27.23900991116628
2026-01-02 14:56:15,app-pod-1,11.291351386931263,33.46322641847495,45.80781743488416
2026-01-02 14:56:30,app-pod-1,18.35338642718804,30.07639832893164,88.2338268683106
2026-01-02 14:56:45,app-pod-1,20.069184462395768,34.03943348844416,54.59155653594598
2026-01-02 14:57:00,app-pod-1,13.99879922904783,20.955695434228975,53.45302223032664
2026-01-02 14:57:15,app-pod-1,19.865420834073163,36.823784821507275,57.865328417885706
2026-01-02 14:57:30,app-pod-1,18.23773947146031,38.882005511343564,68.76022058232597
2026-01-02 14:57:45,app-pod-1,15.428943369071272,29.513784220903585,40.07987579421877
2026-01-02 14:58:00,app-pod-1,15.200475862691388,31.30751389305744,63.22868922962836
2026-01-02 14:58:15,app-pod-1,16.508873025625782,30.455232443218346,59.6429436030122
2026-01-02 14:58:30,app-pod-1,18.583094144123894,31.088684781507403,85.53921464329264
2026-01-02 14:58:45,app-pod-1,17.127091423126583,33.149820430421585,86.93673735759624
2026-01-02 14:59:00,app-pod-1,13.889280605484549,25.801283728700266,55.7168440486132
2026-01-02 14:59:15,app-pod-1,15.381598908647666,29.590734553836207,74.93122041593506
2026-01-02 14:59:30,app-pod-1,21.832541725471508,30.760024567300654,108.0670465538359
2026-01-02 14:59:45,app-pod-1,16.62694085591299,34.58424152838748,52.67621748959994
2026-01-02 15:00:00,app-pod-1,18.46584065691689,34.122279061180336,95.38814611211752
2026-01-02 15:00:15,app-pod-1,17.46210107815372,30.06728116778298,69.29431746835459
2026-01-02 15:00:30,app-pod-1,16.647117934774762,31.838376282454313,51.91282157087083
2026-01-02 15:00:45,app-pod-1,16.137756853767556,30.192803518755547,69.0279632329308
2026-01-02 15:01:00,app-pod-1,18.48846436350924,38.66140090731964,72.872430462332
2026-01-02 15:01:15,app-pod-1,17.93686842843574,30.350746323187874,50.64229662564884
2026-01-02 15:01:30,app-pod-1,16.557288310931224,34.765326644811275,49.71341076911037
2026-01-02 15:01:45,app-pod-1,13.669003392315219,26.042265948079187,79.23572852826003
2026-01-02 15:02:00,app-pod-1,16.891667433561782,35.89535920539275,71.74529258135355
2026-01-02 15:02:15,app-pod-1,15.518684229570384,36.04960696071731,84.3016506255532
2026-01-02 15:02:30,app-pod-1,14.779674319283838,35.768303486471396,52.87010015080965
2026-01-02 15:02:45,app-pod-1,23.72552100301308,43.96294915780264,82.87764885592367
2026-01-02 15:03:00,app-pod-1,11.056807208383425,29.201990046263525,18.977510086362706
2026-01-02 15:03:15,app-pod-1,18.53428480879239,39.16373287447088,88.65679290523482
2026-01-02 15:03:30,app-pod-1,13.055535563796766,37.25977465625986,58.38162647738084
2026-01-02 15:03:45,app-pod-1,16.021954112436237,25.605106059282846,57.97463812372425
2026-01-02 15:04:00,app-pod-1,23.318966550497542,33.30708587653227,81.38597280924915
2026-01-02 15:04:15,app-pod-1,12.710950476592311,21.41916178602901,67.74684581688841
2026-01-02 15:04:30,app-pod-1,13.411310101459836,34.69363769464574,50.986023445692105
2026-01-02 15:04:45,app-pod-1,15.515274614406211,23.318030893142634,59.56314522549142
2026-01-02 15:05:00,app-pod-1,13.011069885910803,20.208537217734076,43.032719111257634
2026-01-02 15:05:15,app-pod-1,18.18981193555595,27.24590495041336,66.64735535103924
2026-01-02 15:05:30,app-pod-1,13.918993907402948,21.051735682559908,63.92781814637024
2026-01-02 15:05:45,app-pod-1,17.46956769574714,33.58948753615016,48.63166733869705
2026-01-02 15:06:00,app-pod-1,11.504945184354032,22.63074840211798,47.230839482451245
2026-01-02 15:06:15,app-pod-1,10.057009140375417,18.58849183824386,54.56181244410926
2026-01-02 15:06:30,app-pod-1,14.775557057550756,30.13352333975967,57.83084739173322
2026-01-02 15:06:45,app-pod-1,10.742014126195727,27.604970030572243,58.78145041429599
2026-01-02 15:07:00,app-pod-1,19.987387340648354,24.64225565102335,100.05853654699843
2026-01-02 15:07:15,app-pod-1,10.828230426852958,24.011255431444454,56.86665688537098
2026-01-02 15:07:30,app-pod-1,12.289658483031197,28.229567178256843,41.09979739446142
2026-01-02 15:07:45,app-pod-1,16.628673219648128,29.855954886404252,65.98311750892823
2026-01-02 15:08:00,app-pod-1,13.613834117430569,27.88226774693771,59.641889253352105
2026-01-02 15:08:15,app-pod-1,10.8028918673323,33.45845920081317,36.16532142235789
2026-01-02 15:08:30,app-pod-1,21.463095489089884,45.75689080398079,78.30579078696609
2026-01-02 15:08:45,app-pod-1,12.32346627162813,27.05993396023068,40.84416484902668
2026-01-02 15:09:00,app-pod-1,14.72477638879663,23.69793580925887,97.05251457088929
2026-01-02 15:09:15,app-pod-1,14.671171856726255,29.0969048066393,54.61832663920107
2026-01-02 15:09:30,app-pod-1,17.41489397189187,33.161891297421924,85.68971001949434
2026-01-02 15:09:45,app-pod-1,16.656258507733206,31.39298823156403,53.58399980417825
2026-01-02 15:10:00,app-pod-1,12.77405015060451,31.995290696545126,76.62282616416118
2026-01-02 15:10:15,app-pod-1,14.262241295443362,41.043115157791426,51.37045320084288
2026-01-02 15:10:30,app-pod-1,14.54424289454963,21.61536574078314,58.971625186234846
2026-01-02 15:10:45,app-pod-1,17.45719351810547,29.684637127504807,42.33793249763292
2026-01-02 15:11:00,app-pod-1,11.690671705687553,35.88918608078882,63.511701518447616
2026-01-02 15:11:15,app-pod-1,21.235309163168182,32.25448861288855,104.93953407169425
2026-01-02 15:11:30,app-pod-1,12.888785006487877,32.96961703241363,33.74606606663822
2026-01-02 15:11:45,app-pod-1,15.125462305312862,33.742327100457295,78.12391255243674
2026-01-02 15:12:00,app-pod-1,11.657135171372378,34.34439390402967,26.569226543930206
2026-01-02 15:12:15,app-pod-1,11.228037135933892,37.42632471595137,54.39315623634394
2026-01-02 15:12:30,app-pod-1,12.484657326920612,30.404623664347046,45.61908268351815
2026-01-02 15:12:45,app-pod-1,12.181819004691526,19.798124376184546,68.77108416448829
2026-01-02 15:13:00,app-pod-1,13.836081426301522,26.18322111709047,59.08219772143294
2026-01-02 15:13:15,app-pod-1,12.127439008404178,39.41947163885099,62.48177960975868
2026-01-02 15:13:30,app-pod-1,17.136490726630694,24.924554461716614,87.1123129489385
2026-01-02 15:13:45,app-pod-1,12.68639893422338,31.36451209990923,46.38012297681215
2026-01-02 15:14:00,app-pod-1,12.339439103864208,16.065061252364007,48.92420744279193
2026-01-02 15:14:15,app-pod-1,13.827531779732812,22.92313633636542,38.642400851146775
2026-01-02 15:14:30,app-pod-1,17.970525637052198,37.0140543529361,67.38173768545303
2026-01-02 15:14:45,app-pod-1,15.622226008857009,31.115362807848683,91.39499838975082
2026-01-02 15:15:00,app-pod-1,14.664135260758053,28.38268555558924,69.99327824140923
2026-01-02 15:15:15,app-pod-1,10.64969379536842,23.38300553498333,26.929782076853122
2026-01-02 15:15:30,app-pod-1,11.506344890102527,18.071728724896307,70.49701911419609
2026-01-02 15:15:45,app-pod-1,11.084900540643746,31.226459809583808,50.17464983966386
2026-01-02 15:16:00,app-pod-1,18.826362066561604,31.762716598305268,87.76181547988388
2026-01-02 15:16:15,app-pod-1,16.483193760476315,23.928909759765148,73.29070727034662
2026-01-02 15:16:30,app-pod-1,12.292356837620964,28.755595483886093,55.465803811706834
2026-01-02 15:16:45,app-pod-1,13.169835401003246,32.12512485775291,22.713633966811482
2026-01-02 15:17:00,app-pod-1,12.372829783607003,27.657612397898035,66.09570984685149
2026-01-02 15:17:15,app-pod-1,12.176884671724153,29.103782686769016,14.892506933702059
2026-01-02 15:17:30,app-pod-1,16.201157468705297,31.531444305530915,80.04445318509669
2026-01-02 15:17:45,app-pod-1,13.943449829450927,26.22644083747477,57.26729820842978
2026-01-02 15:18:00,app-pod-1,21.035383920891782,34.996066811123406,96.67349983392998
2026-01-02 15:18:15,app-pod-1,18.528800454064683,36.64624497446499,76.49121493760988
2026-01-02 15:18:30,app-pod-1,18.692020407595724,38.25763265194492,90.42436058051662
2026-01-02 15:18:45,app-pod-1,16.763526846716623,35.68811548564835,67.29632817730477
2026-01-02 15:19:00,app-pod-1,13.46737339282786,26.05167121879994,58.08339376785602
2026-01-02 15:19:15,app-pod-1,16.514636103999937,34.741308030648874,72.12994587359411
2026-01-02 15:19:30,app-pod-1,13.660696393234018,31.889819611946535,82.82241976150863
2026-01-02 15:19:45,app-pod-1,19.58397185250179,30.160236334525276,87.34001356006064
2026-01-02 15:20:00,app-pod-1,15.891949286770197,28.802800813041955,43.815004504215196
2026-01-02 15:20:15,app-pod-1,15.45217788123783,34.21499003010418,53.349014935737515
2026-01-02 15:20:30,app-pod-1,15.032318707706038,37.40716385942643,69.09933500547032
2026-01-02 15:20:45,app-pod-1,19.857922181323303,24.84218603702382,98.32787787930445
2026-01-02 15:21:00,app-pod-1,10.321912357020462,35.4256448417608,30.455007983698525
2026-01-02 15:21:15,app-pod-1,20.124085597904582,39.90765829807406,114.09450663656892
2026-01-02 15:21:30,app-pod-1,14.03683776256991,30.821378934629102,58.781408123754936
2026-01-02 15:21:45,app-pod-1,10.362947657752688,26.05048024363689,47.76030166965919
2026-01-02 15:22:00,app-pod-1,12.310879137316434,30.56978264221722,30.432414138363626
2026-01-02 15:22:15,app-pod-1,9.601218654422873,23.51802625480116,55.137023344735724
2026-01-02 15:22:30,app-pod-1,16.50076116950218,30.662057718918177,59.31628206174287
2026-01-02 15:22:45,app-pod-1,11.411080968140675,20.612621920503578,34.45608140194184
2026-01-02 15:23:00,app-pod-1,15.018150116970382,21.805090296537465,55.31470667968136
2026-01-02 15:23:15,app-pod-1,17.90100393720693,44.19223592957427,92.34567842350678
2026-01-02 15:23:30,app-pod-1,12.468526234955036,29.043344456509963,56.86024579531299
2026-01-02 15:23:45,app-pod-1,13.666508577507322,30.58500110926696,41.32975576441797
2026-01-02 15:24:00,app-pod-1,10.546980941112544,27.22922269322441,34.232239191244716
2026-01-02 15:24:15,app-pod-1,13.278289052988193,25.155932239687278,74.25665483668473
2026-01-02 15:24:30,app-pod-1,22.15172937567025,33.97090001415284,85.0612022744988
2026-01-02 15:24:45,app-pod-1,16.749774639520997,32.18078571750645,75.40528694469357
2026-01-02 15:25:00,app-pod-1,13.60811908146155,28.54249196926326,66.5097118608288
2026-01-02 15:25:15,app-pod-1,12.553599980422995,25.026506347823698,0.0
2026-01-02 15:25:30,app-pod-1,14.247136228935524,32.37043932637509,75.95440913698867
2026-01-02 15:25:45,app-pod-1,14.751579591749067,31.26792917356506,46.22104605387034
2026-01-02 15:26:00,app-pod-1,13.090627741514464,31.127978277778592,46.95368871639096
2026-01-02 15:26:15,app-pod-1,15.924442602740394,34.672333882017455,86.78756009019017
2026-01-02 15:26:30,app-pod-1,11.460369338562051,27.169638975502096,67.54534779802118
2026-01-02 15:26:45,app-pod-1,11.432014234074867,27.157970262445016,53.11975548942265
2026-01-02 15:27:00,app-pod-1,15.404247753535724,38.19523623873528,72.54357523586461
2026-01-02 15:27:15,app-pod-1,10.774238934205094,22.82189120939797,57.76638157847045
2026-01-02 15:27:30,app-pod-1,16.45373747121528,22.149457488728864,87.26656905170819
2026-01-02 15:27:45,app-pod-1,14.210384114420645,32.72496239038185,80.20281556459915
2026-01-02 15:28:00,app-pod-1,8.756057271713921,22.982489615828396,36.63976256115763
2026-01-02 15:28:15,app-pod-1,14.554860034066477,24.801647237379292,47.159414265009765
2026-01-02 15:28:30,app-pod-1,9.15751928237001,30.836453583121106,32.80278641342548
2026-01-02 15:28:45,app-pod-1,16.2796604690416,30.671920409533328,67.026642862364
2026-01-02 15:29:00,app-pod-1,13.440065537371359,23.090225588000738,52.96425157577424
2026-01-02 15:29:15,app-pod-1,19.726114076707265,43.48301044874286,63.72112742365344
2026-01-02 15:29:30,app-pod-1,17.37347169526531,24.107998864698718,76.04579939182811
2026-01-02 15:29:45,app-pod-1,10.96414622716917,27.24151039733792,20.339769817232334
2026-01-02 15:30:00,app-pod-1,8.07071360265105,16.203115647619786,33.56366654334732
2026-01-02 15:30:15,app-pod-1,11.854357752519933,29.651341596025087,49.65993359758113
2026-01-02 15:30:30,app-pod-1,10.442632939321895,24.10429955647322,43.49914278533182
2026-01-02 15:30:45,app-pod-1,19.57038914533308,37.79564647838001,91.0497785719747
2026-01-02 15:31:00,app-pod-1,14.049015971467105,29.74737924849343,66.97515478255556
2026-01-02 15:31:15,app-pod-1,16.867020369904388,38.559953153967214,100.80825657195115
2026-01-02 15:31:30,app-pod-1,13.198494186894116,27.09037634380626,45.02829999026225
2026-01-02 15:31:45,app-pod-1,13.501426401718023,21.428276700473027,58.1957030736409
2026-01-02 15:32:00,app-pod-1,13.929408731527431,30.93816637720353,58.946186519648634
2026-01-02 15:32:15,app-pod-1,17.333787693440044,30.87086398311205,71.85794624412253
2026-01-02 15:32:30,app-pod-1,14.935942965021212,21.35886066862757,40.770958341766345
2026-01-02 15:32:45,app-pod-1,10.815985165217299,22.294288235223558,25.5118020212871
2026-01-02 15:33:00,app-pod-1,18.842466160438043,29.50406408492418,75.46686169137189
2026-01-02 15:33:15,app-pod-1,13.083433368176728,36.93532030972737,28.695324701023903
2026-01-02 15:33:30,app-pod-1,12.582294696409038,32.34483528533622,45.31609846002618
2026-01-02 15:33:45,app-pod-1,5.447333463639996,22.074457610584325,12.07623984716571
2026-01-02 15:34:00,app-pod-1,15.826061561139664,33.43259174215896,58.834584649679364
2026-01-02 15:34:15,app-pod-1,14.21293325428317,19.75175387869799,73.83663735113784
2026-01-02 15:34:30,app-pod-1,14.196723998548556,27.11317624324398,40.61186179805733
2026-01-02 15:34:45,app-pod-1,12.675543870066468,30.87785760408834,63.749162738664594
2026-01-02 15:35:00,app-pod-1,12.145454394252011,29.328699607953748,40.01250221562596
2026-01-02 15:35:15,app-pod-1,12.749475857367516,26.22785237063922,44.29661249865617
2026-01-02 15:35:30,app-pod-1,15.234828181745057,30.472839066566536,67.92249756681063
2026-01-02 15:35:45,app-pod-1,15.749846540579629,32.71543510196583,58.887158660479905
2026-01-02 15:36:00,app-pod-1,13.126565347377259,29.141812442321644,39.11924486979281
2026-01-02 15:36:15,app-pod-1,16.6536587396482,35.9625809023711,61.06047539283429
2026-01-02 15:36:30,app-pod-1,13.5571291262651,31.083500937823782,27.579011428459754
2026-01-02 15:36:45,app-pod-1,12.26859711121335,31.14422032999774,54.79215624185833
2026-01-02 15:37:00,app-pod-1,14.363767085421864,38.622410900945724,10.927317886090727
2026-01-02 15:37:15,app-pod-1,9.677624414360785,30.91186875487788,52.030791402494906
2026-01-02 15:37:30,app-pod-1,14.441221235405457,38.81364709668868,66.9938142082008
2026-01-02 15:37:45,app-pod-1,9.10382197422915,23.013103550859505,60.43680980934734
2026-01-02 15:38:00,app-pod-1,10.634508752922333,19.48208676281789,75.26919171752189
2026-01-02 15:38:15,app-pod-1,7.648956129300328,24.652865336955696,44.632388912089304
2026-01-02 15:38:30,app-pod-1,13.167039597586992,28.088945909923986,43.25708288977024
2026-01-02 15:38:45,app-pod-1,18.50867107329509,40.25314051325334,106.62402007411168
2026-01-02 15:39:00,app-pod-1,13.315938913522121,23.670935076181287,35.354756756421764
2026-01-02 15:39:15,app-pod-1,15.58534340009089,30.515345577763913,33.80081910773284
2026-01-02 15:39:30,app-pod-1,20.698966768351262,36.51517356806032,110.5828262010377
2026-01-02 15:39:45,app-pod-1,14.841649899942354,30.88966744988144,68.38997234888
2026-01-02 15:40:00,app-pod-1,11.321322980456117,27.0672778501258,17.148028572627332
2026-01-02 15:40:15,app-pod-1,11.721749559022417,29.99806695734742,26.55661020691505
2026-01-02 15:40:30,app-pod-1,13.593945754158762,34.911250182471015,62.645058483148034
2026-01-02 15:40:45,app-pod-1,11.680822480071907,35.855303092163645,33.67381734232754
2026-01-02 15:41:00,app-pod-1,11.89280024171644,28.48899620648193,36.67896752833316
2026-01-02 15:41:15,app-pod-1,16.510397347982977,27.478049375615264,95.53792589923286
2026-01-02 15:41:30,app-pod-1,16.620698410100033,39.30715935753685,98.70570536885563
2026-01-02 15:41:45,app-pod-1,8.589165652509534,20.624248723079223,36.558098667914614
2026-01-02 15:42:00,app-pod-1,11.062967673859031,36.696971587276984,41.99446837904531
2026-01-02 15:42:15,app-pod-1,12.113115808471196,35.19985789052349,61.98929091383427
2026-01-02 15:42:30,app-pod-1,15.2900681767985,38.1500416809033,52.73617338257223
2026-01-02 15:42:45,app-pod-1,16.909720115019503,35.26375836037908,34.181002949425064
2026-01-02 15:43:00,app-pod-1,21.574108820277893,24.539425973505452,44.8734921317325
2026-01-02 15:43:15,app-pod-1,12.058916467937836,23.245637372178763,47.13169081112061
2026-01-02 15:43:30,app-pod-1,12.196501239063883,30.07199197081001,62.01418381924595
2026-01-02 15:43:45,app-pod-1,15.197168154856953,27.2597827156452,61.028671938228065
2026-01-02 15:44:00,app-pod-1,11.372598392034595,26.38441948273478,57.63980509495815
2026-01-02 15:44:15,app-pod-1,12.98417313501275,32.152962098638554,65.58419631015595
2026-01-02 15:44:30,app-pod-1,12.149774307853395,27.65497059035419,69.38970724703184
2026-01-02 15:44:45,app-pod-1,5.517776541827156,17.76734055765731,24.86507442863914
2026-01-02 15:45:00,app-pod-1,13.740307444403735,34.04650877677544,59.09935947219987
2026-01-02 15:45:15,app-pod-1,12.811414109958163,31.542503752739346,50.693663560695455
2026-01-02 15:45:30,app-pod-1,17.160099174473466,30.76708970723361,64.76435359315583
2026-01-02 15:45:45,app-pod-1,13.350806098453974,32.90189518944115,29.82277497674939
2026-01-02 15:46:00,app-pod-1,9.558041123714133,27.165864102087834,55.811925842769305
2026-01-02 15:46:15,app-pod-1,12.535955467539337,35.43197478935376,44.38741830281178
2026-01-02 15:46:30,app-pod-1,7.024991944215265,25.673533788738233,21.48424289603077
2026-01-02 15:46:45,app-pod-1,9.65349522879215,33.377084993057906,30.489711751178667
2026-01-02 15:47:00,app-pod-1,15.18079478750381,21.258292444376604,40.61736168604449
2026-01-02 15:47:15,app-pod-1,12.52030361397083,31.060307645838726,48.798066365249205
2026-01-02 15:47:30,app-pod-1,16.017917619468044,29.22323335022343,71.81804550724863
2026-01-02 15:47:45,app-pod-1,7.33780404603482,20.841207890506855,18.771903483721413
2026-01-02 15:48:00,app-pod-1,12.499204449120283,34.54194601140983,65.56083439753436
2026-01-02 15:48:15,app-pod-1,11.78817894722878,32.69716242244174,41.62654542443199
2026-01-02 15:48:30,app-pod-1,16.07040996453731,21.216903529713758,41.29182713589496
2026-01-02 15:48:45,app-pod-1,15.209320282611106,34.2240023744101,81.4427567666145
2026-01-02 15:49:00,app-pod-1,15.105976190977056,33.54492356571361,63.400844892844454
2026-01-02 15:49:15,app-pod-1,17.791657632808224,28.83880280967746,84.11587871579826
2026-01-02 15:49:30,app-pod-1,12.051393997814582,24.25945606365438,61.50847080141292
2026-01-02 15:49:45,app-pod-1,17.149145681977213,24.05152585439201,54.40493559063501
2026-01-02 15:50:00,app-pod-1,9.999552631103086,25.31202735558734,32.169503963521365
2026-01-02 15:50:15,app-pod-1,9.877825813339054,26.027040377804507,55.025594382209114
2026-01-02 15:50:30,app-pod-1,15.367006841187884,34.74188869062408,88.99629009305939
2026-01-02 15:50:45,app-pod-1,8.582873074598442,27.3549129747217,35.28078977858819
2026-01-02 15:51:00,app-pod-1,14.803740451177408,25.06307773930252,49.807113642934276
2026-01-02 15:51:15,app-pod-1,13.377751550008432,30.558797709730126,78.74604842219333
2026-01-02 15:51:30,app-pod-1,16.27775869840181,30.1242039918617,55.71163173415867
2026-01-02 15:51:45,app-pod-1,12.87227731565064,24.33646305263322,56.42366712882587
2026-01-02 15:52:00,app-pod-1,13.207184915758077,21.297493222168765,46.4119966732364
2026-01-02 15:52:15,app-pod-1,14.555282104049041,33.31271414796186,62.25722000760029
2026-01-02 15:52:30,app-pod-1,11.028007719289095,29.951591150899702,29.93024916796892
2026-01-02 15:52:45,app-pod-1,10.885826900703734,30.40392397189715,37.923392932846106
2026-01-02 15:53:00,app-pod-1,14.416243819619005,26.450148506274488,48.25551672404899
2026-01-02 15:53:15,app-pod-1,12.89362198649205,29.880934701053256,61.50806083028106
2026-01-02 15:53:30,app-pod-1,11.748093826295584,21.346844943070668,49.44059206628392
2026-01-02 15:53:45,app-pod-1,12.710253707593424,23.964263536055995,64.04402609765593
2026-01-02 15:54:00,app-pod-1,17.730875236433143,32.58027366424487,58.537101641693134
2026-01-02 15:54:15,app-pod-1,11.60675249025998,29.43649189479288,43.30024516282894
2026-01-02 15:54:30,app-pod-1,11.508380173076814,19.91177664145696,55.40899391058739
2026-01-02 15:54:45,app-pod-1,7.790757959787969,20.165807000338386,44.043534093910196
2026-01-02 15:55:00,app-pod-1,12.774703772069733,27.115328460032632,29.412052754648645
2026-01-02 15:55:15,app-pod-1,14.861105418420237,35.19536745744563,64.21136178314588
2026-01-02 15:55:30,app-pod-1,15.387761888747184,26.70591955779193,49.35229467492258
2026-01-02 15:55:45,app-pod-1,13.192553375880179,29.937663777091515,66.40972792558141
2026-01-02 15:56:00,app-pod-1,15.724154705200409,32.23387149681069,90.80419360416421
2026-01-02 15:56:15,app-pod-1,15.039119005635285,29.278924175327333,20.977703838278558
2026-01-02 15:56:30,app-pod-1,16.173072715533948,32.661251091670934,54.853068573738994
2026-01-02 15:56:45,app-pod-1,15.77594464511211,24.318577228759743,67.06033976443618
2026-01-02 15:57:00,app-pod-1,17.5218063582927,28.98632845799514,70.0295616383761
2026-01-02 15:57:15,app-pod-1,12.291647813918217,35.775952757087225,63.26135502818791
2026-01-02 15:57:30,app-pod-1,8.808429195793892,33.68972494704377,36.41968306493596
2026-01-02 15:57:45,app-pod-1,14.769656042048132,34.55336295581821,51.1325091207151
2026-01-02 15:58:00,app-pod-1,15.109076359137823,36.07831440116472,45.13133672840773
2026-01-02 15:58:15,app-pod-1,17.466340456742543,23.096884039520965,52.03734923045799
2026-01-02 15:58:30,app-pod-1,16.589183348953288,26.86894891779945,55.21548639345059
2026-01-02 15:58:45,app-pod-1,18.570708183437333,31.44398788001557,65.80636294290551
2026-01-02 15:59:00,app-pod-1,14.582851836891692,42.28620591789438,64.08769311568349
2026-01-02 15:59:15,app-pod-1,13.398741309555538,27.813699044156657,51.244061374836086
2026-01-02 15:59:30,app-pod-1,8.54640037841475,29.707001763006193,24.42219145214498
2026-01-02 15:59:45,app-pod-1,13.614700138452527,31.422150238191,39.319056010666266
2026-01-02 16:00:00,app-pod-1,11.021981853697271,29.49600460124413,33.54850185084463
2026-01-02 16:00:15,app-pod-1,13.30312396388441,29.194533657033034,44.75200364766435
2026-01-02 16:00:30,app-pod-1,12.821256104634221,22.97471512211334,40.06313889497504
2026-01-02 16:00:45,app-pod-1,14.062060570159538,16.3376228316841,66.34493403724605
2026-01-02 16:01:00,app-pod-1,12.344031581601632,35.05003451729977,69.89679208403417
2026-01-02 16:01:15,app-pod-1,15.430268850621115,27.718699264147084,44.08013594980542
2026-01-02 16:01:30,app-pod-1,4.444950582471957,13.775899432875082,34.56861111131785
2026-01-02 16:01:45,app-pod-1,13.173620176556815,31.411339228604415,63.09303177816031
2026-01-02 16:02:00,app-pod-1,16.200355418659697,33.43419583840697,67.49945103639392
2026-01-02 16:02:15,app-pod-1,18.192298949617513,36.57407082213909,95.66915946034763
2026-01-02 16:02:30,app-pod-1,14.76732550814996,35.91570636469683,56.51527862237462
2026-01-02 16:02:45,app-pod-1,17.61539936793359,27.735847711155422,76.49005358220344
2026-01-02 16:03:00,app-pod-1,13.056887845820283,24.764912958732488,54.083408562638496
2026-01-02 16:03:15,app-pod-1,12.548017908547097,27.190096193995608,50.932347242597274
2026-01-02 16:03:30,app-pod-1,14.117048209206914,33.99013466672065,63.353172553811916
2026-01-02 16:03:45,app-pod-1,12.508610318791638,18.242832254092214,50.730768438078925
2026-01-02 16:04:00,app-pod-1,10.160533453159996,27.75340509766828,47.63389683942988
2026-01-02 16:04:15,app-pod-1,10.951318628967723,32.32653216268075,33.75797302447822
2026-01-02 16:04:30,app-pod-1,9.15003497426354,30.859306717075174,27.021442124913616
2026-01-02 16:04:45,app-pod-1,14.061100147742016,33.38557802760607,46.12901759447819
2026-01-02 16:05:00,app-pod-1,12.49964032335128,34.064750827573604,44.526598026007534
2026-01-02 16:05:15,app-pod-1,11.374123422827223,14.225972863400566,60.69576199782253
2026-01-02 16:05:30,app-pod-1,10.744468266863393,35.58847123466575,36.044800854096025
2026-01-02 16:05:45,app-pod-1,13.949247229719107,31.41649782867025,65.58390197716298
2026-01-02 16:06:00,app-pod-1,14.7650022885909,37.00875796040365,63.04170309884185
2026-01-02 16:06:15,app-pod-1,9.021716227180523,20.442028974459493,29.465540410719136
2026-01-02 16:06:30,app-pod-1,8.539825603973995,17.208743699838546,53.79704045921142
2026-01-02 16:06:45,app-pod-1,15.256051815787748,39.61112469607962,72.06587494043059
2026-01-02 16:07:00,app-pod-1,8.256785520426494,21.14714069120097,33.05387342133365
2026-01-02 16:07:15,app-pod-1,14.014329987970875,28.255786468414165,54.840241111666245
2026-01-02 16:07:30,app-pod-1,17.212302309294945,34.685884818818906,70.255107646991
2026-01-02 16:07:45,app-pod-1,17.20900533791002,35.910737037979594,45.89295669182434
2026-01-02 16:08:00,app-pod-1,14.554665914717738,35.58034761462385,45.84424595414616
2026-01-02 16:08:15,app-pod-1,14.457244916471709,31.237002278484205,64.76671222121759
2026-01-02 16:08:30,app-pod-1,19.076327973546533,28.081883466187385,52.561432292137994
2026-01-02 16:08:45,app-pod-1,5.307228923645527,27.248223409072974,10.01454751039258
2026-01-02 16:09:00,app-pod-1,10.907240222497252,31.247848437748747,37.740796268206445
2026-01-02 16:09:15,app-pod-1,14.835575197523815,21.309728182335576,102.89712041200175
2026-01-02 16:09:30,app-pod-1,11.2681120995402,34.981102677944904,55.178507136635474
2026-01-02 16:09:45,app-pod-1,15.989202606926185,18.75706376204689,80.41693781143957
2026-01-02 16:10:00,app-pod-1,12.141721155504994,33.671282991822736,36.489676307968836
2026-01-02 16:10:15,app-pod-1,12.644951682069836,25.680916337159765,56.01064564139376
2026-01-02 16:10:30,app-pod-1,11.415653994206044,31.518505202361922,19.25999834924799
2026-01-02 16:10:45,app-pod-1,10.662124129621057,30.01445791723075,37.68927622951695
2026-01-02 16:11:00,app-pod-1,10.578327280842318,27.21921635206095,49.893798042185225
2026-01-02 16:11:15,app-pod-1,13.023177382073209,31.371657364352842,30.829041359383616
2026-01-02 16:11:30,app-pod-1,9.876026084283206,26.48097498192813,45.40115843536345
2026-01-02 16:11:45,app-pod-1,15.049399303174482,34.10433364507275,67.33866872353427
2026-01-02 16:12:00,app-pod-1,14.13954729004111,40.824041913605676,47.5206406503769
2026-01-02 16:12:15,app-pod-1,15.468224907055573,24.121562481764524,49.35082795060502
2026-01-02 16:12:30,app-pod-1,8.773329800234713,10.200599220473404,24.364692379467307
2026-01-02 16:12:45,app-pod-1,7.051821739823996,22.857903883147223,23.0030526689387
2026-01-02 16:13:00,app-pod-1,12.127863864881975,26.069375205847237,43.759845171981986
2026-01-02 16:13:15,app-pod-1,20.827013975371223,32.69106890576998,90.95218715541188
2026-01-02 16:13:30,app-pod-1,15.919450734885071,26.51142074478149,55.66176498477074
2026-01-02 16:13:45,app-pod-1,10.447719015629758,31.675574156948787,65.82276822946369
2026-01-02 16:14:00,app-pod-1,13.374849171253523,22.45574714046903,77.42251079813732
2026-01-02 16:14:15,app-pod-1,14.274349614957124,32.24592025907828,60.640417761589504
2026-01-02 16:14:30,app-pod-1,7.976721604521547,28.776033212450297,26.737374842407732
2026-01-02 16:14:45,app-pod-1,16.181082688890744,32.909087417426576,56.725111275845904
2026-01-02 16:15:00,app-pod-1,11.560272788883408,30.527907331348004,50.99247036375237
2026-01-02 16:15:15,app-pod-1,11.780864067068956,32.99294112558559,54.49917863081161
2026-01-02 16:15:30,app-pod-1,12.114643366196418,28.748076767621985,45.44350795391174
2026-01-02 16:15:45,app-pod-1,15.46731395972051,29.094636703176093,55.97231317843088
2026-01-02 16:16:00,app-pod-1,9.758572599412442,29.26285301271303,44.32543991415177
2026-01-02 16:16:15,app-pod-1,6.893655981593784,27.827390375175604,28.610246370866207
2026-01-02 16:16:30,app-pod-1,12.973900197655707,33.53013524445276,43.313763582696694
2026-01-02 16:16:45,app-pod-1,5.864549795864428,15.543221057652707,25.15379202287362
2026-01-02 16:17:00,app-pod-1,11.08272442814162,26.840249496276346,35.25185893808136
2026-01-02 16:17:15,app-pod-1,15.537190677316207,25.549192037001227,50.873882820176135
2026-01-02 16:17:30,app-pod-1,13.704403558749892,32.39790662418505,54.742956058412275
2026-01-02 16:17:45,app-pod-1,15.08476554341576,34.192881737079844,51.719021856081156
2026-01-02 16:18:00,app-pod-1,13.809348408611271,28.294480480242477,44.2424142936947
2026-01-02 16:18:15,app-pod-1,19.169916226051292,29.772601448443737,92.36537522824015
2026-01-02 16:18:30,app-pod-1,10.164833814527523,30.100201344799743,34.77625619369211
2026-01-02 16:18:45,app-pod-1,13.11460916855611,28.514014833024483,80.10886165434823
2026-01-02 16:19:00,app-pod-1,10.596535677274694,34.5499082847088,51.7857271420337
2026-01-02 16:19:15,app-pod-1,14.772005378473562,39.205169035678935,46.77747066628234
2026-01-02 16:19:30,app-pod-1,11.707602953889408,33.19887731089703,64.22680597299687
2026-01-02 16:19:45,app-pod-1,17.03960978021587,33.09101387639163,57.409146621312544
2026-01-02 16:20:00,app-pod-1,10.281396393061069,36.324851906055976,70.7257982110541
2026-01-02 16:20:15,app-pod-1,16.08601452232564,32.46381161852695,67.73695413200345
2026-01-02 16:20:30,app-pod-1,13.634865802196927,27.14843660945982,62.67797425834274
2026-01-02 16:20:45,app-pod-1,11.748897859109688,24.847526319196426,47.45988353815739
2026-01-02 16:21:00,app-pod-1,13.464463537078156,25.90761666369912,57.84609291729704
2026-01-02 16:21:15,app-pod-1,12.611806755417073,28.796415992116657,47.010581874234035
2026-01-02 16:21:30,app-pod-1,12.88677632597488,31.336177508993757,37.659979908526054
2026-01-02 16:21:45,app-pod-1,11.189219392214822,20.756668877120784,49.8520038246703
2026-01-02 16:22:00,app-pod-1,9.696009059804165,24.542576704024594,54.15602672700522
2026-01-02 16:22:15,app-pod-1,10.78652484902355,28.614822464053468,25.286464286748036
2026-01-02 16:22:30,app-pod-1,6.733288567731816,27.931433343216682,50.04026162606512
2026-01-02 16:22:45,app-pod-1,14.299575468789751,29.88008906775372,66.2153597429591
2026-01-02 16:23:00,app-pod-1,8.059267211931788,26.864027717493954,25.683446150189738
2026-01-02 16:23:15,app-pod-1,11.10286831834356,21.579395787887762,37.589808731593955
2026-01-02 16:23:30,app-pod-1,13.691016673061512,25.02477798275543,82.72650325696813
2026-01-02 16:23:45,app-pod-1,14.256165484084732,29.675006652438945,71.1055324615937
2026-01-02 16:24:00,app-pod-1,6.405135036636274,27.036350101595364,42.721307935368316
2026-01-02 16:24:15,app-pod-1,11.444683876603918,29.167795174532046,42.01280970080591
2026-01-02 16:24:30,app-pod-1,13.090621207070829,24.919312912139326,60.6952230525051
2026-01-02 16:24:45,app-pod-1,11.85861620479061,27.118221375612457,52.67514400802307
2026-01-02 16:25:00,app-pod-1,15.725995290631694,38.56738841782622,60.28422746953562
2026-01-02 16:25:15,app-pod-1,9.219574041271045,29.17499299187254,38.51715284164878
2026-01-02 16:25:30,app-pod-1,5.529117467086694,23.057717010178656,38.76723749067164
2026-01-02 16:25:45,app-pod-1,14.098486828260265,24.73975697118395,80.3878204627723
2026-01-02 16:26:00,app-pod-1,10.047540153442053,23.46642252170905,36.41770989154541
2026-01-02 16:26:15,app-pod-1,6.374488278292192,24.4950936059749,5.8021092968964005
2026-01-02 16:26:30,app-pod-1,11.165906292851734,29.195869897996246,69.31751914243262
2026-01-02 16:26:45,app-pod-1,15.324472630908044,33.55494806714343,86.14025936732752
2026-01-02 16:27:00,app-pod-1,7.834417943583946,27.424020482452836,37.34348399756673
2026-01-02 16:27:15,app-pod-1,18.623562618380756,31.185312021523103,101.38371491064572
2026-01-02 16:27:30,app-pod-1,9.093350808288177,23.809821068838822,41.28763311050969
2026-01-02 16:27:45,app-pod-1,11.859470875685354,38.536574024428084,33.802000037087424
2026-01-02 16:28:00,app-pod-1,7.932505677408372,22.77041736454644,12.048073638374898
2026-01-02 16:28:15,app-pod-1,11.706220501071828,21.735835874260793,26.99955820396845
2026-01-02 16:28:30,app-pod-1,11.171654430260121,19.6265707109199,44.75497009522449
2026-01-02 16:28:45,app-pod-1,7.095946555719243,23.20121815335491,21.390101452711885
2026-01-02 16:29:00,app-pod-1,20.03346147344369,38.72334213474473,71.45101159694809
2026-01-02 16:29:15,app-pod-1,10.061543310167448,24.163341870411244,38.642573859508694
2026-01-02 16:29:30,app-pod-1,10.05576335271804,34.426607056618934,53.09262360881099
2026-01-02 16:29:45,app-pod-1,14.437876836889455,30.070106060129834,49.546383198443586
2026-01-02 16:30:00,app-pod-1,16.965173999819676,37.423412133607485,57.129794163420655
2026-01-02 16:30:15,app-pod-1,14.893382091433853,26.636761801365875,52.35836848969517
2026-01-02 16:30:30,app-pod-1,7.902215252610084,21.820467037228102,45.4227432021624
2026-01-02 16:30:45,app-pod-1,12.139188790960084,28.952660670321922,47.50648684182862
2026-01-02 16:31:00,app-pod-1,5.8450724724936896,26.50432406247006,27.5789057552145
2026-01-02 16:31:15,app-pod-1,14.186055347017406,29.035452530082416,80.03957451553563
2026-01-02 16:31:30,app-pod-1,6.567147906906253,26.059330788238302,68.91769030934339
2026-01-02 16:31:45,app-pod-1,9.0549026169532,29.280861599118403,45.82542170214957
2026-01-02 16:32:00,app-pod-1,11.446718396570331,20.910174478732397,53.90722349608663
2026-01-02 16:32:15,app-pod-1,12.783180978308552,27.243539438870286,33.36481827395963
2026-01-02 16:32:30,app-pod-1,10.657217885970363,24.86663987488047,48.156604712368164
2026-01-02 16:32:45,app-pod-1,15.98915533236061,28.841797944548084,64.88655070736188
2026-01-02 16:33:00,app-pod-1,13.593527689138359,31.549858024988595,67.757834558231
2026-01-02 16:33:15,app-pod-1,13.349909949180377,26.820989786514946,47.52193688167614
2026-01-02 16:33:30,app-pod-1,7.719481839093124,15.378249106306011,33.88868331409358
2026-01-02 16:33:45,app-pod-1,16.49775921895597,30.36583819409755,75.06952177229716
2026-01-02 16:34:00,app-pod-1,8.982453207523974,20.965687088975216,64.40795145244594
2026-01-02 16:34:15,app-pod-1,16.596291195655134,34.09906374287132,89.84174167179566
2026-01-02 16:34:30,app-pod-1,17.44228647560064,36.23808549218905,88.76023125209376
2026-01-02 16:34:45,app-pod-1,12.905730471315842,18.159867029804253,62.52971094033886
2026-01-02 16:35:00,app-pod-1,14.455881907382302,26.247956984965995,51.35362962858073
2026-01-02 16:35:15,app-pod-1,2.103187245433883,23.239096188899754,19.310829513476932
2026-01-02 16:35:30,app-pod-1,10.759065397930428,20.48697010254348,31.45224266115372
2026-01-02 16:35:45,app-pod-1,14.642717872863049,34.16320689690519,55.47758846557756
2026-01-02 16:36:00,app-pod-1,14.101922274998223,35.11792826680987,83.08322155154286
2026-01-02 16:36:15,app-pod-1,7.6614141902729,24.55291176372485,38.71538262870651
2026-01-02 16:36:30,app-pod-1,10.43163304634047,23.432585134846207,45.13172825763928
2026-01-02 16:36:45,app-pod-1,3.695939847830715,11.034319766104936,20.11942232888489
2026-01-02 16:37:00,app-pod-1,12.536274326798027,32.84551850256412,48.737679251141195
2026-01-02 16:37:15,app-pod-1,5.63959230001104,33.9603995033895,0.0
2026-01-02 16:37:30,app-pod-1,14.673314993216199,39.249576486927104,39.7274527439122
2026-01-02 16:37:45,app-pod-1,14.822382281075523,29.40080000930034,68.54810436925888
2026-01-02 16:38:00,app-pod-1,9.843455771812561,21.427039951679305,25.56564582987416
2026-01-02 16:38:15,app-pod-1,12.82275481364659,33.164049501193276,49.67723314529671
2026-01-02 16:38:30,app-pod-1,10.600023957576687,26.785672889543548,23.988449000998365
2026-01-02 16:38:45,app-pod-1,11.969460731549798,30.76928113030195,37.098128805462494
2026-01-02 16:39:00,app-pod-1,7.794395011820872,26.969835024759337,31.11365706460185
2026-01-02 16:39:15,app-pod-1,13.0961112136117,29.632295170427223,66.24235440317624
2026-01-02 16:39:30,app-pod-1,6.297560051828766,29.550861053692792,42.0551507519703
2026-01-02 16:39:45,app-pod-1,5.7238299993375925,29.335021344689405,11.875761490018924
2026-01-02 16:40:00,app-pod-1,10.840362634280854,24.974815420438787,47.96199911595979
2026-01-02 16:40:15,app-pod-1,10.564967206428554,22.77991468756786,20.87843814312756
2026-01-02 16:40:30,app-pod-1,12.008174069788165,15.91014265110077,48.87885526891103
2026-01-02 16:40:45,app-pod-1,9.235340621023234,24.733931634217292,51.241131295161786
2026-01-02 16:41:00,app-pod-1,16.833554692229363,26.316862492003885,66.32850787244413
2026-01-02 16:41:15,app-pod-1,11.650933664477908,30.25163816011998,66.33904327236895
2026-01-02 16:41:30,app-pod-1,11.860425440440835,26.622963134081434,59.995491299676004
2026-01-02 16:41:45,app-pod-1,11.746165561483709,27.08517264155212,50.60453047135461
2026-01-02 16:42:00,app-pod-1,14.15589978500067,33.968960328259875,52.87802743026808
2026-01-02 16:42:15,app-pod-1,12.86795110370606,30.993839172762964,43.45685756694078
2026-01-02 16:42:30,app-pod-1,12.458703683328334,28.137642278646545,27.965311731974445
2026-01-02 16:42:45,app-pod-1,13.333375873231217,37.765491490938146,33.90614384583774
2026-01-02 16:43:00,app-pod-1,5.644375681002743,27.64180755836709,37.50152255815998
2026-01-02 16:43:15,app-pod-1,5.750495141547865,21.946042330362793,45.70734265995992
2026-01-02 16:43:30,app-pod-1,10.875702834758116,25.75672565457003,27.287261513412197
2026-01-02 16:43:45,app-pod-1,10.503720884688935,31.294503086802433,43.03768741014596
2026-01-02 16:44:00,app-pod-1,12.829058020158298,29.994569106008242,27.69913082306503
2026-01-02 16:44:15,app-pod-1,11.142587651515093,22.194012804390677,29.91859711042185
2026-01-02 16:44:30,app-pod-1,12.821062715388344,33.44830809966219,55.18169089966399
2026-01-02 16:44:45,app-pod-1,7.331635588924714,31.41830591323169,21.54608682634242
2026-01-02 16:45:00,app-pod-1,11.029163698871805,33.62735892923949,15.373751914817245
2026-01-02 16:45:15,app-pod-1,7.0312257439782435,32.63560302835709,53.90787448700762
2026-01-02 16:45:30,app-pod-1,12.207990852315005,38.89158424440546,48.094763837632165
2026-01-02 16:45:45,app-pod-1,5.40560556535983,32.43371907236639,5.056339039591709
2026-01-02 16:46:00,app-pod-1,12.078457191498664,30.15822894284767,50.23434188056435
2026-01-02 16:46:15,app-pod-1,6.619617525038733,23.59159289107224,25.265462213587796
2026-01-02 16:46:30,app-pod-1,9.869143636570344,17.76039206058855,45.80395827616183
2026-01-02 16:46:45,app-pod-1,13.69764402393759,29.642690043956534,49.692754106161004
2026-01-02 16:47:00,app-pod-1,11.688157441757719,30.77739050379016,51.4665070434297
2026-01-02 16:47:15,app-pod-1,6.0622159323237925,24.461315679763427,38.403403330696854
2026-01-02 16:47:30,app-pod-1,8.97521680622671,16.841546770996615,16.12810513072993
2026-01-02 16:47:45,app-pod-1,6.4814871180576485,23.103934238904984,15.527137667456467
2026-01-02 16:48:00,app-pod-1,5.89459417528135,27.352876166980355,36.16730612927906
2026-01-02 16:48:15,app-pod-1,11.325128815572837,22.798014996081427,37.02973833830818
2026-01-02 16:48:30,app-pod-1,12.646326572398875,29.680884826865217,49.36021886647678
2026-01-02 16:48:45,app-pod-1,12.280564207868585,30.754529949904263,42.06636934074908
2026-01-02 16:49:00,app-pod-1,12.759964451773694,34.5218133213703,44.91948242947057
2026-01-02 16:49:15,app-pod-1,10.909711681227575,36.19982514082942,36.24482126122459
2026-01-02 16:49:30,app-pod-1,10.118656477624164,25.193929221283582,21.594305365241777
2026-01-02 16:49:45,app-pod-1,7.713024733788331,26.31790422260534,37.74005323259014
2026-01-02 16:50:00,app-pod-1,9.60542196978397,27.799141241636384,54.3562357343032
2026-01-02 16:50:15,app-pod-1,6.955066795895884,28.115421054068953,25.172907482120966
2026-01-02 16:50:30,app-pod-1,8.377089041904082,28.550977757539584,47.750300117018476
2026-01-02 16:50:45,app-pod-1,11.17286261834668,34.94603163434153,37.32520884518918
2026-01-02 16:51:00,app-pod-1,10.546182848233503,15.725844342659261,33.93299389244161
2026-01-02 16:51:15,app-pod-1,20.087327056152006,36.15123433042137,86.50976176885663
2026-01-02 16:51:30,app-pod-1,6.84932071703642,27.231579547046664,33.80790259151148
2026-01-02 16:51:45,app-pod-1,10.504998657269777,26.177352897439015,40.328613689366186
2026-01-02 16:52:00,app-pod-1,6.6027085471281275,13.301847270511765,36.5596558444399
2026-01-02 16:52:15,app-pod-1,9.704180072167542,26.48794549664911,19.512067222944363
2026-01-02 16:52:30,app-pod-1,9.819913739010278,23.32113580385732,34.72007406339138
2026-01-02 16:52:45,app-pod-1,13.389511722823283,37.762435255594916,68.03031428272554
2026-01-02 16:53:00,app-pod-1,9.499573166249952,28.526158065514334,52.43018642679234
2026-01-02 16:53:15,app-pod-1,10.268337912021984,23.21041240094409,53.61373698917872
2026-01-02 16:53:30,app-pod-1,9.54508954903541,16.418337660349053,53.491445568247656
2026-01-02 16:53:45,app-pod-1,6.626657731957765,27.59174882346231,20.91852263929047
2026-01-02 16:54:00,app-pod-1,8.86729818725682,29.687854699798006,9.891221500012424
2026-01-02 16:54:15,app-pod-1,9.67161031410743,25.691242964107495,34.80464538303072
2026-01-02 16:54:30,app-pod-1,11.032736091876185,30.74129267509137,53.67088033191197
2026-01-02 16:54:45,app-pod-1,12.481961118537328,26.996020140659553,61.91939556163648
2026-01-02 16:55:00,app-pod-1,10.095213383148346,32.402725744044645,32.48678115603201
2026-01-02 16:55:15,app-pod-1,10.036380623246624,31.988890615125285,25.625285941605398
2026-01-02 16:55:30,app-pod-1,5.62439929738014,15.742452651151485,9.469956766765836
2026-01-02 16:55:45,app-pod-1,12.399994544225898,21.70403696125257,41.444947194329494
2026-01-02 16:56:00,app-pod-1,8.687072419783505,36.23735930906609,6.291196850877057
2026-01-02 16:56:15,app-pod-1,13.01013376103009,33.76807538285651,44.13334793599745
2026-01-02 16:56:30,app-pod-1,14.712104738482736,23.98656829179511,59.56656976277526
2026-01-02 16:56:45,app-pod-1,10.19308355400742,19.28325829569066,39.30406939851633
2026-01-02 16:57:00,app-pod-1,7.680961428629376,26.415533328091172,25.7697867938659
2026-01-02 16:57:15,app-pod-1,10.694888973243291,21.774845321903925,32.44065561454514
2026-01-02 16:57:30,app-pod-1,11.78520325990066,26.666105342306217,38.548705537812815
2026-01-02 16:57:45,app-pod-1,9.786672634220238,26.61427489595038,30.819820500452913
2026-01-02 16:58:00,app-pod-1,9.035275707689575,25.872501051059125,46.72330530356845
2026-01-02 16:58:15,app-pod-1,12.412168798489517,34.32120956785512,49.6347411643156
2026-01-02 16:58:30,app-pod-1,12.208511160676004,37.71973900810072,96.33665479285258
2026-01-02 16:58:45,app-pod-1,9.67113453233103,24.375204908470927,33.69948533812165
2026-01-02 16:59:00,app-pod-1,5.742055027641675,18.366142700332972,29.536317344400032
2026-01-02 16:59:15,app-pod-1,12.067661109907414,30.39159355185307,43.62013767811263
2026-01-02 16:59:30,app-pod-1,8.390840970838893,34.03098925180082,28.548337835234385
2026-01-02 16:59:45,app-pod-1,11.330164748503837,25.915039542254465,68.75623251203504
2026-01-02 17:00:00,app-pod-1,11.134955169255745,32.04626307855008,59.50304630374781
2026-01-02 17:00:15,app-pod-1,5.009006132244781,19.32062632990075,0.0
2026-01-02 17:00:30,app-pod-1,10.91348139979528,27.74579382035731,28.316035772568515
2026-01-02 17:00:45,app-pod-1,12.208244856583212,22.736059988107463,46.789355324485385
2026-01-02 17:01:00,app-pod-1,12.570538467652595,28.85353722975305,42.52546251782561
2026-01-02 17:01:15,app-pod-1,11.00563543025649,27.121669907601543,21.397634989092094
2026-01-02 17:01:30,app-pod-1,4.716460020946038,26.342136510472614,20.60291484846882
2026-01-02 17:01:45,app-pod-1,14.473764342331172,39.021943083079435,29.723180302429604
2026-01-02 17:02:00,app-pod-1,11.870115195065589,26.364603531999194,49.38175220102237
2026-01-02 17:02:15,app-pod-1,7.021638281196669,14.916501060109205,39.036203075073715
2026-01-02 17:02:30,app-pod-1,8.26287927239332,24.77349604477744,46.14255537898886
2026-01-02 17:02:45,app-pod-1,11.314436197460218,29.416693455664298,43.093033748008054
2026-01-02 17:03:00,app-pod-1,12.654734385759681,29.867814511315466,73.2811738329951
2026-01-02 17:03:15,app-pod-1,9.146134539093628,25.61518012593926,41.558928853030274
2026-01-02 17:03:30,app-pod-1,13.08126370490572,36.59545929741576,65.0124342445244
2026-01-02 17:03:45,app-pod-1,5.221074448808595,24.33582481350509,9.840341843272157
2026-01-02 17:04:00,app-pod-1,7.466708441198706,24.702714583241757,52.691355717339064
2026-01-02 17:04:15,app-pod-1,4.395727074649095,19.18847831809951,17.53854312092693
2026-01-02 17:04:30,app-pod-1,7.891360402852362,16.790398845290675,55.21700776397535
2026-01-02 17:04:45,app-pod-1,15.102587216209688,32.217970732936465,80.78264817412924
2026-01-02 17:05:00,app-pod-1,16.746565307490982,32.94968521458047,70.85083135753771
2026-01-02 17:05:15,app-pod-1,11.271756065808912,22.593576571425373,51.17232822975503
2026-01-02 17:05:30,app-pod-1,8.647546219076716,25.831420555594615,31.89114093236919
2026-01-02 17:05:45,app-pod-1,9.892786446605342,26.20569334498817,27.283402769840265
2026-01-02 17:06:00,app-pod-1,11.972621264545534,25.258332263135994,56.81845787901451
2026-01-02 17:06:15,app-pod-1,5.85857762070399,20.134450768746625,31.594942286231458
2026-01-02 17:06:30,app-pod-1,8.8249643779853,28.202883420113988,11.019769161895802
2026-01-02 17:06:45,app-pod-1,14.842106012339151,29.260415700885652,58.126737570963044
2026-01-02 17:07:00,app-pod-1,7.395284622805939,22.221731278825363,42.60135391235291
2026-01-02 17:07:15,app-pod-1,8.280351339515974,21.487885808976667,55.10746177357567
2026-01-02 17:07:30,app-pod-1,10.562041382397645,26.743503638865672,53.12791312235746
2026-01-02 17:07:45,app-pod-1,11.366944746671996,32.579279167019244,22.708778031142472
2026-01-02 17:08:00,app-pod-1,8.63758656569688,27.079510967055235,18.733679102528626
2026-01-02 17:08:15,app-pod-1,10.738595778474968,26.331406935059295,37.7644266903988
2026-01-02 17:08:30,app-pod-1,12.3266483484735,30.171105966773553,70.28877240914643
2026-01-02 17:08:45,app-pod-1,16.382335536992773,38.289559949232945,56.42319744514758
2026-01-02 17:09:00,app-pod-1,10.114420451525403,29.532164491968445,56.33668058699848
2026-01-02 17:09:15,app-pod-1,10.364458379360327,28.556125773416518,32.11084455335611
2026-01-02 17:09:30,app-pod-1,15.065927316012608,33.73879664250825,68.25297662857801
2026-01-02 17:09:45,app-pod-1,8.831315878699504,25.39185243247797,21.224836237503048
2026-01-02 17:10:00,app-pod-1,6.501020759314789,25.471053635367966,23.096882156796823
2026-01-02 17:10:15,app-pod-1,11.220116422706177,25.409304376497595,27.906292870942224
2026-01-02 17:10:30,app-pod-1,13.693207448846293,21.83247860751475,76.419322659607
2026-01-02 17:10:45,app-pod-1,11.543159902337456,29.79439119357294,35.7498547055177
2026-01-02 17:11:00,app-pod-1,10.164330898104687,28.848432050850963,17.450126596007916
2026-01-02 17:11:15,app-pod-1,6.105580381724047,22.835341475855557,0.027566959399020874
2026-01-02 17:11:30,app-pod-1,10.271058657573962,32.368846403310606,39.80274250530849
2026-01-02 17:11:45,app-pod-1,14.141060331913568,26.290725628031332,49.693219105988994
2026-01-02 17:12:00,app-pod-1,6.734696740706221,15.85736565917092,36.669642570303736
2026-01-02 17:12:15,app-pod-1,67.50123183991653,63.76528305866558,266.47818096497804
2026-01-02 17:12:30,app-pod-1,67.06851815896421,59.243266198515016,285.7635658003853
2026-01-02 17:12:45,app-pod-1,66.13338092656339,67.98354842604775,258.7522808840646
2026-01-02 17:13:00,app-pod-1,68.9658092293234,64.51567711199827,291.2604662828656
2026-01-02 17:13:15,app-pod-1,69.547524816377,73.60671333394279,263.9017441313119
2026-01-02 17:13:30,app-pod-1,69.51168198865733,73.47717140485743,255.4967292617642
2026-01-02 17:13:45,app-pod-1,65.27838747517009,61.070000766428414,248.76347400189823
2026-01-02 17:14:00,app-pod-1,63.266504490040425,60.24601882675172,236.13487649607626
2026-01-02 17:14:15,app-pod-1,68.98728301013664,70.9632963705139,257.3396657155848
2026-01-02 17:14:30,app-pod-1,66.67804602923816,71.57383112770667,272.9169667971009
2026-01-02 17:14:45,app-pod-1,73.70644907666076,61.53141129554689,290.86104727561815
2026-01-02 17:15:00,app-pod-1,73.84077314543828,73.09689555195459,297.48972397091956
2026-01-02 17:15:15,app-pod-1,74.15506890133179,60.92059526671592,304.5335166160777
2026-01-02 17:15:30,app-pod-1,65.35844562179757,63.008331385764485,236.14833174925616
2026-01-02 17:15:45,app-pod-1,69.88268774291667,74.38616545952283,288.0797079830981
2026-01-02 17:16:00,app-pod-1,70.78326354825921,84.59713515087824,265.05498164480053
2026-01-02 17:16:15,app-pod-1,70.44131757194536,68.11480312961692,273.11297016092067
2026-01-02 17:16:30,app-pod-1,67.09893327947042,60.733673903779064,240.0138492853177
2026-01-02 17:16:45,app-pod-1,71.99551743253191,67.82940133069701,297.80077123099846
2026-01-02 17:17:00,app-pod-1,68.15536667004743,68.03910510923473,247.28552217090646
2026-01-02 17:17:15,app-pod-1,68.53420245365014,64.62273551986071,256.13517732532097
2026-01-02 17:17:30,app-pod-1,63.532349476820606,59.8485262538754,237.2156798673251
2026-01-02 17:17:45,app-pod-1,70.07613388439187,66.91904368671258,278.3731354891195
2026-01-02 17:18:00,app-pod-1,67.35661637346173,69.12751779254943,267.0374269479867
2026-01-02 17:18:15,app-pod-1,69.52822403871656,67.82271213181986,290.2913669270676
2026-01-02 17:18:30,app-pod-1,68.83528789451167,63.776687525693,273.7726092208876
2026-01-02 17:18:45,app-pod-1,68.66883927690783,64.7178749954065,289.1619131271766
2026-01-02 17:19:00,app-pod-1,67.98499499513218,65.52020374824036,277.6298459785823
2026-01-02 17:19:15,app-pod-1,70.4780645005597,64.3375131624707,267.73006839893054
2026-01-02 17:19:30,app-pod-1,67.51774069300504,63.7266935031647,260.06304569655475
2026-01-02 17:19:45,app-pod-1,63.745002479996565,67.8396817390163,277.6387606955722
2026-01-02 17:20:00,app-pod-1,69.8136614243357,67.71795819090754,297.66610597861813
2026-01-02 17:20:15,app-pod-1,65.67600133402229,57.205766138395504,275.065184654314
2026-01-02 17:20:30,app-pod-1,64.12647912543294,70.01327888312792,270.8382546179473
2026-01-02 17:20:45,app-pod-1,65.02880484141863,67.6037624879184,267.0921020213947
2026-01-02 17:21:00,app-pod-1,68.94182562236726,61.34361311692109,280.7939026055303
2026-01-02 17:21:15,app-pod-1,67.79858916995533,65.63211738839925,271.9400796908363
2026-01-02 17:21:30,app-pod-1,61.68643704404032,59.22001178553928,272.2284866729441
2026-01-02 17:21:45,app-pod-1,66.92988232094989,70.23544617006308,260.74965253784325
2026-01-02 17:22:00,app-pod-1,71.58493130963772,68.25119078650812,289.94422561895993
2026-01-02 17:22:15,app-pod-1,66.71976157837395,66.33996643543196,241.2549899031162
2026-01-02 17:22:30,app-pod-1,67.5736533634777,66.3555852552231,248.83385635691354
2026-01-02 17:22:45,app-pod-1,71.1955152486968,62.43618802546079,312.0094945243007
2026-01-02 17:23:00,app-pod-1,70.44949010886702,76.3416239159927,291.04966439723944
2026-01-02 17:23:15,app-pod-1,71.1247804835167,73.09899662437928,281.308644276692
2026-01-02 17:23:30,app-pod-1,59.73839476963753,58.07995833349693,240.12844788583064
2026-01-02 17:23:45,app-pod-1,73.2531765914219,72.23653321897204,272.6408744153294
2026-01-02 17:24:00,app-pod-1,12.15543449438103,33.37939372030366,42.19993802771091
2026-01-02 17:24:15,app-pod-1,17.627261312867258,32.617787982795036,48.636993567877965
2026-01-02 17:24:30,app-pod-1,7.892476370454359,33.308504392658506,27.140323795185676
2026-01-02 17:24:45,app-pod-1,4.94574855111678,38.05127819537077,29.987802019974765
2026-01-02 17:25:00,app-pod-1,10.254425160820317,26.547488933017306,47.81721613959986
2026-01-02 17:25:15,app-pod-1,9.40334574521265,23.669693306444533,61.450174284006806
2026-01-02 17:25:30,app-pod-1,12.187171154361119,23.58397354794916,53.169685406818836
2026-01-02 17:25:45,app-pod-1,13.447704235408525,18.34551984930953,16.613580517551767
2026-01-02 17:26:00,app-pod-1,9.957800298123171,33.21118546593444,69.0912064650929
2026-01-02 17:26:15,app-pod-1,9.494345663266204,24.878572913969933,25.36698220432349
2026-01-02 17:26:30,app-pod-1,11.781439867849096,32.6237866448447,49.557308520538406
2026-01-02 17:26:45,app-pod-1,9.441128565268272,31.99105085013189,39.29193745984992
2026-01-02 17:27:00,app-pod-1,9.187025960916232,21.026067022986254,40.36158458602851
2026-01-02 17:27:15,app-pod-1,13.315258332848138,24.666609859267748,53.98191543558937
2026-01-02 17:27:30,app-pod-1,13.980091896414562,38.509498774742354,56.90551238221706
2026-01-02 17:27:45,app-pod-1,13.449585425523573,29.064384048898493,33.97378398175363
2026-01-02 17:28:00,app-pod-1,9.689949486992017,23.481526955300893,77.56453922578345
2026-01-02 17:28:15,app-pod-1,3.7722471597741354,17.414706537320814,24.860533234622267
2026-01-02 17:28:30,app-pod-1,9.743994931949908,26.113517550359376,39.75419066722511
2026-01-02 17:28:45,app-pod-1,7.9116957949926,33.0776591613862,59.27478682697742
2026-01-02 17:29:00,app-pod-1,9.79350699523059,30.282644805477045,23.095158937584536
2026-01-02 17:29:15,app-pod-1,8.166479174206188,26.625347153498303,45.69176124648761
2026-01-02 17:29:30,app-pod-1,10.114625670403605,35.02284268723777,32.131013691181735
2026-01-02 17:29:45,app-pod-1,7.056135321350461,31.918170549797857,34.25953407025432
2026-01-02 17:30:00,app-pod-1,6.32895046236866,26.100876377270684,31.682590846265484
2026-01-02 17:30:15,app-pod-1,13.836341378351484,43.56603725252671,20.29813888204842
2026-01-02 17:30:30,app-pod-1,7.256481846661638,23.8424215146956,7.5509630352269
2026-01-02 17:30:45,app-pod-1,10.163660920016541,32.60470512980754,64.45123178126074
2026-01-02 17:31:00,app-pod-1,13.023445546214207,27.151428857139308,48.31130257939256
2026-01-02 17:31:15,app-pod-1,12.900071955218127,33.544292550749795,81.62399051191363
2026-01-02 17:31:30,app-pod-1,12.538986372626715,27.53535454301482,69.80782713054317
2026-01-02 17:31:45,app-pod-1,11.060347097198028,30.04908454762373,40.937266506993886
2026-01-02 17:32:00,app-pod-1,12.321086892784106,40.575440374361634,44.656632572256186
2026-01-02 17:32:15,app-pod-1,14.265694399317294,34.745245086428476,81.78902383803691
2026-01-02 17:32:30,app-pod-1,11.41887444180502,30.37741767271277,77.2207967808377
2026-01-02 17:32:45,app-pod-1,4.629599904812752,19.36720597247697,14.21937629864123
2026-01-02 17:33:00,app-pod-1,8.553031242451185,26.92826539223196,57.28459933716793
2026-01-02 17:33:15,app-pod-1,12.225188624988993,23.517619529619708,64.35103296274372
2026-01-02 17:33:30,app-pod-1,8.252261793928039,30.211464996934787,51.047256648009636
2026-01-02 17:33:45,app-pod-1,14.991362837987044,34.80334218504013,61.48264026613669
2026-01-02 17:34:00,app-pod-1,9.939023401968958,26.05913915181032,29.669824634311354
2026-01-02 17:34:15,app-pod-1,10.381851312658778,35.58495585327969,25.711786405865467
2026-01-02 17:34:30,app-pod-1,13.497903355577645,37.06301269575431,34.4276175820132
2026-01-02 17:34:45,app-pod-1,9.57271047831281,27.44913032704873,66.95417512152288
2026-01-02 17:35:00,app-pod-1,10.647704342738166,30.280948648189078,42.75498897745699
2026-01-02 17:35:15,app-pod-1,12.813880409648775,26.027430197048634,34.08388748868343
2026-01-02 17:35:30,app-pod-1,5.697358491845211,22.627248307808706,37.825845358235775
2026-01-02 17:35:45,app-pod-1,9.255959896259386,21.089133357563707,29.840756558061006
2026-01-02 17:36:00,app-pod-1,12.597021978771897,26.426230436535338,40.62345532960862
2026-01-02 17:36:15,app-pod-1,10.30409391473916,26.690921419038368,72.23652620778958
2026-01-02 17:36:30,app-pod-1,14.507049953584469,21.853098734233896,38.0676567480365
2026-01-02 17:36:45,app-pod-1,5.375057163667027,26.64660988954753,25.025939399213108
2026-01-02 17:37:00,app-pod-1,5.030624331143365,28.632078384431725,11.258696191719345
2026-01-02 17:37:15,app-pod-1,12.407515260097085,28.645672007521338,38.37249661547203
2026-01-02 17:37:30,app-pod-1,12.693727111354384,15.399398685755541,28.81708607362851
2026-01-02 17:37:45,app-pod-1,9.514428886026256,25.395136398142892,38.9514685354755
2026-01-02 17:38:00,app-pod-1,11.293259232793595,20.938350401118115,32.06452197138189
2026-01-02 17:38:15,app-pod-1,12.325617780356529,25.579837283565812,58.173139758276264
2026-01-02 17:38:30,app-pod-1,7.64635173585822,32.61212771824338,29.880303403329755
2026-01-02 17:38:45,app-pod-1,7.965364427807822,13.403389685117801,27.17207758708213
2026-01-02 17:39:00,app-pod-1,10.653079986102675,23.375343365835082,29.584152584104793
2026-01-02 17:39:15,app-pod-1,12.794183922137215,33.10377680477051,72.63732511621019
2026-01-02 17:39:30,app-pod-1,6.582085558090915,21.097829292920338,37.3635482879824
2026-01-02 17:39:45,app-pod-1,9.4841764391612,22.746772621553212,27.71656744915609
2026-01-02 17:40:00,app-pod-1,9.343396143051773,36.70240814317388,16.98550889662685
2026-01-02 17:40:15,app-pod-1,11.328093764166312,29.821602601969037,16.99253727526295
2026-01-02 17:40:30,app-pod-1,10.04625545980699,31.703890877024772,57.245322746373255
2026-01-02 17:40:45,app-pod-1,8.432857651363157,28.376348945325304,47.36902463091676
2026-01-02 17:41:00,app-pod-1,13.814387292316992,30.478558062615782,70.95610361228913
2026-01-02 17:41:15,app-pod-1,8.449122768953934,32.23451048812837,31.99216734972668
2026-01-02 17:41:30,app-pod-1,9.188835107157821,35.958917597346904,48.845520819371174
2026-01-02 17:41:45,app-pod-1,5.2888839916106125,15.284634171074204,36.563446914904944
2026-01-02 17:42:00,app-pod-1,7.920775694799756,25.367956205424594,30.63617194010171
2026-01-02 17:42:15,app-pod-1,11.608181705194097,27.909733451643728,41.060505086872205
2026-01-02 17:42:30,app-pod-1,11.020083222975249,25.567672079521437,29.43607770132858
2026-01-02 17:42:45,app-pod-1,11.855175930730333,33.20392629887842,53.81293696086403
2026-01-02 17:43:00,app-pod-1,11.707943155847298,29.479998621688395,55.21998012908648
2026-01-02 17:43:15,app-pod-1,16.316533477165812,41.04893775622996,59.16811276127954
2026-01-02 17:43:30,app-pod-1,7.80823369091223,30.967095630119072,26.901810245211358
2026-01-02 17:43:45,app-pod-1,5.1919814845052406,30.457899228097784,17.50850095522432
2026-01-02 17:44:00,app-pod-1,6.897060006588943,18.83212090468109,39.45685601433523
2026-01-02 17:44:15,app-pod-1,7.936253507564912,21.524947835210174,11.130128866956785
2026-01-02 17:44:30,app-pod-1,7.12274196752413,21.367462102918026,11.912165635413853
2026-01-02 17:44:45,app-pod-1,10.32524282645209,33.84326398976871,25.01479208888142
2026-01-02 17:45:00,app-pod-1,13.800786251898995,24.824668945670254,52.9751662876268
2026-01-02 17:45:15,app-pod-1,14.660383753127793,25.572596881135645,63.37069302999475
2026-01-02 17:45:30,app-pod-1,11.552940787711423,22.48028146439522,30.178626986338767
2026-01-02 17:45:45,app-pod-1,16.462464427106124,45.28886119336805,79.48494581451287
2026-01-02 17:46:00,app-pod-1,8.968184861863405,25.566569854973764,57.81248122999462
2026-01-02 17:46:15,app-pod-1,5.138426910219024,26.246338919948638,26.760671936335317
2026-01-02 17:46:30,app-pod-1,13.19422199997019,23.532868810003123,69.61873957916615
2026-01-02 17:46:45,app-pod-1,4.517632138096021,27.95863449626711,4.342947738601115
2026-01-02 17:47:00,app-pod-1,7.76715752075361,16.568677138315092,17.698234377671156
2026-01-02 17:47:15,app-pod-1,11.591278321589389,23.218881099110355,54.08447295032364
2026-01-02 17:47:30,app-pod-1,9.722595981058397,23.14894768938088,38.31434318967984
2026-01-02 17:47:45,app-pod-1,9.455704692319044,27.7133509771647,24.424516417424105
2026-01-02 17:48:00,app-pod-1,6.485039206448506,20.57411587407799,47.315870775930705
2026-01-02 17:48:15,app-pod-1,9.993872226202381,34.615701063820005,44.45734243835617
2026-01-02 17:48:30,app-pod-1,13.036160717273042,31.64142852422325,62.67726745939335
2026-01-02 17:48:45,app-pod-1,10.083994625504607,23.610779107431807,30.222206550136615
2026-01-02 17:49:00,app-pod-1,7.532354631377805,30.260733627306966,55.328045369141684
2026-01-02 17:49:15,app-pod-1,6.2793820537406235,22.429144581253148,22.778592983339824
2026-01-02 17:49:30,app-pod-1,7.592202623956065,22.362358650568684,45.65466201567642
2026-01-02 17:49:45,app-pod-1,11.197000340617686,32.316978475908854,36.04558425552434
2026-01-02 17:50:00,app-pod-1,11.049842355441976,15.470766769368396,46.72908726318526
2026-01-02 17:50:15,app-pod-1,7.616574527146988,29.00568750264644,38.83383856186376
2026-01-02 17:50:30,app-pod-1,3.3849016002600916,18.80395714911377,43.470713104548565
2026-01-02 17:50:45,app-pod-1,11.276325972286068,24.320391662338388,38.50939739123575
2026-01-02 17:51:00,app-pod-1,7.3222970782597905,34.916292629395464,32.327627978014746
2026-01-02 17:51:15,app-pod-1,12.081762086033345,25.801169601374294,57.204877253397235
2026-01-02 17:51:30,app-pod-1,7.7454248772972125,30.201370577920006,9.759098781066754
2026-01-02 17:51:45,app-pod-1,7.049255379231757,26.330702411287348,0.0
2026-01-02 17:52:00,app-pod-1,10.47169918139684,29.245144553725652,26.94923684401886
2026-01-02 17:52:15,app-pod-1,17.084531652810416,30.70646086783188,82.84582498233335
2026-01-02 17:52:30,app-pod-1,12.257798223822409,27.066881244961195,74.77729651109121
2026-01-02 17:52:45,app-pod-1,10.418664221323308,34.93300690573578,27.829874607485884
2026-01-02 17:53:00,app-pod-1,11.085882792408649,32.41241830362722,26.092663605421542
2026-01-02 17:53:15,app-pod-1,4.7553262455027845,20.830323578846706,42.04249461110766
2026-01-02 17:53:30,app-pod-1,6.641022152308208,19.419334803168603,18.08268782651785
2026-01-02 17:53:45,app-pod-1,2.4746498926935523,18.80988625798216,4.321738410838771
2026-01-02 17:54:00,app-pod-1,15.196475184218723,35.545008979207026,82.67291062761672
2026-01-02 17:54:15,app-pod-1,14.588452390688488,36.10537554681398,77.77432111020752
2026-01-02 17:54:30,app-pod-1,11.184214475342255,30.603668142819238,58.747840601780055
2026-01-02 17:54:45,app-pod-1,10.410592590807404,19.203560157523096,15.970303542684082
2026-01-02 17:55:00,app-pod-1,5.349989450909081,27.513888018279925,2.5231292477522054
2026-01-02 17:55:15,app-pod-1,9.346395547066997,33.06036790096141,54.19320350855631
2026-01-02 17:55:30,app-pod-1,15.381030825570381,31.63450430628945,66.29247614416725
2026-01-02 17:55:45,app-pod-1,10.397686741131704,37.17739599680053,29.924726112513632
2026-01-02 17:56:00,app-pod-1,8.309106698236487,19.211521409221085,28.06804343051094
2026-01-02 17:56:15,app-pod-1,4.7284652617979255,26.733963285493424,35.578642528673754
2026-01-02 17:56:30,app-pod-1,14.14324936498565,24.799167763174953,79.48715066678734
2026-01-02 17:56:45,app-pod-1,9.791759514153204,32.14694120222599,39.077438746202986
2026-01-02 17:57:00,app-pod-1,4.7315118884313705,26.3763626006071,8.622277459174668
2026-01-02 17:57:15,app-pod-1,7.2286427297836315,34.06682899466219,24.78217509943044
2026-01-02 17:57:30,app-pod-1,6.1685758479226145,26.81654604708695,44.820286976465084
2026-01-02 17:57:45,app-pod-1,9.605733243677523,24.70398318027221,58.275933560751064
2026-01-02 17:58:00,app-pod-1,10.62277844755503,24.980593851183386,45.404934746224846
2026-01-02 17:58:15,app-pod-1,8.49093186111153,24.69276609771427,26.021384186470257
2026-01-02 17:58:30,app-pod-1,12.33156815617806,26.07847750319538,65.56774528696914
2026-01-02 17:58:45,app-pod-1,10.236704198628892,33.90123779327665,65.29098494963236
2026-01-02 17:59:00,app-pod-1,13.187127541401699,35.609180662789804,30.945905388389104
2026-01-02 17:59:15,app-pod-1,8.928524857723914,18.767130175694987,32.22762422333612
2026-01-02 17:59:30,app-pod-1,19.136024372486396,33.587017776153715,93.88348255923371
2026-01-02 17:59:45,app-pod-1,8.306545728694909,26.127039594087165,34.33126764588624
2026-01-02 18:00:00,app-pod-1,7.290010024732384,21.19653060830943,21.83124452031413
2026-01-02 18:00:15,app-pod-1,6.921110248829509,27.036027134549876,30.462262635497524
2026-01-02 18:00:30,app-pod-1,9.367225416790046,33.86131198089305,43.02946619670075
2026-01-02 18:00:45,app-pod-1,4.841498819368721,27.848094093324434,2.4634350425763216
2026-01-02 18:01:00,app-pod-1,10.883878917068742,34.35405718665814,44.897442201170065
2026-01-02 18:01:15,app-pod-1,4.2843861685171465,19.406731080283706,22.647547419497826
2026-01-02 18:01:30,app-pod-1,10.485441138889108,27.52234766105572,34.57908567225433
2026-01-02 18:01:45,app-pod-1,5.946827821658044,20.3345410788299,12.094988447417348
2026-01-02 18:02:00,app-pod-1,8.856881316576295,27.39696727450624,27.35921141743959
2026-01-02 18:02:15,app-pod-1,11.814585018210517,29.9174640582836,32.694650866778446
2026-01-02 18:02:30,app-pod-1,16.913302951626065,36.638502093142776,80.41252007890421
2026-01-02 18:02:45,app-pod-1,6.767438213654787,31.30466601879313,12.315151129129383
2026-01-02 18:03:00,app-pod-1,9.550761100240683,30.13041858989729,41.038693894004915
2026-01-02 18:03:15,app-pod-1,7.830734892909547,21.180665110832276,25.709955058947884
2026-01-02 18:03:30,app-pod-1,7.392721214110849,18.414041278256505,18.978119545521167
2026-01-02 18:03:45,app-pod-1,7.857757251900132,28.100530229856744,52.000943378232776
2026-01-02 18:04:00,app-pod-1,12.475245523782993,36.235277410954154,47.93922991574454
2026-01-02 18:04:15,app-pod-1,8.539271153853422,25.853530422356183,24.11609321391466
2026-01-02 18:04:30,app-pod-1,16.751793285171267,24.089287488954792,55.53039264831398
2026-01-02 18:04:45,app-pod-1,11.252233195503273,38.30034302039236,50.09490371330055
2026-01-02 18:05:00,app-pod-1,6.974727474879592,27.329331983222936,40.297727807641984
2026-01-02 18:05:15,app-pod-1,8.905131735119559,27.089299794829326,54.68184938812078
2026-01-02 18:05:30,app-pod-1,7.600217926577557,19.480296793572403,27.886027843527717
2026-01-02 18:05:45,app-pod-1,12.406500262061384,28.76563129792023,46.21003561764799
2026-01-02 18:06:00,app-pod-1,5.090514530793097,26.997780982532934,22.326373438771068
2026-01-02 18:06:15,app-pod-1,5.984582346527535,26.70431124533701,26.445199355081286
2026-01-02 18:06:30,app-pod-1,8.233404908318454,22.363947795060753,21.35276941311571
2026-01-02 18:06:45,app-pod-1,12.057514209374553,28.154933531774688,70.16623653653943
2026-01-02 18:07:00,app-pod-1,13.708509007734062,26.515922795230015,55.16736238351761
2026-01-02 18:07:15,app-pod-1,14.151632896024282,38.22695094169896,64.62763171733538
2026-01-02 18:07:30,app-pod-1,11.60011281031528,32.59444886040126,52.76726970759362
2026-01-02 18:07:45,app-pod-1,9.76276535365725,24.212261404561865,45.11005609554148
2026-01-02 18:08:00,app-pod-1,12.396060896560064,22.834894333316864,34.522792102869275
2026-01-02 18:08:15,app-pod-1,6.5794548879460475,25.99469383271854,26.221812313206097
2026-01-02 18:08:30,app-pod-1,4.479782137631783,20.67176054775586,52.130292906934244
2026-01-02 18:08:45,app-pod-1,11.32448738204696,25.835607848919842,69.1054802974927
2026-01-02 18:09:00,app-pod-1,6.998384023738994,19.222798148815084,30.348651004996228
2026-01-02 18:09:15,app-pod-1,9.820367484773131,21.81721361673248,33.77850317386611
2026-01-02 18:09:30,app-pod-1,10.376060913824709,28.07659340247992,8.237549793448466
2026-01-02 18:09:45,app-pod-1,10.762454506468885,26.199325915318106,35.58977532255663
2026-01-02 18:10:00,app-pod-1,12.832410183938002,41.46525905886007,50.153354122165695
2026-01-02 18:10:15,app-pod-1,12.516224648249805,31.732624417113925,45.305151689607065
2026-01-02 18:10:30,app-pod-1,10.605986574325868,21.66571469496804,38.70870998664071
2026-01-02 18:10:45,app-pod-1,8.695951594124395,18.40898490080151,44.12027662436476
2026-01-02 18:11:00,app-pod-1,10.34631853632995,29.233279918721465,26.379938279460973
2026-01-02 18:11:15,app-pod-1,8.235459625871787,23.780486264475165,37.03161424542196
2026-01-02 18:11:30,app-pod-1,9.435886485041154,33.26249528705208,36.08966297315848
2026-01-02 18:11:45,app-pod-1,17.880799665243632,33.92587895797024,58.28864594337007
2026-01-02 18:12:00,app-pod-1,10.573978407559146,17.489183336819735,67.4074852283516
2026-01-02 18:12:15,app-pod-1,11.379298032046206,22.868387130344686,56.73434040782239
2026-01-02 18:12:30,app-pod-1,7.9132984741136525,22.162898651843914,19.857197043684454
2026-01-02 18:12:45,app-pod-1,13.091161873610602,31.373998003368612,60.12341376284548
2026-01-02 18:13:00,app-pod-1,12.312983856843296,23.35532655054658,28.410001959949145
2026-01-02 18:13:15,app-pod-1,12.33547297730846,29.398919053908806,39.38970424773801
2026-01-02 18:13:30,app-pod-1,10.679361536566072,20.794803969534183,62.630993059379534
2026-01-02 18:13:45,app-pod-1,13.138554323526614,29.227915121360898,57.82694042312539
2026-01-02 18:14:00,app-pod-1,13.85235962146686,31.546781657267868,59.47739823080585
2026-01-02 18:14:15,app-pod-1,10.88794453879196,34.929112763944175,58.35629936607489
2026-01-02 18:14:30,app-pod-1,9.696178205170638,28.015201861645277,47.95388446932829
2026-01-02 18:14:45,app-pod-1,12.725119504562329,24.823909031939714,46.909704729610404
2026-01-02 18:15:00,app-pod-1,7.330445615548698,32.596337365674884,43.36785212890513
2026-01-02 18:15:15,app-pod-1,7.890379441671543,24.607375428131085,6.2271841966094
2026-01-02 18:15:30,app-pod-1,9.885821748720158,30.78790906461134,29.531166931880033
2026-01-02 18:15:45,app-pod-1,4.8231378097452495,20.311717610970952,17.8382867953858
2026-01-02 18:16:00,app-pod-1,12.531504815493788,29.22594467030772,58.341954370934616
2026-01-02 18:16:15,app-pod-1,7.161511052412132,21.006718063798765,23.771055500346414
2026-01-02 18:16:30,app-pod-1,8.63733710874769,27.657435752869425,7.788438675594254
2026-01-02 18:16:45,app-pod-1,9.413552581241035,30.60862728268681,8.787035780986198
2026-01-02 18:17:00,app-pod-1,10.172856762721938,24.64700335628259,39.670036312405784
2026-01-02 18:17:15,app-pod-1,9.02566513126392,23.56292599495137,28.93602730519487
2026-01-02 18:17:30,app-pod-1,9.856164212219621,28.683406040873546,25.7749988498963
2026-01-02 18:17:45,app-pod-1,9.881070579005701,22.791669555405047,23.365212997771636
2026-01-02 18:18:00,app-pod-1,8.720560452456063,18.51467388004182,36.88888252911049
2026-01-02 18:18:15,app-pod-1,7.743793526453188,27.18663756052341,50.50909322435451
2026-01-02 18:18:30,app-pod-1,13.309545969288987,28.77819629540262,55.24609130021459
2026-01-02 18:18:45,app-pod-1,3.753678107016283,21.983277717708503,34.74875119980006
2026-01-02 18:19:00,app-pod-1,9.451544473016327,29.22143320401763,32.19630281667115
2026-01-02 18:19:15,app-pod-1,8.66380998711909,29.36841875313542,41.306874536791476
2026-01-02 18:19:30,app-pod-1,11.328725030012949,27.125098063073068,65.5954888426323
2026-01-02 18:19:45,app-pod-1,5.711338059480993,18.384589615186933,20.47723362804219
2026-01-02 18:20:00,app-pod-1,8.576750014434278,22.810790994248265,34.69658462060188
2026-01-02 18:20:15,app-pod-1,9.770940132996989,29.764477745424838,33.46650446629249
2026-01-02 18:20:30,app-pod-1,13.290177168276244,29.98513733501828,62.0483022611935
2026-01-02 18:20:45,app-pod-1,11.078471942842327,25.006133531202227,57.847969288242226
2026-01-02 18:21:00,app-pod-1,6.533436815900179,20.651473341954507,31.402949204711135
2026-01-02 18:21:15,app-pod-1,8.62347939679374,29.125549629035255,31.05228801295666
2026-01-02 18:21:30,app-pod-1,12.74609541139553,27.814004760166593,28.4885281857004
2026-01-02 18:21:45,app-pod-1,6.487672249693107,28.304954468645857,25.224242115756184
2026-01-02 18:22:00,app-pod-1,9.856143227539313,31.295979246470324,36.54526622402594
2026-01-02 18:22:15,app-pod-1,10.066817548942925,25.482573532834124,43.80721160406304
2026-01-02 18:22:30,app-pod-1,8.938956286793767,31.00550682493613,37.507708644557816
2026-01-02 18:22:45,app-pod-1,18.185711058625678,33.42204651334764,96.32896649467723
2026-01-02 18:23:00,app-pod-1,8.862435256639117,27.54249586756758,25.00359269635284
2026-01-02 18:23:15,app-pod-1,11.452122716331175,17.072740425872038,22.179545079230856
2026-01-02 18:23:30,app-pod-1,7.806145156694175,20.60969511806865,14.086549598601646
2026-01-02 18:23:45,app-pod-1,11.690537445709586,23.59990439260951,37.2578049857505
2026-01-02 18:24:00,app-pod-1,12.72192488319034,27.312073806215388,67.11780710651622
2026-01-02 18:24:15,app-pod-1,8.347962273183741,26.41532862949751,13.933210389397576
2026-01-02 18:24:30,app-pod-1,9.950064893690667,27.741297050788337,22.343226644399763
2026-01-02 18:24:45,app-pod-1,7.430670647978815,26.63020418754143,35.931275763337254
2026-01-02 18:25:00,app-pod-1,6.685661799403929,21.255240303251895,39.48223858047974
2026-01-02 18:25:15,app-pod-1,13.231646467741308,32.718967346293105,29.688004780793445
2026-01-02 18:25:30,app-pod-1,8.461667921221492,34.969609762613,7.265850765715744
2026-01-02 18:25:45,app-pod-1,2.8852680130562556,20.253063171893746,0.0
2026-01-02 18:26:00,app-pod-1,15.424631355949117,27.478901111996137,71.55895741585167
2026-01-02 18:26:15,app-pod-1,7.724758450423293,21.98067179574194,33.04743449531647
2026-01-02 18:26:30,app-pod-1,9.39443046381216,27.00344045732097,26.328113841062127
2026-01-02 18:26:45,app-pod-1,15.058797926305667,27.912343000348947,71.32664707827614
2026-01-02 18:27:00,app-pod-1,9.713404578338556,18.147741139420937,40.71819816933755
2026-01-02 18:27:15,app-pod-1,9.651197138649708,19.472078634796436,36.990855530260326
2026-01-02 18:27:30,app-pod-1,6.4592875261673,29.62245196565433,1.6219161892240557
2026-01-02 18:27:45,app-pod-1,5.241928902616133,30.07832043244817,9.409937561919216
2026-01-02 18:28:00,app-pod-1,9.64991817338517,34.75439066115949,67.9535860987453
2026-01-02 18:28:15,app-pod-1,11.240176875918102,28.999646007039555,39.91631062033525
2026-01-02 18:28:30,app-pod-1,11.071017982512975,22.795185047990024,29.93216769974977
2026-01-02 18:28:45,app-pod-1,8.713376335121758,23.90928268879932,29.119734795023128
2026-01-02 18:29:00,app-pod-1,10.220674404446523,19.697533908213323,42.668966313963864
2026-01-02 18:29:15,app-pod-1,4.651036058263578,15.606265293074634,31.854302613105475
2026-01-02 18:29:30,app-pod-1,11.54595574885103,29.358482577009354,55.500098596736414
2026-01-02 18:29:45,app-pod-1,10.652484464948943,30.15179687249935,32.46099773650306
2026-01-02 18:30:00,app-pod-1,16.092085455072365,41.05632759718187,83.4419943262934
2026-01-02 18:30:15,app-pod-1,10.196401148332292,26.722012922902625,53.00593000458083
2026-01-02 18:30:30,app-pod-1,7.348837180362169,18.355011972225512,22.718345069802282
2026-01-02 18:30:45,app-pod-1,10.027582450092558,26.40970579628963,38.1873559757833
2026-01-02 18:31:00,app-pod-1,9.199282652214844,25.027201860983386,45.80716685629223
2026-01-02 18:31:15,app-pod-1,11.48975943933494,25.586673223542224,62.07959013204779
2026-01-02 18:31:30,app-pod-1,10.269289376304013,28.907250400787184,18.29713997871975
2026-01-02 18:31:45,app-pod-1,6.411774019875753,18.41587916838289,26.703844750981517
2026-01-02 18:32:00,app-pod-1,5.287408760586535,24.354793296540382,20.682765465067476
2026-01-02 18:32:15,app-pod-1,10.98641130183334,30.94830423988073,35.38613581289748
2026-01-02 18:32:30,app-pod-1,14.350101948911558,37.143760215397904,48.76339000440789
2026-01-02 18:32:45,app-pod-1,10.441897168977436,28.8612072634639,57.58323482456268
2026-01-02 18:33:00,app-pod-1,12.646864325367218,34.06840728035344,58.607629004950454
2026-01-02 18:33:15,app-pod-1,13.24854202495656,27.054499215939117,84.59368685233144
2026-01-02 18:33:30,app-pod-1,11.013655946684716,26.188107792283173,35.50773164311387
2026-01-02 18:33:45,app-pod-1,7.772995337120153,32.18033194206231,33.14899846180314
2026-01-02 18:34:00,app-pod-1,10.805606987898354,20.70600276670977,47.86793172223307
2026-01-02 18:34:15,app-pod-1,13.8441378644509,27.67519499388766,68.8178125382477
2026-01-02 18:34:30,app-pod-1,11.815850852316393,33.913327130251304,67.6395945734998
2026-01-02 18:34:45,app-pod-1,12.474198762970097,27.676380560316513,51.30096908003433
2026-01-02 18:35:00,app-pod-1,8.845131065569307,24.763581586542244,18.95889279071402
2026-01-02 18:35:15,app-pod-1,9.62903908882706,25.41366677934638,27.85298250430872
2026-01-02 18:35:30,app-pod-1,9.883272530076106,27.5040496452895,41.674004379508446
2026-01-02 18:35:45,app-pod-1,10.088818063184418,32.492591853825296,57.19669946106458
2026-01-02 18:36:00,app-pod-1,13.750108136134319,34.24623328691009,33.3043430300385
2026-01-02 18:36:15,app-pod-1,3.208136625623003,22.302981845430907,0.0
2026-01-02 18:36:30,app-pod-1,10.344720848086084,32.703247431114235,52.736185722556364
2026-01-02 18:36:45,app-pod-1,10.018088428018938,28.721626716261937,20.667945915613466
2026-01-02 18:37:00,app-pod-1,6.145569244462913,28.597499310228194,7.706934338303967
2026-01-02 18:37:15,app-pod-1,12.278892921019672,23.453377674248777,66.1636334805952
2026-01-02 18:37:30,app-pod-1,8.093632782467644,34.35830661489267,29.05470391671565
2026-01-02 18:37:45,app-pod-1,9.199600977656543,27.540785955086722,32.33122420003425
2026-01-02 18:38:00,app-pod-1,15.820633692517502,17.33289684817318,83.80694209389385
2026-01-02 18:38:15,app-pod-1,13.30782143326699,37.613110870633676,37.28663590366518
2026-01-02 18:38:30,app-pod-1,12.004997285036158,28.42877275557862,29.06022107202048
2026-01-02 18:38:45,app-pod-1,11.427526717715033,26.021798896643556,70.1482946136682
2026-01-02 18:39:00,app-pod-1,9.794838751502413,23.827971800115694,42.679189590734204
2026-01-02 18:39:15,app-pod-1,16.290716974498658,33.6010112248209,75.35843915125969
2026-01-02 18:39:30,app-pod-1,12.70281788234201,24.45002792295296,46.14501039960467
2026-01-02 18:39:45,app-pod-1,8.05141850140338,22.751460637628703,30.606697615252635
2026-01-02 18:40:00,app-pod-1,6.103538105102875,21.50808615451357,13.857666420176809
2026-01-02 18:40:15,app-pod-1,12.008159078865262,26.944476136694497,52.80443683018298
2026-01-02 18:40:30,app-pod-1,10.14386124856683,24.524661625337476,53.04603896636126
2026-01-02 18:40:45,app-pod-1,6.028501130281768,28.48402144947155,27.053733177530496
2026-01-02 18:41:00,app-pod-1,11.604944544208928,29.478772704934748,62.33337956718131
2026-01-02 18:41:15,app-pod-1,9.51599840052389,28.62638257208814,47.999928562021324
2026-01-02 18:41:30,app-pod-1,11.918991906222164,31.39630540194195,31.949333445446293
2026-01-02 18:41:45,app-pod-1,11.656158430699643,27.693839550661245,44.45347356826118
2026-01-02 18:42:00,app-pod-1,8.510109784089387,20.855530203243454,27.314519262372094
2026-01-02 18:42:15,app-pod-1,12.237423603487454,37.59205891932562,60.251206252354535
2026-01-02 18:42:30,app-pod-1,8.849184918789275,30.832102716299552,42.320551655355516
2026-01-02 18:42:45,app-pod-1,9.048288793842854,34.39793722536792,38.10389517641504
2026-01-02 18:43:00,app-pod-1,8.75417782562567,31.300616582745214,50.22054278565126
2026-01-02 18:43:15,app-pod-1,13.747996341596686,27.32174041979027,27.006780814214952
2026-01-02 18:43:30,app-pod-1,9.51746028243084,14.92233250605726,29.0228877706271
2026-01-02 18:43:45,app-pod-1,14.480634747546848,23.990962195644066,50.1482339357193
2026-01-02 18:44:00,app-pod-1,15.7179109416073,34.18514789266629,66.64765959574571
2026-01-02 18:44:15,app-pod-1,8.155473406668984,25.200091787985784,40.91404660934889
2026-01-02 18:44:30,app-pod-1,1.6128427153528406,19.029740606168264,6.431754199950803
2026-01-02 18:44:45,app-pod-1,13.513578482499437,16.98173742949287,34.32991595654877
2026-01-02 18:45:00,app-pod-1,9.358378699854965,26.485228768677068,43.535091613299215
2026-01-02 18:45:15,app-pod-1,7.7900030327463705,20.04410937166095,33.080939633542386
2026-01-02 18:45:30,app-pod-1,8.626699169769159,22.4167765150088,12.47609102965059
2026-01-02 18:45:45,app-pod-1,9.152726570988307,30.657429084177497,32.179877962865454
2026-01-02 18:46:00,app-pod-1,14.293085179664626,24.85944985534519,62.78270895678353
2026-01-02 18:46:15,app-pod-1,10.885600818509952,22.951474046091008,68.34053562530241
2026-01-02 18:46:30,app-pod-1,14.261047499143377,30.910634886450964,40.70812689002613
2026-01-02 18:46:45,app-pod-1,11.897319784986403,32.689934307557024,59.44108572927059
2026-01-02 18:47:00,app-pod-1,9.491398378456863,24.63044938788582,21.818487222210695
2026-01-02 18:47:15,app-pod-1,9.252473363390783,33.81280837948808,17.95076611162068
2026-01-02 18:47:30,app-pod-1,12.112848942230034,22.08564836993522,30.27752704090185
2026-01-02 18:47:45,app-pod-1,12.893800583866405,21.755382405664438,60.65041142423991
2026-01-02 18:48:00,app-pod-1,13.42742604242649,21.702768238272256,55.658101001387166
2026-01-02 18:48:15,app-pod-1,9.656980018837332,18.498967191133975,33.90758061609396
2026-01-02 18:48:30,app-pod-1,10.971783962592493,29.362993599615326,50.75461562479145
2026-01-02 18:48:45,app-pod-1,12.202881728894539,23.653070613280313,49.42384802162495
2026-01-02 18:49:00,app-pod-1,9.303482792935835,19.461476135808986,38.87171511674468
2026-01-02 18:49:15,app-pod-1,7.055198395330096,26.837622352409095,23.66790081292212
2026-01-02 18:49:30,app-pod-1,8.04586917347618,29.75185465738691,16.77027077800112
2026-01-02 18:49:45,app-pod-1,9.746263168085326,32.076676202236726,64.35465941535509
2026-01-02 18:50:00,app-pod-1,12.460701275262227,33.09891321603243,70.84927935022475
2026-01-02 18:50:15,app-pod-1,14.255745940310089,25.388504828004116,80.87536431421287
2026-01-02 18:50:30,app-pod-1,6.415428651870207,25.87125487855767,17.571991311317486
2026-01-02 18:50:45,app-pod-1,8.696315283592064,28.571778585476565,24.556345446100394
2026-01-02 18:51:00,app-pod-1,9.419566098639987,24.219280043602527,31.46158996129422
2026-01-02 18:51:15,app-pod-1,12.882131162621755,29.841252333358803,67.6401288107795
2026-01-02 18:51:30,app-pod-1,8.918498141089676,19.98485754895436,35.67111149384073
2026-01-02 18:51:45,app-pod-1,9.218505623876682,23.314953056242672,28.726147015785084
2026-01-02 18:52:00,app-pod-1,6.276620972844621,26.25257120893165,30.56440906256087
2026-01-02 18:52:15,app-pod-1,11.967739916077646,35.915131212990325,36.82422566537302
2026-01-02 18:52:30,app-pod-1,10.038263190663656,32.78398230007376,19.822194562572335
2026-01-02 18:52:45,app-pod-1,8.565290932361812,29.299996041324864,36.199688094702076
2026-01-02 18:53:00,app-pod-1,9.753875157344734,27.226212804015194,31.274402447489972
2026-01-02 18:53:15,app-pod-1,13.918413294782187,29.366736741470937,55.468151744019174
2026-01-02 18:53:30,app-pod-1,7.527801180969381,18.031461057240307,0.0
2026-01-02 18:53:45,app-pod-1,8.022541282310453,21.43824622816979,18.70898920066515
2026-01-02 18:54:00,app-pod-1,14.309358934443328,26.002276981141872,56.561576862965055
2026-01-02 18:54:15,app-pod-1,10.78503063321474,30.423318020953566,20.394262936459185
2026-01-02 18:54:30,app-pod-1,12.572096131018128,33.52520614914182,28.05255633954111
2026-01-02 18:54:45,app-pod-1,11.77324039113464,31.92413537142656,47.67450221363933
2026-01-02 18:55:00,app-pod-1,10.467154946852922,33.240340653146035,52.39234851927647
2026-01-02 18:55:15,app-pod-1,9.533458305131735,27.034708571224613,24.75809208990765
2026-01-02 18:55:30,app-pod-1,13.078249898912887,24.24012401626959,48.381099732831146
2026-01-02 18:55:45,app-pod-1,14.075828807608804,29.603415683579875,52.717975077702825
2026-01-02 18:56:00,app-pod-1,13.846650515528353,26.06846990870745,31.95188887874769
2026-01-02 18:56:15,app-pod-1,7.04296003516607,28.219371983396734,45.930131333890564
2026-01-02 18:56:30,app-pod-1,14.519420536301478,28.36815735992407,55.33332039208261
2026-01-02 18:56:45,app-pod-1,9.536217345543795,26.18269405570839,35.56127545000435
2026-01-02 18:57:00,app-pod-1,8.350293193230403,29.313316383616698,38.99592383236663
2026-01-02 18:57:15,app-pod-1,10.112780479271233,23.373474887532034,17.05119715706692
2026-01-02 18:57:30,app-pod-1,13.119553698614334,34.00357051814128,66.27722922383782
2026-01-02 18:57:45,app-pod-1,12.252988821392286,21.83911041517653,64.77111684989107
2026-01-02 18:58:00,app-pod-1,9.870887956875041,28.442376409506654,41.59152727982016
2026-01-02 18:58:15,app-pod-1,13.15551875640518,28.75436814287059,59.55520174305037
2026-01-02 18:58:30,app-pod-1,11.067599895073103,31.88402890867107,39.37920711852592
2026-01-02 18:58:45,app-pod-1,8.93462378034942,19.382366836924668,48.68790585357138
2026-01-02 18:59:00,app-pod-1,8.53497537284565,18.3205271470359,21.795805884492914
2026-01-02 18:59:15,app-pod-1,11.895351813724712,32.07696819891298,47.09543237038592
2026-01-02 18:59:30,app-pod-1,10.422683139113753,25.34126748963369,42.099684846780264
2026-01-02 18:59:45,app-pod-1,6.549332953131864,24.130522548351276,25.617064779399946
2026-01-02 19:00:00,app-pod-1,13.22296795342714,25.957331762853308,68.92876265806062
2026-01-02 19:00:15,app-pod-1,9.246316436519646,31.036473404699937,69.80833830440446
2026-01-02 19:00:30,app-pod-1,15.469181495129401,32.32450809864078,60.22917027211332
2026-01-02 19:00:45,app-pod-1,6.489556598304921,25.746010059098662,33.013590900626944
2026-01-02 19:01:00,app-pod-1,10.162127734253703,21.265387073103284,28.612099358922976
2026-01-02 19:01:15,app-pod-1,8.610070399994816,28.534577046018384,49.91910380245113
2026-01-02 19:01:30,app-pod-1,7.789508775461398,20.491591549035583,23.39576525707365
2026-01-02 19:01:45,app-pod-1,9.261200016122142,23.190074872879126,84.2217217934247
2026-01-02 19:02:00,app-pod-1,16.03909376293848,24.400627310131185,39.095278057293676
2026-01-02 19:02:15,app-pod-1,11.163343148198908,27.03163283081718,76.86505009911446
2026-01-02 19:02:30,app-pod-1,8.363973149452455,31.17714750495327,48.324225418551684
2026-01-02 19:02:45,app-pod-1,5.259099581489966,24.814844652858877,4.202770835810892
2026-01-02 19:03:00,app-pod-1,5.586807631883991,21.701660809836277,57.138956344080015
2026-01-02 19:03:15,app-pod-1,9.147439201730226,26.948939031717103,22.663600657784272
2026-01-02 19:03:30,app-pod-1,8.86172094250416,26.721274520423997,30.73192101457589
2026-01-02 19:03:45,app-pod-1,10.096611927637303,27.39797176897857,20.937559372498093
2026-01-02 19:04:00,app-pod-1,3.9582146799260673,23.65742242724736,13.636080141871266
2026-01-02 19:04:15,app-pod-1,10.50574620731724,22.154050575396933,41.23252563292767
2026-01-02 19:04:30,app-pod-1,13.870028098282615,30.241711468948886,67.93057275227642
2026-01-02 19:04:45,app-pod-1,15.661433157283254,22.186761363596332,99.2204381619731
2026-01-02 19:05:00,app-pod-1,5.115664468530002,26.459083169990894,12.768248297170826
2026-01-02 19:05:15,app-pod-1,8.400940979145378,20.36691272584986,0.0
2026-01-02 19:05:30,app-pod-1,8.248556858733423,31.661978951907976,42.72169960793278
2026-01-02 19:05:45,app-pod-1,11.254584741935824,15.652028001046055,36.76367817775503
2026-01-02 19:06:00,app-pod-1,7.164287899006775,33.38712624193831,55.933952649371946
2026-01-02 19:06:15,app-pod-1,15.876602710309431,22.91751851332703,62.987641716683925
2026-01-02 19:06:30,app-pod-1,10.966610851509285,21.676954450370843,32.48008177094462
2026-01-02 19:06:45,app-pod-1,10.472857844292822,28.82628568070998,26.696902139237515
2026-01-02 19:07:00,app-pod-1,15.626713985252046,34.03227471179933,71.85015673597249
2026-01-02 19:07:15,app-pod-1,10.80672877187382,26.14778300773142,39.098365142080155
2026-01-02 19:07:30,app-pod-1,12.06210350485189,32.906502714685686,70.26402281636135
2026-01-02 19:07:45,app-pod-1,8.61514288020124,22.04782875236057,31.30172903697792
2026-01-02 19:08:00,app-pod-1,6.762398685576142,22.735219345993094,48.268897145239656
2026-01-02 19:08:15,app-pod-1,9.049209925252427,24.824057235264842,15.494826609795183
2026-01-02 19:08:30,app-pod-1,17.447635026385896,29.521365227578876,43.7112450279832
2026-01-02 19:08:45,app-pod-1,12.792205787328541,19.283651179173862,63.60663745540439
2026-01-02 19:09:00,app-pod-1,11.723205622189417,28.08290860299012,39.92643855591079
2026-01-02 19:09:15,app-pod-1,7.976961836476949,25.008837517020204,27.95458441525272
2026-01-02 19:09:30,app-pod-1,13.646338026236371,34.94335043691715,39.40244256541554
2026-01-02 19:09:45,app-pod-1,6.846032128933014,18.362500411733638,11.101607779111763
2026-01-02 19:10:00,app-pod-1,6.224491635988317,21.160107524843365,34.43297313210665
2026-01-02 19:10:15,app-pod-1,9.25557134633034,32.49635607004896,36.73957596323298
2026-01-02 19:10:30,app-pod-1,16.802299869758407,33.22805421525264,51.30618223805355
2026-01-02 19:10:45,app-pod-1,16.63912693106286,34.394287282525866,78.41466591647753
2026-01-02 19:11:00,app-pod-1,9.598373222382808,28.98602937236562,56.01719497551916
2026-01-02 19:11:15,app-pod-1,8.936149391127557,28.54466281096206,34.11211580841237
2026-01-02 19:11:30,app-pod-1,6.044345420039223,33.336291768265866,39.22538045027617
2026-01-02 19:11:45,app-pod-1,11.20623146373116,28.3020653145134,29.797852489744983
2026-01-02 19:12:00,app-pod-1,11.464907930061282,22.968719166829203,54.5177652167602
2026-01-02 19:12:15,app-pod-1,13.354291457078787,32.5419914510946,55.84341899635638
2026-01-02 19:12:30,app-pod-1,13.72452088028427,26.774406245063446,43.024667146460594
2026-01-02 19:12:45,app-pod-1,10.406930850502793,26.7351667132605,72.42360212181518
2026-01-02 19:13:00,app-pod-1,12.674101100241215,30.722775778947444,54.1880292773137
2026-01-02 19:13:15,app-pod-1,8.910944346050227,22.130889466140882,26.781473974664536
2026-01-02 19:13:30,app-pod-1,12.630854616317784,26.290124492323606,50.81777920541699
2026-01-02 19:13:45,app-pod-1,9.50491943317639,29.03268645857553,24.9742619377775
2026-01-02 19:14:00,app-pod-1,12.411902443776832,25.94510685459842,32.294433848071016
2026-01-02 19:14:15,app-pod-1,12.175964668305884,33.390101847765905,41.962564589782666
2026-01-02 19:14:30,app-pod-1,11.253827926285991,22.946891559087035,39.289625250830674
2026-01-02 19:14:45,app-pod-1,13.438015112329657,24.45898869657292,41.689453296220094
2026-01-02 19:15:00,app-pod-1,6.350200196015826,33.975419465987684,44.16750031134834
2026-01-02 19:15:15,app-pod-1,7.873672742945744,17.860438712097256,20.00804239402145
2026-01-02 19:15:30,app-pod-1,10.265288891366605,27.052119578965172,27.077719945293214
2026-01-02 19:15:45,app-pod-1,6.752746781944611,33.98434198517573,9.225183536596955
2026-01-02 19:16:00,app-pod-1,9.86903494434955,26.765367221548324,20.246393926157545
2026-01-02 19:16:15,app-pod-1,9.972851647501987,33.71484949857138,55.30318185808044
2026-01-02 19:16:30,app-pod-1,15.032930430662525,33.78542562348884,64.00422925005411
2026-01-02 19:16:45,app-pod-1,11.538639200179578,28.041038018951696,56.50946996888315
2026-01-02 19:17:00,app-pod-1,14.206508320335956,29.291329516920797,72.10210949826825
2026-01-02 19:17:15,app-pod-1,12.030447715063593,17.824726329830796,43.1222944587462
2026-01-02 19:17:30,app-pod-1,9.525648170507292,25.07239541992829,60.186189110160214
2026-01-02 19:17:45,app-pod-1,11.541049283492201,29.239827027600512,36.76084446007018
2026-01-02 19:18:00,app-pod-1,13.335449179952949,30.49312897442994,36.90590633284103
2026-01-02 19:18:15,app-pod-1,14.734667908590307,42.64356132178269,64.5429215351397
2026-01-02 19:18:30,app-pod-1,10.764849916088853,28.940185272009725,45.22761783358287
2026-01-02 19:18:45,app-pod-1,6.226586764780741,27.509337339315742,27.05074339215853
2026-01-02 19:19:00,app-pod-1,6.023072922606884,30.040966882874322,39.32211181571523
2026-01-02 19:19:15,app-pod-1,10.204625261381556,29.845744240606045,42.41166551306002
2026-01-02 19:19:30,app-pod-1,4.177564374688988,22.494049728598842,21.4060346339712
2026-01-02 19:19:45,app-pod-1,16.584010442472877,31.202870557033997,86.7300804477622
2026-01-02 19:20:00,app-pod-1,12.996947278481027,27.344590683755314,55.988003744768946
2026-01-02 19:20:15,app-pod-1,9.306619457833996,28.735688766166696,44.64036334522626
2026-01-02 19:20:30,app-pod-1,7.89217296047562,24.67291746743354,10.302976587696623
2026-01-02 19:20:45,app-pod-1,14.312990631820295,33.143775394932234,113.03923473734167
2026-01-02 19:21:00,app-pod-1,7.895261814597301,20.481246718569615,7.718412735437521
2026-01-02 19:21:15,app-pod-1,8.18905525570205,26.466580971034652,24.66628074859111
2026-01-02 19:21:30,app-pod-1,8.95348230967813,34.027774223811534,27.270419996678523
2026-01-02 19:21:45,app-pod-1,11.601189266007294,26.997714999481033,78.02498984751642
2026-01-02 19:22:00,app-pod-1,13.128948532474245,38.40527210756586,43.506803530741166
2026-01-02 19:22:15,app-pod-1,14.852224399170277,31.214914316063837,66.03708916491858
2026-01-02 19:22:30,app-pod-1,14.416795361693596,29.809215792455518,49.22569457410424
2026-01-02 19:22:45,app-pod-1,11.291898631395728,28.48742155349634,29.56613861403543
2026-01-02 19:23:00,app-pod-1,14.358861727548764,28.494086988465202,65.99077720497915
2026-01-02 19:23:15,app-pod-1,9.292037521505067,16.601645909521476,26.383654789193603
2026-01-02 19:23:30,app-pod-1,5.85020112255819,28.496015076906488,26.5146530321193
2026-01-02 19:23:45,app-pod-1,9.307190989441002,37.47859951234427,46.629151787303655
2026-01-02 19:24:00,app-pod-1,8.9096099272271,28.63887329922232,64.23976317527976
2026-01-02 19:24:15,app-pod-1,9.440259737706896,29.314786623177124,18.828414527276514
2026-01-02 19:24:30,app-pod-1,8.46594845667589,25.013200491883143,31.571565878801735
2026-01-02 19:24:45,app-pod-1,9.968617801865351,32.766977955458955,38.20243024389657
2026-01-02 19:25:00,app-pod-1,13.219894256624766,29.05756788733846,52.893498442127964
2026-01-02 19:25:15,app-pod-1,16.513532182212224,32.89557301853304,104.58614857258738
2026-01-02 19:25:30,app-pod-1,6.1996618820468505,16.51368098011168,22.19865907397951
2026-01-02 19:25:45,app-pod-1,7.520460015991614,22.617612659971886,0.0
2026-01-02 19:26:00,app-pod-1,9.017309864175003,28.148882645828692,33.092776527843434
2026-01-02 19:26:15,app-pod-1,13.696881158629534,34.12387548396063,53.011866442470776
2026-01-02 19:26:30,app-pod-1,10.792842216127958,32.22968826193709,39.55574442060933
2026-01-02 19:26:45,app-pod-1,9.243408017676877,18.574481035785066,26.19396910296351
2026-01-02 19:27:00,app-pod-1,13.57400796567778,22.112906699734037,34.4765073205006
2026-01-02 19:27:15,app-pod-1,14.30107510118785,32.93143807610756,89.59666599980906
2026-01-02 19:27:30,app-pod-1,11.383741877885422,24.234577374495633,50.309369590610075
2026-01-02 19:27:45,app-pod-1,8.999503615023892,30.772615560725605,33.114410323607984
2026-01-02 19:28:00,app-pod-1,12.267161610370419,20.4361720818492,80.98303594049383
2026-01-02 19:28:15,app-pod-1,10.764701962423203,27.043241655029004,30.02894257719189
2026-01-02 19:28:30,app-pod-1,10.749672591141264,27.353586727583302,52.03481651744022
2026-01-02 19:28:45,app-pod-1,9.94373944724482,29.362953098087598,21.039037012653605
2026-01-02 19:29:00,app-pod-1,14.264139661614934,24.82909778239869,68.31793559184985
2026-01-02 19:29:15,app-pod-1,12.247102441456475,18.739151402392444,31.970980376560505
2026-01-02 19:29:30,app-pod-1,14.612858267358739,31.085364594879525,65.5083789108373
2026-01-02 19:29:45,app-pod-1,15.52304992385532,33.49828630942611,91.390736378946
2026-01-02 19:30:00,app-pod-1,12.899351656374186,34.06682097262712,52.99915054129588
2026-01-02 19:30:15,app-pod-1,10.011337854173032,25.21517823100037,7.156629451611799
2026-01-02 19:30:30,app-pod-1,14.660129721295462,34.140499009984055,59.17709109500169
2026-01-02 19:30:45,app-pod-1,12.94454892405859,31.490053121283157,58.98497599293305
2026-01-02 19:31:00,app-pod-1,19.366083897013887,40.1682841164814,90.97909529994413
2026-01-02 19:31:15,app-pod-1,12.494736928196556,28.469376269516495,72.08282011503204
2026-01-02 19:31:30,app-pod-1,13.665962012578396,20.91667689483448,77.53240769394206
2026-01-02 19:31:45,app-pod-1,12.452661128871874,28.378564422114074,47.846546945086445
2026-01-02 19:32:00,app-pod-1,11.29260715534685,28.34707875105635,35.27885040485368
2026-01-02 19:32:15,app-pod-1,10.822063664545402,30.16641577717425,26.51059654849125
2026-01-02 19:32:30,app-pod-1,12.489727125873852,21.07939715640861,41.85966231331544
2026-01-02 19:32:45,app-pod-1,13.179102011980513,27.665147334346987,59.86436578199343
2026-01-02 19:33:00,app-pod-1,15.087339495955295,34.90165550499178,40.11964077038365
2026-01-02 19:33:15,app-pod-1,12.559350378024225,28.271118001011292,36.33449753066964
2026-01-02 19:33:30,app-pod-1,10.252775938275462,25.648271246132396,49.445590074520325
2026-01-02 19:33:45,app-pod-1,10.669548081253215,37.00031564579475,32.98088549544317
2026-01-02 19:34:00,app-pod-1,7.689987683587966,20.032970444353815,36.30974423845973
2026-01-02 19:34:15,app-pod-1,16.651150308671625,37.82157876599171,54.389948297605926
2026-01-02 19:34:30,app-pod-1,10.052720017094744,32.14315269133727,44.52785461491664
2026-01-02 19:34:45,app-pod-1,14.587316121428564,29.08528897691518,46.77110960286783
2026-01-02 19:35:00,app-pod-1,12.523422989938654,28.601943327545424,21.56404607797428
2026-01-02 19:35:15,app-pod-1,12.613763369521845,28.64734069390447,64.79440655244899
2026-01-02 19:35:30,app-pod-1,11.359043482907332,28.861069219752814,34.997756554259794
2026-01-02 19:35:45,app-pod-1,9.356831436399123,23.577075218290446,33.69787263911659
2026-01-02 19:36:00,app-pod-1,8.823484645672057,24.03569811982709,24.92680710806304
2026-01-02 19:36:15,app-pod-1,16.923371499199806,30.070237394950805,75.86065255052516
2026-01-02 19:36:30,app-pod-1,12.088764785130142,26.845646846596683,53.35259281239993
2026-01-02 19:36:45,app-pod-1,15.131612722613589,29.03834775306916,68.65785313549469
2026-01-02 19:37:00,app-pod-1,15.919479941393988,19.93951201379543,55.43477423204916
2026-01-02 19:37:15,app-pod-1,10.541189680894226,27.867078216273214,41.418833484482555
2026-01-02 19:37:30,app-pod-1,13.05324079936001,26.499929658782342,58.468447648421076
2026-01-02 19:37:45,app-pod-1,11.926770535385177,19.014683941696124,70.88514172952621
2026-01-02 19:38:00,app-pod-1,8.329133173418452,24.08013814683823,37.9145017697568
2026-01-02 19:38:15,app-pod-1,11.25339268378522,25.972587488612703,29.963325907240915
2026-01-02 19:38:30,app-pod-1,13.581432055937126,35.883225074568344,58.3441367324414
2026-01-02 19:38:45,app-pod-1,10.330925827796916,24.53549828731076,38.848736820813805
2026-01-02 19:39:00,app-pod-1,10.862606937382779,30.942775755535422,13.469418331328605
2026-01-02 19:39:15,app-pod-1,11.326180500213686,34.84238636707816,17.627369850116075
2026-01-02 19:39:30,app-pod-1,18.19003520449533,29.592681098038774,71.76279655513669
2026-01-02 19:39:45,app-pod-1,6.3624881338613495,24.216255644394163,25.71693652698997
2026-01-02 19:40:00,app-pod-1,13.378774156348769,38.00860078399265,49.093850521886424
2026-01-02 19:40:15,app-pod-1,11.123057910127217,28.931021312835284,57.754958434162376
2026-01-02 19:40:30,app-pod-1,9.970362856533605,28.848003209918158,25.85426488856878
2026-01-02 19:40:45,app-pod-1,11.067974447260143,25.71131249324046,23.478970948062184
2026-01-02 19:41:00,app-pod-1,13.913025822412907,33.174372227850235,43.26671885382128
2026-01-02 19:41:15,app-pod-1,14.093784919592816,29.667436375287046,47.22849874137766
2026-01-02 19:41:30,app-pod-1,12.487604064802206,19.580808155962234,49.078117586417825
2026-01-02 19:41:45,app-pod-1,15.217136709070946,28.875833026435576,48.90394499428709
2026-01-02 19:42:00,app-pod-1,15.75479329830452,25.112461357714245,30.893278366663402
2026-01-02 19:42:15,app-pod-1,14.40682517209175,30.645982441826952,19.087719984360014
2026-01-02 19:42:30,app-pod-1,10.32854449478201,22.64578566105301,43.16156536036363
2026-01-02 19:42:45,app-pod-1,13.459892455378375,31.81256704722726,36.90424677069781
2026-01-02 19:43:00,app-pod-1,13.483637190963957,29.66236313834375,23.854228843275457
2026-01-02 19:43:15,app-pod-1,9.548629753444153,20.443995809516583,47.568638523962406
2026-01-02 19:43:30,app-pod-1,7.296717636792792,22.645011767686537,52.36458607439944
2026-01-02 19:43:45,app-pod-1,5.946239131823467,27.265180900431847,22.36807844575002
2026-01-02 19:44:00,app-pod-1,12.233685544353097,34.303545060116996,52.96134414868786
2026-01-02 19:44:15,app-pod-1,12.927812686397573,24.537362724108633,55.86498920184291
2026-01-02 19:44:30,app-pod-1,8.497944654937601,20.461358783751088,0.0
2026-01-02 19:44:45,app-pod-1,15.191003598546601,40.38862722048789,74.09380350211022
2026-01-02 19:45:00,app-pod-1,12.51919961723546,28.714599999589783,68.67502499560017
2026-01-02 19:45:15,app-pod-1,16.12056292653298,31.74173872518295,92.03423940003229
2026-01-02 19:45:30,app-pod-1,13.193493936670912,25.538490480161393,46.20967858625069
2026-01-02 19:45:45,app-pod-1,8.8925881769886,27.300912866593954,18.543544996719497
2026-01-02 19:46:00,app-pod-1,13.476156407829938,38.00878786818184,74.28298843224538
2026-01-02 19:46:15,app-pod-1,14.121390025766214,31.156799362321014,63.96921599097364
2026-01-02 19:46:30,app-pod-1,10.477953642940319,32.65938379575495,55.03177018365538
2026-01-02 19:46:45,app-pod-1,7.80433314276303,25.60795248261575,21.511187194585233
2026-01-02 19:47:00,app-pod-1,12.441309324697075,23.579900574168235,53.838673549675434
2026-01-02 19:47:15,app-pod-1,9.147717474234765,22.987218885499367,20.789871105671644
2026-01-02 19:47:30,app-pod-1,15.522765857397097,25.27692522365382,62.01246611899057
2026-01-02 19:47:45,app-pod-1,10.94844554286627,28.752844797939815,38.57546701460869
2026-01-02 19:48:00,app-pod-1,17.353672835712544,38.26701495324878,104.56800049479054
2026-01-02 19:48:15,app-pod-1,5.817308650144092,24.877170765854984,31.49868025391902
2026-01-02 19:48:30,app-pod-1,12.60410779418724,27.28396636277973,18.136336408883267
2026-01-02 19:48:45,app-pod-1,16.49785641186685,27.60030072686993,65.96809426318809
2026-01-02 19:49:00,app-pod-1,9.548744222623359,28.46135027006222,43.717541703890994
2026-01-02 19:49:15,app-pod-1,11.752054199164123,22.035777675446766,39.898812265046615
2026-01-02 19:49:30,app-pod-1,11.030570843851718,22.05089419938093,27.58089562389337
2026-01-02 19:49:45,app-pod-1,10.198417174600188,31.639708360423047,50.701409843786784
2026-01-02 19:50:00,app-pod-1,12.99365125977839,27.706880570141887,37.55379388527152
2026-01-02 19:50:15,app-pod-1,8.383602878107762,24.381251049592016,42.16606729408722
2026-01-02 19:50:30,app-pod-1,11.947066779075401,27.51761666378903,32.10011020005201
2026-01-02 19:50:45,app-pod-1,13.838082363347706,33.31601298807308,47.34380979960606
2026-01-02 19:51:00,app-pod-1,11.65496611657922,28.98598964672729,60.96211567717955
2026-01-02 19:51:15,app-pod-1,9.309803312369501,22.801455110329083,44.5768249642131
2026-01-02 19:51:30,app-pod-1,15.41116181876168,27.252352188390667,62.11596467949215
2026-01-02 19:51:45,app-pod-1,14.521587255355886,29.189557024513952,57.63779126900901
2026-01-02 19:52:00,app-pod-1,9.217486628910233,27.963339353705372,38.22824411183714
2026-01-02 19:52:15,app-pod-1,8.468978232663002,25.75073504537448,22.00278735773405
2026-01-02 19:52:30,app-pod-1,9.505801465051407,26.03161009467056,15.272746943783435
2026-01-02 19:52:45,app-pod-1,14.00768898296506,30.03680008337625,64.56835083035264
2026-01-02 19:53:00,app-pod-1,13.208903932779927,29.065110727475034,75.78711638967049
2026-01-02 19:53:15,app-pod-1,14.76277008626182,26.432024547563582,68.11457427795216
2026-01-02 19:53:30,app-pod-1,11.424428959148996,33.53235483309817,49.51030207053263
2026-01-02 19:53:45,app-pod-1,9.639055504195744,24.335781576977848,20.42836086058448
2026-01-02 19:54:00,app-pod-1,15.180197212004197,31.272240801823234,73.8784029114147
2026-01-02 19:54:15,app-pod-1,10.77373265076673,17.23993662534486,50.315846414867735
2026-01-02 19:54:30,app-pod-1,13.004163704937193,28.027043153164463,63.41885233224117
2026-01-02 19:54:45,app-pod-1,7.805207255755404,19.96569926196363,46.72919418278967
2026-01-02 19:55:00,app-pod-1,10.756033612881442,22.63411468052056,66.81423895718059
2026-01-02 19:55:15,app-pod-1,15.504157825970815,42.96384021301348,45.29580354419407
2026-01-02 19:55:30,app-pod-1,10.337669992482429,28.483998497891996,22.016025961596217
2026-01-02 19:55:45,app-pod-1,14.94055082571789,36.58849646824686,61.98451406145025
2026-01-02 19:56:00,app-pod-1,5.514546768647485,28.136700654657176,8.22041454132673
2026-01-02 19:56:15,app-pod-1,10.840018188535264,32.504227141965,26.924510047430367
2026-01-02 19:56:30,app-pod-1,12.014737341889273,27.414957831357,66.36038563372333
2026-01-02 19:56:45,app-pod-1,17.7670510907931,40.46894582311282,55.9322654365362
2026-01-02 19:57:00,app-pod-1,9.042891218500692,30.563460345832947,36.00555787597307
2026-01-02 19:57:15,app-pod-1,14.573730186527255,30.408285889580593,33.8235348036396
2026-01-02 19:57:30,app-pod-1,15.742236836741146,32.33601390800685,63.914533284586476
2026-01-02 19:57:45,app-pod-1,10.417684482516034,26.60871705544873,59.41300127400842
2026-01-02 19:58:00,app-pod-1,11.472314234883934,28.291815888750634,64.08565592422035
2026-01-02 19:58:15,app-pod-1,13.028525772519007,28.901964365329587,67.78898596087474
2026-01-02 19:58:30,app-pod-1,8.169958619519539,27.62663918984613,31.504254944104524
2026-01-02 19:58:45,app-pod-1,11.259898642839284,36.58179805703982,61.71216235497313
2026-01-02 19:59:00,app-pod-1,16.464359833056402,25.498981298345804,72.30865804074524
2026-01-02 19:59:15,app-pod-1,14.214824236202364,35.66215078288569,50.27510244458006
2026-01-02 19:59:30,app-pod-1,12.187462677255514,26.69005145552252,54.47537350194021
2026-01-02 19:59:45,app-pod-1,13.007811009096454,35.45378344769154,65.31634674422067
2026-01-02 20:00:00,app-pod-1,14.422208020900532,28.428318799559577,37.773063715971155
2026-01-02 20:00:15,app-pod-1,15.00764097864062,32.5691170677497,44.12430589013904
2026-01-02 20:00:30,app-pod-1,11.032107300254676,26.92825386620146,41.974240474051854
2026-01-02 20:00:45,app-pod-1,17.316472363578672,23.468570037613773,50.93951758180053
2026-01-02 20:01:00,app-pod-1,16.672334499526066,40.36551853113818,48.148896704681306
2026-01-02 20:01:15,app-pod-1,14.766063706903267,25.622476527222453,52.755448751694956
2026-01-02 20:01:30,app-pod-1,10.21643268290649,27.57091718381612,55.745566174746074
2026-01-02 20:01:45,app-pod-1,9.695682556287318,21.524868858525753,53.3799949422593
2026-01-02 20:02:00,app-pod-1,11.787605401379688,21.56631552352851,51.96662421483732
2026-01-02 20:02:15,app-pod-1,12.960795103925093,28.047857374301906,54.547395260744736
2026-01-02 20:02:30,app-pod-1,7.484127726201267,22.27133309798953,61.24868733104179
2026-01-02 20:02:45,app-pod-1,14.284806714252728,24.155289593444774,49.048962270040505
2026-01-02 20:03:00,app-pod-1,16.674258561516353,31.49481791942552,70.31314627081188
2026-01-02 20:03:15,app-pod-1,14.552459098172069,22.777187753231296,49.375017054582
2026-01-02 20:03:30,app-pod-1,10.806063618044442,28.191613524703715,23.912934427259316
2026-01-02 20:03:45,app-pod-1,10.462217607793082,26.68691823046776,59.62208640307447
2026-01-02 20:04:00,app-pod-1,13.756211018479988,17.227317540429603,50.446762582182934
2026-01-02 20:04:15,app-pod-1,12.407989424974014,26.070043082232587,60.05428724569508
2026-01-02 20:04:30,app-pod-1,14.208291064472295,32.28785379626437,53.141229410556285
2026-01-02 20:04:45,app-pod-1,14.695619002515958,24.96920387697857,77.48203347803924
2026-01-02 20:05:00,app-pod-1,16.17743417322506,33.883164893436586,49.751186672578115
2026-01-02 20:05:15,app-pod-1,9.516720346986878,28.825100292458703,55.525572080515886
2026-01-02 20:05:30,app-pod-1,13.589295856470768,24.423899964768513,67.77026397074475
2026-01-02 20:05:45,app-pod-1,11.845382698595698,28.230356372487066,20.46196807155884
2026-01-02 20:06:00,app-pod-1,12.651291581112062,32.98085952351673,42.85229743884479
2026-01-02 20:06:15,app-pod-1,15.551832564692653,26.50417164298228,77.51975989492924
2026-01-02 20:06:30,app-pod-1,15.889413197362144,30.093536450247058,88.11756715725795
2026-01-02 20:06:45,app-pod-1,17.176816365034895,37.77496704543013,79.43971023973954
2026-01-02 20:07:00,app-pod-1,14.269726251193543,25.700648052039426,51.130533683897674
2026-01-02 20:07:15,app-pod-1,12.674395450907003,31.167868244645494,36.17249010461044
2026-01-02 20:07:30,app-pod-1,12.257320961117273,23.184169131320722,57.529101033939156
2026-01-02 20:07:45,app-pod-1,7.8232221180902926,24.67144596668817,24.902572850738295
2026-01-02 20:08:00,app-pod-1,17.058243211567294,34.17440382096659,62.47955549744797
2026-01-02 20:08:15,app-pod-1,12.084913969158304,16.43680582872728,44.977301589364
2026-01-02 20:08:30,app-pod-1,14.579891692445896,27.53430877911896,71.54592357523435
2026-01-02 20:08:45,app-pod-1,15.110801546071745,32.72422071818211,87.53988234065513
2026-01-02 20:09:00,app-pod-1,9.34949703877011,27.673868473131062,52.801178152732675
2026-01-02 20:09:15,app-pod-1,10.327056112445954,24.61704735552655,41.4514958405878
2026-01-02 20:09:30,app-pod-1,17.74982684785934,26.901968765595687,57.51139575980012
2026-01-02 20:09:45,app-pod-1,13.991765609686762,32.93656033775196,65.98122164323435
2026-01-02 20:10:00,app-pod-1,11.390414090846734,26.36125617598363,70.5432990915774
2026-01-02 20:10:15,app-pod-1,12.764862142692397,31.662139508029703,66.11252336761189
2026-01-02 20:10:30,app-pod-1,16.414366040172784,33.39117190570849,68.77342994894317
2026-01-02 20:10:45,app-pod-1,15.970370957758842,28.942168242588753,56.54628004728173
2026-01-02 20:11:00,app-pod-1,8.780974453993206,31.509490832768495,40.30148222399209
2026-01-02 20:11:15,app-pod-1,18.093883509126904,29.694330406208024,89.69418302012262
2026-01-02 20:11:30,app-pod-1,16.10130830969372,37.22318568754512,67.88986682458611
2026-01-02 20:11:45,app-pod-1,12.757290694367382,35.536566138794825,49.47767113824657
2026-01-02 20:12:00,app-pod-1,9.65142131183135,32.00656829073307,28.29701564679487
2026-01-02 20:12:15,app-pod-1,16.40050671885173,30.57754893636472,104.44342597446513
2026-01-02 20:12:30,app-pod-1,14.679675401857695,43.011168503140325,45.35473087181745
2026-01-02 20:12:45,app-pod-1,8.888929799598497,26.981473155165165,20.805358614482117
2026-01-02 20:13:00,app-pod-1,12.578042656969679,30.00991225411107,52.773632105005134
2026-01-02 20:13:15,app-pod-1,22.66476756276853,35.755030567747426,87.63015559595176
2026-01-02 20:13:30,app-pod-1,13.347745745868403,23.69458963682617,68.74042239021634
2026-01-02 20:13:45,app-pod-1,11.084340303470928,34.234404399353465,60.19404289705528
2026-01-02 20:14:00,app-pod-1,10.296793682736721,24.345738429596015,22.972730685296003
2026-01-02 20:14:15,app-pod-1,18.650631826133182,37.653497408479794,63.26906640437906
2026-01-02 20:14:30,app-pod-1,15.889684492435801,36.920544686297774,50.42756127950828
2026-01-02 20:14:45,app-pod-1,17.58081432961821,35.32317693347918,82.09116749922529
2026-01-02 20:15:00,app-pod-1,14.115163606225561,26.420768144866372,62.88574962227787
2026-01-02 20:15:15,app-pod-1,17.144796013538024,30.295965931915703,63.00680112157899
2026-01-02 20:15:30,app-pod-1,10.84992746556029,14.209568322485595,46.64570134962819
2026-01-02 20:15:45,app-pod-1,13.894831662229468,29.144043881727654,38.68540730274245
2026-01-02 20:16:00,app-pod-1,14.280409093817374,34.00983730417208,45.98334467416076
2026-01-02 20:16:15,app-pod-1,17.578798903569464,31.117633837089006,50.8148886352399
2026-01-02 20:16:30,app-pod-1,14.400216502511327,27.12975009047129,59.783210712548595
2026-01-02 20:16:45,app-pod-1,11.579401131577185,26.61684617155653,48.4430196652475
2026-01-02 20:17:00,app-pod-1,13.660426534217336,35.63912842554723,39.87619364086078
2026-01-02 20:17:15,app-pod-1,8.451253742121802,25.644049175017944,40.12315170533832
2026-01-02 20:17:30,app-pod-1,6.5298951384919315,33.860507478987415,41.97631003823871
2026-01-02 20:17:45,app-pod-1,15.999153079536207,28.34573963125173,48.53936075628316
2026-01-02 20:18:00,app-pod-1,12.393244568640647,29.76143012370477,44.678167279602064
2026-01-02 20:18:15,app-pod-1,12.745591201714712,26.75490421306516,58.68668244497581
2026-01-02 20:18:30,app-pod-1,16.035069605883237,41.59698079290821,64.04475117272729
2026-01-02 20:18:45,app-pod-1,17.74566677533827,33.32049329928359,50.40210340520729
2026-01-02 20:19:00,app-pod-1,15.170525105639474,41.25974825995354,54.0702700526149
2026-01-02 20:19:15,app-pod-1,19.363724906508125,31.45396966004409,70.34520861678075
2026-01-02 20:19:30,app-pod-1,15.100038531661543,38.20792285143839,57.843889666357065
2026-01-02 20:19:45,app-pod-1,14.511095757969901,30.747783891946405,56.12686484329415
2026-01-02 20:20:00,app-pod-1,14.33812558173397,34.21996587994177,80.84260273452884
2026-01-02 20:20:15,app-pod-1,9.772995669181228,20.742542078881606,35.964416426510965
2026-01-02 20:20:30,app-pod-1,16.51002089333445,33.299084371380644,40.26884846932466
2026-01-02 20:20:45,app-pod-1,6.31818920174564,19.077130251268446,26.63972445787582
2026-01-02 20:21:00,app-pod-1,11.9084103249391,29.621369230982516,73.849907568536
2026-01-02 20:21:15,app-pod-1,13.748561018070612,22.032042447458664,52.48750702202751
2026-01-02 20:21:30,app-pod-1,11.323103485361393,27.45575734189584,38.72110933062644
2026-01-02 20:21:45,app-pod-1,12.349762580231747,34.12289399179574,44.822191777707964
2026-01-02 20:22:00,app-pod-1,19.235816331555277,36.20284082705972,85.70543888094471
2026-01-02 20:22:15,app-pod-1,17.04243994815329,25.759957715752883,63.529130577511765
2026-01-02 20:22:30,app-pod-1,11.685583265747482,18.68797637183775,24.008187185101292
2026-01-02 20:22:45,app-pod-1,12.347084136925247,31.127681798151514,39.31168247118816
2026-01-02 20:23:00,app-pod-1,9.937508515044208,34.86224993732301,38.77966793720886
2026-01-02 20:23:15,app-pod-1,15.896257723602716,26.307650222171066,71.61939957054133
2026-01-02 20:23:30,app-pod-1,13.044824318086116,39.618397413542084,43.43887812353543
2026-01-02 20:23:45,app-pod-1,7.907446844014266,25.502746349964983,27.186578518365913
2026-01-02 20:24:00,app-pod-1,14.122010887931221,20.091939953180024,57.161928269313115
2026-01-02 20:24:15,app-pod-1,15.149429872285044,22.80019912703202,48.93637010464448
2026-01-02 20:24:30,app-pod-1,16.734768487888388,35.56408368837893,65.56287278591456
2026-01-02 20:24:45,app-pod-1,13.63815275412847,30.194547132065104,61.56078776614859
2026-01-02 20:25:00,app-pod-1,12.753094426291208,36.33827092737016,33.2149296061484
2026-01-02 20:25:15,app-pod-1,19.84281192486752,27.899344513916333,83.96808126419735
2026-01-02 20:25:30,app-pod-1,13.916705497041479,30.33416783874793,39.312214892535664
2026-01-02 20:25:45,app-pod-1,16.068580830091314,31.281811888005702,48.21996019282119
2026-01-02 20:26:00,app-pod-1,12.304243857526888,27.89789808498261,39.2750356929204
2026-01-02 20:26:15,app-pod-1,16.005578325294593,29.29086868447125,84.5035884122434
2026-01-02 20:26:30,app-pod-1,9.58196809082668,24.89388078588627,12.600182956534173
2026-01-02 20:26:45,app-pod-1,12.575677227979757,29.6762031809877,43.343488591211184
2026-01-02 20:27:00,app-pod-1,10.35010102790064,28.757975858721526,41.0036446628891
2026-01-02 20:27:15,app-pod-1,12.17306673003886,29.78401096154342,66.19992644332268
2026-01-02 20:27:30,app-pod-1,17.75247881869062,38.45667271761903,100.2290461431572
2026-01-02 20:27:45,app-pod-1,12.177192069751628,22.51764188738254,42.37839247525742
2026-01-02 20:28:00,app-pod-1,16.182058175476378,22.269023050309784,72.81862876031339
2026-01-02 20:28:15,app-pod-1,18.59222441273107,38.09938236085107,72.95063219427131
2026-01-02 20:28:30,app-pod-1,13.970854983735908,25.061973284070177,54.36884877137634
2026-01-02 20:28:45,app-pod-1,17.04806527252372,30.036266597690712,72.29130422238174
2026-01-02 20:29:00,app-pod-1,15.673217823723572,27.910754277192616,38.91090593633917
2026-01-02 20:29:15,app-pod-1,14.44248567645239,26.94217836305781,57.05168548534622
2026-01-02 20:29:30,app-pod-1,16.357355515763807,24.158828669910044,72.19079790216853
2026-01-02 20:29:45,app-pod-1,19.639475792869604,30.89999511633515,65.6614200288391
2026-01-02 20:30:00,app-pod-1,12.221126456649635,31.801444081052402,55.745627682928514
2026-01-02 20:30:15,app-pod-1,11.268621045336406,27.868377533685603,19.147660904792968
2026-01-02 20:30:30,app-pod-1,11.105789525181425,30.296588310161567,45.82665599969811
2026-01-02 20:30:45,app-pod-1,17.156145336396442,29.528891748253265,88.75726536933306
2026-01-02 20:31:00,app-pod-1,17.574311394508197,36.81624793006539,67.01839414628522
2026-01-02 20:31:15,app-pod-1,12.588463640072819,26.270115171333295,35.68120250892186
2026-01-02 20:31:30,app-pod-1,7.804918507818945,14.92065645284379,9.842609266450093
2026-01-02 20:31:45,app-pod-1,12.202092437614372,30.124583670961545,54.666235668038745
2026-01-02 20:32:00,app-pod-1,15.883347461286561,34.955267068043995,77.45363599385966
2026-01-02 20:32:15,app-pod-1,14.053056534662934,27.04094451216792,55.37080995804339
2026-01-02 20:32:30,app-pod-1,14.807728952893754,36.36144160406769,52.275552978999656
2026-01-02 20:32:45,app-pod-1,12.710130940071481,24.643630719525888,21.876910948204756
2026-01-02 20:33:00,app-pod-1,17.33592875651437,35.48878419389673,71.20415545233273
2026-01-02 20:33:15,app-pod-1,15.336752664291573,39.45960657578985,51.00800960377907
2026-01-02 20:33:30,app-pod-1,16.080102225834672,31.439726479942017,54.8439052494722
2026-01-02 20:33:45,app-pod-1,14.81146206450704,29.235608015039798,83.49208730855642
2026-01-02 20:34:00,app-pod-1,15.920941353784235,30.61630057027864,36.65963507444491
2026-01-02 20:34:15,app-pod-1,15.737142399711024,39.1574766145567,37.93220466346045
2026-01-02 20:34:30,app-pod-1,11.590812531497491,30.12748164100413,49.83313605945808
2026-01-02 20:34:45,app-pod-1,15.507853375093514,41.57651074865882,56.25174854108192
2026-01-02 20:35:00,app-pod-1,16.776834853981914,33.14004133750744,59.32532936059662
2026-01-02 20:35:15,app-pod-1,17.88139954577419,29.247996382523212,75.61536691726491
2026-01-02 20:35:30,app-pod-1,15.677979944701287,28.05705128522485,66.55055551157693
2026-01-02 20:35:45,app-pod-1,11.547608823647167,28.391362504017753,31.58587561245517
2026-01-02 20:36:00,app-pod-1,12.02312878213857,18.209577067648567,39.217039823539984
2026-01-02 20:36:15,app-pod-1,13.165375412821694,26.84081360537205,53.404868893635104
2026-01-02 20:36:30,app-pod-1,15.052968745062987,28.27308895129525,62.71801036799528
2026-01-02 20:36:45,app-pod-1,14.131644542786598,31.09109995704495,63.77538349331769
2026-01-02 20:37:00,app-pod-1,11.140950921463551,37.507756747031735,35.81634494092974
2026-01-02 20:37:15,app-pod-1,11.136799716235046,28.069842243410427,49.75293690130524
2026-01-02 20:37:30,app-pod-1,8.244225608025197,16.15766248998581,47.2321185385142
2026-01-02 20:37:45,app-pod-1,5.195215670989578,19.067112720307897,21.483751745117676
2026-01-02 20:38:00,app-pod-1,14.172162863380837,31.231953313721156,55.14622463829296
2026-01-02 20:38:15,app-pod-1,21.5420857106282,35.54443379583323,82.63519265809322
2026-01-02 20:38:30,app-pod-1,19.985637756306595,42.11222404097754,70.68174008173726
2026-01-02 20:38:45,app-pod-1,11.674527878529476,32.9725560068275,32.62842304286551
2026-01-02 20:39:00,app-pod-1,15.072873250702617,35.201588644380415,55.819418188714074
2026-01-02 20:39:15,app-pod-1,10.24338436909022,26.0847035976006,47.73552130784186
2026-01-02 20:39:30,app-pod-1,10.714772127843135,32.99594567224459,29.52176777345847
2026-01-02 20:39:45,app-pod-1,11.072679012537614,23.27125967778987,43.15970859123815
2026-01-02 20:40:00,app-pod-1,14.002615084294925,34.64330210547513,53.13891114877822
2026-01-02 20:40:15,app-pod-1,14.14576486968074,28.48994089298968,83.25014664544487
2026-01-02 20:40:30,app-pod-1,15.465300389240582,23.585743242665774,72.70287234388853
2026-01-02 20:40:45,app-pod-1,16.710912619524024,34.663822336741184,77.44211495317897
2026-01-02 20:41:00,app-pod-1,13.72470783416394,36.59501357698669,68.69950367929943
2026-01-02 20:41:15,app-pod-1,14.858061833860118,28.36763392712227,51.246832330035176
2026-01-02 20:41:30,app-pod-1,11.482141866124895,35.851308057504724,66.579948022515
2026-01-02 20:41:45,app-pod-1,10.744229907742133,19.24125636381176,45.36450002761473
2026-01-02 20:42:00,app-pod-1,10.294963649854452,21.222508371016307,40.50987560871346
2026-01-02 20:42:15,app-pod-1,16.753801895188538,30.994031117871288,48.794266091193094
2026-01-02 20:42:30,app-pod-1,13.806530830792015,27.810752151915942,49.201916194634364
2026-01-02 20:42:45,app-pod-1,9.22110753239306,23.119108342379022,10.395346725548315
2026-01-02 20:43:00,app-pod-1,14.659433454268187,30.92999201207885,54.914972770975886
2026-01-02 20:43:15,app-pod-1,11.116486337121927,25.138588146833577,35.82143297635949
2026-01-02 20:43:30,app-pod-1,19.858354821312446,32.10597505590504,73.45814911585684
2026-01-02 20:43:45,app-pod-1,13.15503922632088,30.60065281017647,31.830822616669483
2026-01-02 20:44:00,app-pod-1,16.95032635300189,28.527544034744515,78.35535776730025
2026-01-02 20:44:15,app-pod-1,18.187019442917567,32.20082280344743,81.63606726188652
2026-01-02 20:44:30,app-pod-1,12.06968491202252,25.221084206617817,73.62542583674741
2026-01-02 20:44:45,app-pod-1,15.176969457938569,24.595776536756848,85.6298953817921
2026-01-02 20:45:00,app-pod-1,16.623607554584872,35.45503616157793,68.83751563679998
2026-01-02 20:45:15,app-pod-1,15.324236005256116,39.26593740788935,76.64798552641359
2026-01-02 20:45:30,app-pod-1,16.07531127889278,36.57557787059453,68.2208325301979
2026-01-02 20:45:45,app-pod-1,11.017550191407125,29.370865543291572,37.65990566460947
2026-01-02 20:46:00,app-pod-1,16.682994243363517,28.470453756674626,62.560177295984104
2026-01-02 20:46:15,app-pod-1,13.576858037660369,28.069207005448554,63.89124015893849
2026-01-02 20:46:30,app-pod-1,16.0981871326005,36.553837295156995,125.7115945927215
2026-01-02 20:46:45,app-pod-1,17.824300631349782,21.069576606827773,88.80031004778019
2026-01-02 20:47:00,app-pod-1,17.085278021320825,30.143393492955322,72.03722180265797
2026-01-02 20:47:15,app-pod-1,16.1395478341527,34.968263082628226,71.81506471245432
2026-01-02 20:47:30,app-pod-1,17.034327442707,26.232627298972382,75.26033641075949
2026-01-02 20:47:45,app-pod-1,17.187747332522086,34.14836455399314,67.39665310259956
2026-01-02 20:48:00,app-pod-1,19.623606974603895,35.62147123605118,89.84147822449144
2026-01-02 20:48:15,app-pod-1,15.049558397194293,23.263028726723544,57.866282099462495
2026-01-02 20:48:30,app-pod-1,15.658206149193363,31.39563485515002,47.460149158737714
2026-01-02 20:48:45,app-pod-1,17.97717791982916,29.496798203872814,79.13363801679259
2026-01-02 20:49:00,app-pod-1,13.724474620972831,31.687625614098646,64.12795560453326
2026-01-02 20:49:15,app-pod-1,11.204512605475815,31.192102253289388,42.63097160033362
2026-01-02 20:49:30,app-pod-1,16.704700718923377,33.68798517211212,71.46667315824975
2026-01-02 20:49:45,app-pod-1,14.621651893925462,30.598117946963306,72.89995285529908
2026-01-02 20:50:00,app-pod-1,11.631871028594388,29.586666082128932,45.75033290706597
2026-01-02 20:50:15,app-pod-1,16.77082691385953,25.859253395121648,60.37824679331506
2026-01-02 20:50:30,app-pod-1,19.577365561079873,33.55039697343979,67.66972069087929
2026-01-02 20:50:45,app-pod-1,10.409521778177075,23.304249011113924,37.831305124606956
2026-01-02 20:51:00,app-pod-1,18.380524796935713,38.024061125290245,96.54547775141646
2026-01-02 20:51:15,app-pod-1,7.717165133869793,28.818206373616057,27.893272375308506
2026-01-02 20:51:30,app-pod-1,14.142343118329475,33.30164693342998,61.96112381663694
2026-01-02 20:51:45,app-pod-1,20.879603513662815,43.183180238383876,78.65123844843598
2026-01-02 20:52:00,app-pod-1,14.387953822077977,28.42168035145284,51.39835050090281
2026-01-02 20:52:15,app-pod-1,15.657628750687287,28.215303364426852,49.440982227702406
2026-01-02 20:52:30,app-pod-1,17.69131714836392,30.61590842256753,72.26937752706131
2026-01-02 20:52:45,app-pod-1,10.268220356155982,19.176572210118167,33.31658642108301
2026-01-02 20:53:00,app-pod-1,15.648865004871256,23.33628989917984,81.70042868258238
2026-01-02 20:53:15,app-pod-1,15.640176856192424,34.053638844175254,60.94817376478485
2026-01-02 20:53:30,app-pod-1,21.049474914156114,27.758931785290137,83.52993904371439
2026-01-02 20:53:45,app-pod-1,11.770281153844612,22.86463398264093,44.378401166323435
2026-01-02 20:54:00,app-pod-1,14.347894630403886,29.53492685575792,62.95754068025838
2026-01-02 20:54:15,app-pod-1,12.72247140282825,26.84459196829144,73.25353206939297
2026-01-02 20:54:30,app-pod-1,12.419346804518684,33.121804552143416,34.08074621380477
2026-01-02 20:54:45,app-pod-1,18.919851063928796,33.54620226975763,79.84655036269905
2026-01-02 20:55:00,app-pod-1,15.63267526480733,26.950529289504132,38.998996234161616
2026-01-02 20:55:15,app-pod-1,13.90111423658144,34.588945014322405,73.95258059683825
2026-01-02 20:55:30,app-pod-1,14.029390362514011,33.46453017795372,54.49549623615777
2026-01-02 20:55:45,app-pod-1,13.908376230228326,22.68094617329033,33.20981492399842
2026-01-02 20:56:00,app-pod-1,14.191794461003868,31.19558934600287,37.630580754292104
2026-01-02 20:56:15,app-pod-1,11.835031611538245,24.70913818015103,59.548477302540206
2026-01-02 20:56:30,app-pod-1,14.867359768862674,26.69996287420303,34.49995987754262
2026-01-02 20:56:45,app-pod-1,14.58112615666347,39.55436161622698,62.498834734272
2026-01-02 20:57:00,app-pod-1,13.400571012296867,30.001756650866746,47.17408671371591
2026-01-02 20:57:15,app-pod-1,16.154331847029784,30.220339850351113,61.69595039717573
2026-01-02 20:57:30,app-pod-1,16.424110493673556,31.921633472049592,55.5887517142403
2026-01-02 20:57:45,app-pod-1,14.0497663960995,34.206037791416115,41.90631637729061
2026-01-02 20:58:00,app-pod-1,15.302588564617592,27.203789615465094,53.89880475688298
2026-01-02 20:58:15,app-pod-1,22.226162149661462,32.90406365755801,97.48420112373311
2026-01-02 20:58:30,app-pod-1,22.126907652702975,38.77219264762372,84.11887587529314
2026-01-02 20:58:45,app-pod-1,12.618671152114473,21.251123354028287,56.793175183749
2026-01-02 20:59:00,app-pod-1,13.052949787768615,34.09092405598449,48.57820162110109
2026-01-02 20:59:15,app-pod-1,12.633450322746324,20.817516551804623,59.7024715001117
2026-01-02 20:59:30,app-pod-1,18.998206522698354,32.0699105230118,82.21695981998279
2026-01-02 20:59:45,app-pod-1,14.646858217678929,22.258636386538555,50.476620131675915
2026-01-02 21:00:00,app-pod-1,16.576887107057956,26.322562665268855,52.00238368247138
2026-01-02 21:00:15,app-pod-1,21.864201463867058,41.793275317731705,101.79159537987874
2026-01-02 21:00:30,app-pod-1,15.857356978374336,36.322439254035636,51.22859982427528
2026-01-02 21:00:45,app-pod-1,18.022966214998572,38.37268784938952,79.6036394819564
2026-01-02 21:01:00,app-pod-1,17.4809677587818,24.991736013455235,70.39026392995478
2026-01-02 21:01:15,app-pod-1,14.170555671253654,24.664108178869242,49.73628361881909
2026-01-02 21:01:30,app-pod-1,19.128211872888535,35.08911115517763,82.95485489594923
2026-01-02 21:01:45,app-pod-1,13.417159919078276,32.968599394251534,74.18681175499414
2026-01-02 21:02:00,app-pod-1,20.00145407333551,30.003449425841733,89.38849481085548
2026-01-02 21:02:15,app-pod-1,14.23503086640217,27.06991469376191,58.87946878075136
2026-01-02 21:02:30,app-pod-1,14.579066310324377,24.548608186933887,82.63847496321743
2026-01-02 21:02:45,app-pod-1,12.763108354286361,37.22540230090816,25.938424480036335
2026-01-02 21:03:00,app-pod-1,13.27141257071644,26.915209804233925,36.402562966253214
2026-01-02 21:03:15,app-pod-1,14.779533420360782,30.50213491231637,52.151378927155044
2026-01-02 21:03:30,app-pod-1,8.78143288536989,26.565226030872058,56.41558208008699
2026-01-02 21:03:45,app-pod-1,15.391150276280966,36.30190746076572,75.70716728112092
2026-01-02 21:04:00,app-pod-1,14.582909879095498,25.4457040922048,32.58734719565547
2026-01-02 21:04:15,app-pod-1,18.492567709310002,38.78610156764777,67.4246440966293
2026-01-02 21:04:30,app-pod-1,17.407194964157757,25.79143289680197,49.77138078879452
2026-01-02 21:04:45,app-pod-1,14.03107528565712,35.6503539888486,55.517540928400166
2026-01-02 21:05:00,app-pod-1,14.79408660607689,21.77936269873009,72.7038319898516
2026-01-02 21:05:15,app-pod-1,15.481652530980709,30.314378512345975,76.56141709620678
2026-01-02 21:05:30,app-pod-1,20.659160510186734,42.58859846564518,86.65677482510225
2026-01-02 21:05:45,app-pod-1,13.750177424850836,33.11140473862386,48.62540461794694
2026-01-02 21:06:00,app-pod-1,14.073626491272943,31.957749987097305,54.863510909002876
2026-01-02 21:06:15,app-pod-1,12.862989432801186,23.762016894839967,61.70115774773033
2026-01-02 21:06:30,app-pod-1,11.818473213654434,24.598925028716316,82.48344453274862
2026-01-02 21:06:45,app-pod-1,17.20146863107264,38.763007146906645,51.02938179965494
2026-01-02 21:07:00,app-pod-1,16.90505018669244,34.19523258696961,91.45294050401375
2026-01-02 21:07:15,app-pod-1,20.160524491400377,38.563613378983085,84.30294010011303
2026-01-02 21:07:30,app-pod-1,19.45238098272336,33.98563575031005,90.11332269286436
2026-01-02 21:07:45,app-pod-1,23.535435398075478,35.06614735858541,96.91923092381212
2026-01-02 21:08:00,app-pod-1,16.138414496126742,35.13019829966588,85.61656338913141
2026-01-02 21:08:15,app-pod-1,15.594407881987618,32.21285068967118,67.32285304027654
2026-01-02 21:08:30,app-pod-1,12.491297523963144,27.894108261333983,40.23376388119096
2026-01-02 21:08:45,app-pod-1,18.497707240125166,25.87835978538061,80.74254069509942
2026-01-02 21:09:00,app-pod-1,16.779587813680163,36.515252956173995,84.01997682060698
2026-01-02 21:09:15,app-pod-1,18.393812510276867,35.07580031539072,73.57846186734258
2026-01-02 21:09:30,app-pod-1,13.038685578619413,26.095769659294323,21.04353105523993
2026-01-02 21:09:45,app-pod-1,17.526931560599007,38.16511576305956,68.3837191860915
2026-01-02 21:10:00,app-pod-1,17.103794701548615,33.191718786417155,69.88593339643336
2026-01-02 21:10:15,app-pod-1,16.92139389938926,33.16196992504786,67.01165467959683
2026-01-02 21:10:30,app-pod-1,14.470600045862469,34.548897913327906,50.450233852770054
2026-01-02 21:10:45,app-pod-1,20.104496746356165,37.41668082397581,100.26323994678731
2026-01-02 21:11:00,app-pod-1,22.703586588240675,37.3608830074227,55.2198295291021
2026-01-02 21:11:15,app-pod-1,13.237788824166763,28.32352690919175,54.36081489307831
2026-01-02 21:11:30,app-pod-1,18.74632587550836,43.040748884028496,76.60502935899451
2026-01-02 21:11:45,app-pod-1,7.967632479050552,21.908338631015315,63.29332865050395
2026-01-02 21:12:00,app-pod-1,18.623217721270194,36.766111599859535,74.27633870987403
2026-01-02 21:12:15,app-pod-1,11.023144887075137,27.29690558909096,50.77701310380765
2026-01-02 21:12:30,app-pod-1,15.074943461705265,32.82602856050954,62.174961548452515
2026-01-02 21:12:45,app-pod-1,12.72702417434769,35.07603351389474,52.32452005538302
2026-01-02 21:13:00,app-pod-1,16.03553219513512,29.66698040175062,90.58651328286568
2026-01-02 21:13:15,app-pod-1,19.215032142267095,36.45970421025528,60.185325490829214
2026-01-02 21:13:30,app-pod-1,11.143011450593296,29.12789441796417,34.56397387863309
2026-01-02 21:13:45,app-pod-1,15.652828175872834,27.750472251719398,73.92388521306133
2026-01-02 21:14:00,app-pod-1,15.207492729237082,36.935739904062,64.68257641319258
2026-01-02 21:14:15,app-pod-1,21.50709264775302,38.61090383179656,81.77993946158936
2026-01-02 21:14:30,app-pod-1,18.075592929874887,30.480165393354078,71.2440057903319
2026-01-02 21:14:45,app-pod-1,13.265037606954046,34.803495211058234,66.76901986131526
2026-01-02 21:15:00,app-pod-1,15.399200560907436,26.622342142270043,68.87314760552808
2026-01-02 21:15:15,app-pod-1,21.49780685564523,34.903793484526,75.29678545358489
2026-01-02 21:15:30,app-pod-1,18.98901620503941,31.146192170747007,79.52271001506057
2026-01-02 21:15:45,app-pod-1,14.107661633922902,33.63192308884598,55.68360866832636
2026-01-02 21:16:00,app-pod-1,16.077607805040582,28.855908685862744,71.36675678680714
2026-01-02 21:16:15,app-pod-1,16.189964987062066,35.12539107574867,59.94369132858704
2026-01-02 21:16:30,app-pod-1,15.297835256360374,33.68078539239744,43.066722241623566
2026-01-02 21:16:45,app-pod-1,11.797648748228568,26.382108386694135,57.276160287978755
2026-01-02 21:17:00,app-pod-1,14.911939804575622,39.586945820484445,67.87704688093247
2026-01-02 21:17:15,app-pod-1,21.128938136422615,31.064083446878502,105.74523769146737
2026-01-02 21:17:30,app-pod-1,15.834457540577501,24.03904984812045,43.59439584298377
2026-01-02 21:17:45,app-pod-1,16.684696388472343,35.95978315527408,65.6830524969531
2026-01-02 21:18:00,app-pod-1,17.432615973957038,21.455791477832626,66.27446099651954
2026-01-02 21:18:15,app-pod-1,23.68206042679027,44.03652643040638,88.78500930663927
2026-01-02 21:18:30,app-pod-1,17.07087320212948,32.45838062412247,45.16819436247826
2026-01-02 21:18:45,app-pod-1,20.34271301005335,27.104973733011157,65.37658288999384
2026-01-02 21:19:00,app-pod-1,15.282979890987129,25.955763411304133,65.18973904789065
2026-01-02 21:19:15,app-pod-1,16.315981460080494,23.250743644481275,57.767684243347674
2026-01-02 21:19:30,app-pod-1,17.148511602152908,33.91837288502475,56.19790073142791
2026-01-02 21:19:45,app-pod-1,14.805144135453977,23.729030039856493,80.67651440518826
2026-01-02 21:20:00,app-pod-1,16.533094464460348,34.083611278601985,101.73819434434178
2026-01-02 21:20:15,app-pod-1,19.825120756185754,32.353463772062156,78.45403283646756
2026-01-02 21:20:30,app-pod-1,14.776609685261167,27.966806078622348,36.573768784053385
2026-01-02 21:20:45,app-pod-1,17.194721138619133,34.58303463134136,74.72495074223097
2026-01-02 21:21:00,app-pod-1,19.337420615356116,36.65375107888974,46.069124343324894
2026-01-02 21:21:15,app-pod-1,14.754602946128825,36.05723642251745,38.765888506058644
2026-01-02 21:21:30,app-pod-1,20.531038800141395,31.202835478945882,88.32888908785013
2026-01-02 21:21:45,app-pod-1,17.48025936872444,32.087134244802456,49.16502444415643
2026-01-02 21:22:00,app-pod-1,16.78306790442685,28.571511870441743,62.69176380334109
2026-01-02 21:22:15,app-pod-1,11.270833979436336,28.704521163339408,22.82892317286178
2026-01-02 21:22:30,app-pod-1,16.19129699068667,27.44245946713001,65.60908068077856
2026-01-02 21:22:45,app-pod-1,18.44378358249263,30.790164855242253,90.62374170635879
2026-01-02 21:23:00,app-pod-1,22.581928485157057,33.71234739075463,81.13498362699333
2026-01-02 21:23:15,app-pod-1,19.066463043046642,34.813328850268704,75.97460589569938
2026-01-02 21:23:30,app-pod-1,20.758361465166146,34.54562786178919,70.79575647847162
2026-01-02 21:23:45,app-pod-1,13.769331255111704,32.170039907421796,43.89048502434979
2026-01-02 21:24:00,app-pod-1,17.033124692044375,31.38820437370147,55.66193950034261
2026-01-02 21:24:15,app-pod-1,21.092793685729227,31.86619224596312,96.16012673938293
2026-01-02 21:24:30,app-pod-1,14.784330843812445,31.305446076956073,37.93479410475815
2026-01-02 21:24:45,app-pod-1,20.360191454529886,29.66621430121673,76.46295476252575
2026-01-02 21:25:00,app-pod-1,19.681484150119815,36.62282798398064,84.87318974743582
2026-01-02 21:25:15,app-pod-1,18.32272338624947,31.39858043055042,86.93786929093832
2026-01-02 21:25:30,app-pod-1,16.529481325691698,32.59323397648186,72.7270359370894
2026-01-02 21:25:45,app-pod-1,14.573755352928156,31.30174877177602,57.20551953740772
2026-01-02 21:26:00,app-pod-1,22.875845149557556,44.020819026617986,82.97004622612573
2026-01-02 21:26:15,app-pod-1,19.46237608577055,35.53158176785328,91.72924954548631
2026-01-02 21:26:30,app-pod-1,18.60573296639915,33.39010784182827,61.41456697295095
2026-01-02 21:26:45,app-pod-1,16.36244618162113,27.991858227832516,52.66673362264864
2026-01-02 21:27:00,app-pod-1,17.731735902573273,36.424140906453815,91.21443056365862
2026-01-02 21:27:15,app-pod-1,18.129413144631236,31.339561599179255,77.92157868358645
2026-01-02 21:27:30,app-pod-1,18.852043422786615,25.56902966631838,81.34227062442723
2026-01-02 21:27:45,app-pod-1,19.872606960400415,32.935383760973636,88.46866648903769
2026-01-02 21:28:00,app-pod-1,15.33935591592153,31.69499811298614,59.93459927792077
2026-01-02 21:28:15,app-pod-1,13.304178647183598,25.22039656476509,31.65131850682487
2026-01-02 21:28:30,app-pod-1,17.974025778813164,31.99091651962054,75.66360190515445
2026-01-02 21:28:45,app-pod-1,12.4967595050739,28.39031747030622,49.71352386362887
2026-01-02 21:29:00,app-pod-1,16.78467141433008,31.46973051865196,54.252596877361455
2026-01-02 21:29:15,app-pod-1,16.245342360928365,37.54494900122713,48.645590473314456
2026-01-02 21:29:30,app-pod-1,19.265428428976325,26.92801059435987,76.36365608521979
2026-01-02 21:29:45,app-pod-1,23.755261488540672,46.79769533790629,74.65405057810858
2026-01-02 21:30:00,app-pod-1,11.990999548114894,28.229523082724384,45.81287824204135
2026-01-02 21:30:15,app-pod-1,24.664642035971283,40.1663055949422,94.6979711397343
2026-01-02 21:30:30,app-pod-1,17.16019145969226,32.65131535447386,66.85351982770426
2026-01-02 21:30:45,app-pod-1,18.92018742182182,24.614013336449318,81.72058825042433
2026-01-02 21:31:00,app-pod-1,13.649623766270961,24.271848361460293,63.92781324331559
2026-01-02 21:31:15,app-pod-1,20.902108218586783,32.0100963548218,72.93597795528704
2026-01-02 21:31:30,app-pod-1,18.05329876998372,37.60590822957343,85.26006778306528
2026-01-02 21:31:45,app-pod-1,17.761880943949716,25.51171098201623,67.75696300471272
2026-01-02 21:32:00,app-pod-1,12.151544192250183,24.227393799369715,74.90569755135898
2026-01-02 21:32:15,app-pod-1,18.20252066008022,33.56601866344744,64.02876895596367
2026-01-02 21:32:30,app-pod-1,20.536060172960088,36.739524359986746,57.97429009204439
2026-01-02 21:32:45,app-pod-1,17.307198558668755,34.32864337522563,81.73342525150001
2026-01-02 21:33:00,app-pod-1,21.55610602551929,30.169248649244924,92.60873780878586
2026-01-02 21:33:15,app-pod-1,21.44968126679798,27.024820085801878,103.8236475530156
2026-01-02 21:33:30,app-pod-1,16.145211583698124,33.99694632465385,69.22550345765264
2026-01-02 21:33:45,app-pod-1,22.87135548654351,43.1755685482791,126.58555557315512
2026-01-02 21:34:00,app-pod-1,18.239429157948393,31.041092333685445,70.12439650422924
2026-01-02 21:34:15,app-pod-1,18.27032452789009,27.0657947471029,88.77582609714463
2026-01-02 21:34:30,app-pod-1,18.435591088743458,30.755512149796203,65.86050357268059
2026-01-02 21:34:45,app-pod-1,18.36416743312923,34.82523007011411,80.83331762752695
2026-01-02 21:35:00,app-pod-1,10.283406962752808,26.032669090043797,51.303964456952095
2026-01-02 21:35:15,app-pod-1,17.6348887627068,39.380390341468825,83.02799689445175
2026-01-02 21:35:30,app-pod-1,14.117183518017832,34.506882059633924,68.11363272171863
2026-01-02 21:35:45,app-pod-1,23.105659045602703,37.09565166294315,43.87161125046265
2026-01-02 21:36:00,app-pod-1,23.002543929314132,26.330166252373083,90.9800168810275
2026-01-02 21:36:15,app-pod-1,20.817766954962867,31.111118724268405,74.64445322169001
2026-01-02 21:36:30,app-pod-1,17.56422061626543,29.55484279965747,64.58860395796454
2026-01-02 21:36:45,app-pod-1,15.273263035370594,26.958204216519448,56.84190551992938
2026-01-02 21:37:00,app-pod-1,16.3422636834245,32.39369093772177,80.03116473312016
2026-01-02 21:37:15,app-pod-1,24.160645152709037,37.969662012072476,99.68126880535675
2026-01-02 21:37:30,app-pod-1,16.273853903084053,23.021323391382744,57.48256667348524
2026-01-02 21:37:45,app-pod-1,11.301400490639043,31.933970653753086,23.18163025743134
2026-01-02 21:38:00,app-pod-1,21.4764374112374,35.11412471949784,108.90161454798913
2026-01-02 21:38:15,app-pod-1,22.905218378323394,37.821859932369435,81.91110354650404
2026-01-02 21:38:30,app-pod-1,23.399138049219843,40.10352830879651,91.63595550074102
2026-01-02 21:38:45,app-pod-1,21.55433072812191,31.253182912984506,118.30035618307755
2026-01-02 21:39:00,app-pod-1,22.061655230959634,41.73768710825084,78.94500725854473
2026-01-02 21:39:15,app-pod-1,18.63372164033337,32.334637362797494,70.39969814620477
2026-01-02 21:39:30,app-pod-1,12.263869480443157,36.14744476914488,52.538167179158116
2026-01-02 21:39:45,app-pod-1,18.59425010076719,28.54631289413116,50.28780287776212
2026-01-02 21:40:00,app-pod-1,20.393189590237306,41.466465747820564,55.74577485234441
2026-01-02 21:40:15,app-pod-1,18.140539050098266,28.178457213230995,65.3379581713183
2026-01-02 21:40:30,app-pod-1,18.02173243922892,45.3591191404882,65.38188306945611
2026-01-02 21:40:45,app-pod-1,15.689791861586944,26.22368548619037,64.77256067595958
2026-01-02 21:41:00,app-pod-1,15.594848518257844,36.19932756505746,47.70947908846659
2026-01-02 21:41:15,app-pod-1,24.13244262672023,35.08073872024165,103.03947699338585
2026-01-02 21:41:30,app-pod-1,24.258982069988768,40.55639936732488,64.68517453929613
2026-01-02 21:41:45,app-pod-1,18.645960966760473,32.84954734110399,73.52947286722184
2026-01-02 21:42:00,app-pod-1,19.51644607678212,28.205360376933918,83.46842891478074
2026-01-02 21:42:15,app-pod-1,15.747287470864753,17.03895044304322,67.91581349128644
2026-01-02 21:42:30,app-pod-1,20.635586030332323,46.98282670219709,80.10069677560838
2026-01-02 21:42:45,app-pod-1,24.004822270542267,37.168496717454644,86.1142102161807
2026-01-02 21:43:00,app-pod-1,14.156209106264553,15.191695984719903,53.746780362408
2026-01-02 21:43:15,app-pod-1,20.15359142936787,35.62055703288205,99.12375429753143
2026-01-02 21:43:30,app-pod-1,20.397061714654907,37.725876482907566,72.59623532312833
2026-01-02 21:43:45,app-pod-1,20.380881338661645,30.69121301949316,96.1951864198281
2026-01-02 21:44:00,app-pod-1,23.744594934130486,33.07944376437331,112.03704972499811
2026-01-02 21:44:15,app-pod-1,24.942290011493007,37.360393772845185,73.73078265210191
2026-01-02 21:44:30,app-pod-1,18.151891072029784,38.719294904231724,70.68529937758875
2026-01-02 21:44:45,app-pod-1,20.889983117513374,35.122788781374496,68.89380662209837
2026-01-02 21:45:00,app-pod-1,19.141296456786097,40.715034041462694,54.037678014389215
2026-01-02 21:45:15,app-pod-1,17.01039592094268,37.563373007311085,79.92204625368801
2026-01-02 21:45:30,app-pod-1,19.737343930556108,32.67221688007173,86.04921950622527
2026-01-02 21:45:45,app-pod-1,20.95757288395419,26.817682222802077,87.78218263298314
2026-01-02 21:46:00,app-pod-1,19.61204635000977,32.59507825102507,62.16573157325997
2026-01-02 21:46:15,app-pod-1,16.335915795731175,34.067553058986924,68.50062712753694
2026-01-02 21:46:30,app-pod-1,17.60698974852311,32.624360205863525,50.771011175086166
2026-01-02 21:46:45,app-pod-1,17.648174743265727,35.52584647874248,71.75162810566545
2026-01-02 21:47:00,app-pod-1,16.506803544809596,35.87186236211532,56.10395159304547
2026-01-02 21:47:15,app-pod-1,19.993005608641063,36.64939669312817,95.73388471705124
2026-01-02 21:47:30,app-pod-1,20.324987633618328,32.8508485732712,75.85277567204345
2026-01-02 21:47:45,app-pod-1,22.02748163327538,38.01865451825282,91.57855893929428
2026-01-02 21:48:00,app-pod-1,16.534352255217563,42.75146773629699,69.63792938020691
2026-01-02 21:48:15,app-pod-1,17.393086671545706,24.725762866726935,68.43535250537629
2026-01-02 21:48:30,app-pod-1,23.807547456225894,39.101720553815426,96.81017117005844
2026-01-02 21:48:45,app-pod-1,18.66868079628621,42.22809298267901,79.23142678566262
2026-01-02 21:49:00,app-pod-1,19.270903660395028,27.61668258185432,63.63770422633394
2026-01-02 21:49:15,app-pod-1,18.67355446682513,38.07698858600717,80.73830798172096
2026-01-02 21:49:30,app-pod-1,22.61632599794491,41.50501442139457,103.42326643899739
2026-01-02 21:49:45,app-pod-1,22.751040325232726,28.541497453118588,96.96438195246856
2026-01-02 21:50:00,app-pod-1,22.593632134830028,39.377351066471974,85.06192737328037
2026-01-02 21:50:15,app-pod-1,19.352117003893632,32.18990239691989,80.0244929729953
2026-01-02 21:50:30,app-pod-1,16.673525338991112,31.369238754744515,61.237683771354874
2026-01-02 21:50:45,app-pod-1,25.08490434933556,35.9346594184364,98.55851854077713
2026-01-02 21:51:00,app-pod-1,21.89663661255429,41.89109108596116,69.7712365548119
2026-01-02 21:51:15,app-pod-1,17.97619000222345,32.02272789955928,92.60575026687602
2026-01-02 21:51:30,app-pod-1,23.636093429067067,34.22869772709379,123.57668678079598
2026-01-02 21:51:45,app-pod-1,17.776292739432506,30.211527350891707,60.546208946921986
2026-01-02 21:52:00,app-pod-1,23.63372492490185,34.83865766798584,106.32746380907916
2026-01-02 21:52:15,app-pod-1,23.854976324757892,31.30080582767784,117.28792811480173
2026-01-02 21:52:30,app-pod-1,16.674194671949486,29.311265982517256,52.33237265167557
2026-01-02 21:52:45,app-pod-1,21.202450893525782,35.43006374898514,52.433312588760295
2026-01-02 21:53:00,app-pod-1,21.822293638846585,37.297512647105165,110.04116459598895
2026-01-02 21:53:15,app-pod-1,27.33900719118318,45.15750032304226,109.20115940144738
2026-01-02 21:53:30,app-pod-1,17.285946805863503,33.30505726181323,61.35142683873756
2026-01-02 21:53:45,app-pod-1,23.829063034869606,34.30799547642438,96.0263431914582
2026-01-02 21:54:00,app-pod-1,19.602066759781685,28.66624676277239,72.87207942122234
2026-01-02 21:54:15,app-pod-1,15.844544091275061,32.563615267925556,107.7700421364965
2026-01-02 21:54:30,app-pod-1,19.227295481250763,32.872252933086344,68.94856894231323
2026-01-02 21:54:45,app-pod-1,19.613284013034146,33.307712589053025,83.36301723676355
2026-01-02 21:55:00,app-pod-1,16.447864257443715,32.82615256595109,85.17514527709702
2026-01-02 21:55:15,app-pod-1,20.57971314628586,37.00274460862375,101.63026053020802
2026-01-02 21:55:30,app-pod-1,22.535289832855177,37.123379003680974,106.58097706510064
2026-01-02 21:55:45,app-pod-1,20.395146106644724,33.424011758427795,75.19544804559136
2026-01-02 21:56:00,app-pod-1,18.073706233659244,28.64468534334431,70.01334529806907
2026-01-02 21:56:15,app-pod-1,19.272528910914662,30.426846393260085,44.473145940161565
2026-01-02 21:56:30,app-pod-1,19.723033894829037,38.04742285200747,77.77470403377775
2026-01-02 21:56:45,app-pod-1,20.407359909189772,32.16722074444924,82.12154030073768
2026-01-02 21:57:00,app-pod-1,23.10363056517902,29.442327433438006,103.540370314903
2026-01-02 21:57:15,app-pod-1,20.60871295820184,40.22397247830245,109.36716227745973
2026-01-02 21:57:30,app-pod-1,15.603571377294042,26.21060750295173,73.08393016917123
2026-01-02 21:57:45,app-pod-1,18.143477735579907,32.876669933941045,88.63358825855349
2026-01-02 21:58:00,app-pod-1,20.347295893475806,36.69892255148032,81.12719298246404
2026-01-02 21:58:15,app-pod-1,23.24041006340469,36.28437892207217,112.22610370797535
2026-01-02 21:58:30,app-pod-1,23.78039185704995,24.25558482137729,95.28855236038903
2026-01-02 21:58:45,app-pod-1,25.229736514852913,39.61325554343067,118.02803904346581
2026-01-02 21:59:00,app-pod-1,20.31636365182738,40.853770806906226,93.33294875263724
2026-01-02 21:59:15,app-pod-1,22.233299943526664,39.49597110046795,94.82408582904995
2026-01-02 21:59:30,app-pod-1,15.598851738238503,20.299226306789613,39.28447165091842
2026-01-02 21:59:45,app-pod-1,21.270756929412382,45.52575146560217,101.48323272165216
2026-01-02 22:00:00,app-pod-1,16.774207695617413,25.112687627260645,72.76886526516877
2026-01-02 22:00:15,app-pod-1,19.83128210192457,28.489800173124472,89.86375358584505
2026-01-02 22:00:30,app-pod-1,29.12732642162192,44.298516462821794,121.21242554995912
2026-01-02 22:00:45,app-pod-1,20.96739738351821,36.94138542292433,91.15854330996086
2026-01-02 22:01:00,app-pod-1,17.484230268954832,32.640636714467426,89.44673086499023
2026-01-02 22:01:15,app-pod-1,21.31798400499471,32.07555759251409,78.16308292692327
2026-01-02 22:01:30,app-pod-1,18.562350274509033,39.6479288333054,81.26397959374766
2026-01-02 22:01:45,app-pod-1,17.25031410593214,31.8785906232443,57.339731140681266
2026-01-02 22:02:00,app-pod-1,26.460947398102157,30.693578130548744,114.49399161101742
2026-01-02 22:02:15,app-pod-1,23.37095894806769,42.5211710135397,97.25314275313387
2026-01-02 22:02:30,app-pod-1,21.226138511801075,35.95472192309663,75.440022997506
2026-01-02 22:02:45,app-pod-1,19.033076207212034,38.89818688148827,77.53726391285261
2026-01-02 22:03:00,app-pod-1,19.295206721144275,36.369387822080114,68.65018711854938
2026-01-02 22:03:15,app-pod-1,24.874061491022,49.36995677474384,93.8262320163614
2026-01-02 22:03:30,app-pod-1,21.185400829577553,33.279929221743146,90.0637072959427
2026-01-02 22:03:45,app-pod-1,11.036316696826741,27.805887894384814,48.171249681634876
2026-01-02 22:04:00,app-pod-1,27.566623142049753,42.895789419233786,81.45931853928872
2026-01-02 22:04:15,app-pod-1,20.872081673002768,33.091495742068396,89.04565849844504
2026-01-02 22:04:30,app-pod-1,21.372100141203692,38.97365864299404,80.93840431523
2026-01-02 22:04:45,app-pod-1,23.62118757839216,21.797765974936137,88.27013119772938
2026-01-02 22:05:00,app-pod-1,21.776433103547003,34.87958689335452,70.19840876985181
2026-01-02 22:05:15,app-pod-1,22.64008340497017,35.333096040146835,89.87946409747983
2026-01-02 22:05:30,app-pod-1,19.147331503849095,32.707055985253675,68.7440619258329
2026-01-02 22:05:45,app-pod-1,16.748271689305284,27.339155439971467,86.09592867179379
2026-01-02 22:06:00,app-pod-1,21.297523139227426,39.43888039019069,58.94862453218335
2026-01-02 22:06:15,app-pod-1,24.770847240770593,34.81736894967973,84.6245351122048
2026-01-02 22:06:30,app-pod-1,18.551785430651396,33.987621801815905,58.73266216331881
2026-01-02 22:06:45,app-pod-1,18.330322253076098,32.645407378581496,77.20115513940239
2026-01-02 22:07:00,app-pod-1,24.196664437442926,39.43948614547904,114.38357721694312
2026-01-02 22:07:15,app-pod-1,19.181094723819548,40.58157030119312,84.27120569291588
2026-01-02 22:07:30,app-pod-1,19.34038552197683,34.513789141450616,60.941835298059786
2026-01-02 22:07:45,app-pod-1,19.4718785872882,37.8373001430092,71.44904879927708
2026-01-02 22:08:00,app-pod-1,20.415625801310743,35.01528892011545,69.52485239408205
2026-01-02 22:08:15,app-pod-1,15.908922967325253,28.606205107495228,71.25166172781219
2026-01-02 22:08:30,app-pod-1,19.031096577821753,32.61397992167552,69.38083270807668
2026-01-02 22:08:45,app-pod-1,21.359511760006015,33.53394632489015,64.246076811351
2026-01-02 22:09:00,app-pod-1,21.357423402022235,37.79100704101324,94.20029139900227
2026-01-02 22:09:15,app-pod-1,24.18100172295054,37.45996141741129,115.67288489531907
2026-01-02 22:09:30,app-pod-1,26.244523261332535,34.39984337012277,102.29800632982473
2026-01-02 22:09:45,app-pod-1,25.283131999106192,36.588381078808325,102.93853367152047
2026-01-02 22:10:00,app-pod-1,23.50898488752111,28.82670592588434,71.44142141643735
2026-01-02 22:10:15,app-pod-1,20.338181027985385,33.31371077633768,50.46415935439872
2026-01-02 22:10:30,app-pod-1,18.934545621172152,33.26071127434175,48.001927486121474
2026-01-02 22:10:45,app-pod-1,20.876767102045715,43.65597797336169,82.83624141626694
2026-01-02 22:11:00,app-pod-1,22.599258006979557,42.56174090910807,85.77790208415593
2026-01-02 22:11:15,app-pod-1,23.327735882128557,31.15904212925807,101.50443264521076
2026-01-02 22:11:30,app-pod-1,22.75059135117501,36.93426104248141,88.03756779273522
2026-01-02 22:11:45,app-pod-1,20.537230250142155,35.47261274570991,96.96534855166534
2026-01-02 22:12:00,app-pod-1,23.280776724735823,35.144356943491125,106.20710586947185
2026-01-02 22:12:15,app-pod-1,24.722251665570255,36.47213354149309,94.05210778926086
2026-01-02 22:12:30,app-pod-1,23.599570228668213,34.749950443606764,79.34669780531351
2026-01-02 22:12:45,app-pod-1,20.88251559500675,43.98130335092125,54.787642123916775
2026-01-02 22:13:00,app-pod-1,18.496485101733263,30.866618304043563,95.48947620432716
2026-01-02 22:13:15,app-pod-1,18.444816021389162,34.61605693296875,59.64137401197811
2026-01-02 22:13:30,app-pod-1,18.993363257438997,20.65020361156146,53.52694402309395
2026-01-02 22:13:45,app-pod-1,21.827750208061534,39.39726706264236,89.25886187854005
2026-01-02 22:14:00,app-pod-1,22.63545499847072,41.76609253519169,68.22869995881754
2026-01-02 22:14:15,app-pod-1,16.851976528458547,26.536233424417873,69.34067547215639
2026-01-02 22:14:30,app-pod-1,19.603128497167898,31.16275619757543,73.36785135058742
2026-01-02 22:14:45,app-pod-1,21.864521130372434,37.5626823918926,101.31326865897313
2026-01-02 22:15:00,app-pod-1,18.455186465327177,33.01593399779126,86.3711908415798
2026-01-02 22:15:15,app-pod-1,22.475510641652047,38.06470540175255,106.45188161977612
2026-01-02 22:15:30,app-pod-1,20.271095798977367,32.75356173641031,84.17830911353327
2026-01-02 22:15:45,app-pod-1,19.042712825072343,42.64622591280825,63.29575145428649
2026-01-02 22:16:00,app-pod-1,21.39219336156513,31.62583469240054,70.01548587692335
2026-01-02 22:16:15,app-pod-1,22.42903190955297,49.15819590192816,81.75567903994242
2026-01-02 22:16:30,app-pod-1,18.72622844372337,39.31797949735204,104.81903651382008
2026-01-02 22:16:45,app-pod-1,20.563612698577494,38.55510532592586,78.51662982441519
2026-01-02 22:17:00,app-pod-1,22.71412998383298,30.697502816896584,93.2717523813333
2026-01-02 22:17:15,app-pod-1,19.044479654883048,37.879547676893,98.95685472528382
2026-01-02 22:17:30,app-pod-1,16.377145352124977,34.483693899890554,69.32777834172818
2026-01-02 22:17:45,app-pod-1,16.760370297131878,21.134207194627685,55.8117110903255
2026-01-02 22:18:00,app-pod-1,20.135625471663168,27.071936294058098,91.4948670090329
2026-01-02 22:18:15,app-pod-1,17.45421970995526,34.00609342904617,63.389741711028826
2026-01-02 22:18:30,app-pod-1,20.386015550345135,33.603712276912546,85.88094105549897
2026-01-02 22:18:45,app-pod-1,26.443726684912416,35.92821763168453,113.45725951580029
2026-01-02 22:19:00,app-pod-1,17.332830038904778,37.527726999510655,61.916742172897855
2026-01-02 22:19:15,app-pod-1,20.6405478696967,30.029487066691065,85.35776497043616
2026-01-02 22:19:30,app-pod-1,27.905023437199883,37.257311690959625,135.62078677673185
2026-01-02 22:19:45,app-pod-1,22.752257478168108,32.69143129463289,81.61100890668223
2026-01-02 22:20:00,app-pod-1,20.44446490275921,36.861971721330086,101.5312483558769
2026-01-02 22:20:15,app-pod-1,21.096764455141397,26.17044411949393,75.52960584867652
2026-01-02 22:20:30,app-pod-1,22.875287511426524,33.52434199874654,118.53218216971388
2026-01-02 22:20:45,app-pod-1,26.694313416165606,30.07219328800249,93.94496443001472
2026-01-02 22:21:00,app-pod-1,20.03424442681972,32.45959372256433,74.22914216801519
2026-01-02 22:21:15,app-pod-1,19.37379198891695,37.17689944102946,100.11900457867495
2026-01-02 22:21:30,app-pod-1,17.53002416735247,35.97549939338228,93.40358793240729
2026-01-02 22:21:45,app-pod-1,21.99557590752198,31.758911471428036,100.25870353161613
2026-01-02 22:22:00,app-pod-1,17.48907303742147,34.90896089077468,53.72854962183888
2026-01-02 22:22:15,app-pod-1,20.334644478259076,33.30843402355666,82.57471648260707
2026-01-02 22:22:30,app-pod-1,19.01980908058104,40.11929122179877,76.09796611067887
2026-01-02 22:22:45,app-pod-1,24.988106807500312,36.84186045788047,87.11523083997206
2026-01-02 22:23:00,app-pod-1,20.260433785630006,19.317066838524894,91.49429262430368
2026-01-02 22:23:15,app-pod-1,22.996310377062915,40.5708223074989,80.33484505230298
2026-01-02 22:23:30,app-pod-1,17.013149584004218,29.613708712607508,48.69375752389791
2026-01-02 22:23:45,app-pod-1,22.239862375473813,34.1969039020845,64.64643627757921
2026-01-02 22:24:00,app-pod-1,18.25578622090173,34.45866771583371,98.70757415402333
2026-01-02 22:24:15,app-pod-1,20.60825694467676,27.30224029590005,74.77577867071984
2026-01-02 22:24:30,app-pod-1,28.53875512910978,40.35039646477009,106.8124421936292
2026-01-02 22:24:45,app-pod-1,24.721625132098065,39.97762256689623,83.42645404645357
2026-01-02 22:25:00,app-pod-1,21.559828454331324,36.91220086534727,106.75818476334182
2026-01-02 22:25:15,app-pod-1,31.561865719284427,39.098649748331994,105.54370935210886
2026-01-02 22:25:30,app-pod-1,19.239499266817226,38.427309304378284,58.89599030491151
2026-01-02 22:25:45,app-pod-1,25.5006653692799,32.862986012266205,97.1752399656755
2026-01-02 22:26:00,app-pod-1,17.426995250953738,29.071288513775947,69.38447877148873
2026-01-02 22:26:15,app-pod-1,21.313262236515943,34.239276387925436,95.13257770272466
2026-01-02 22:26:30,app-pod-1,18.02168261259387,34.09251962517495,61.9528023962625
2026-01-02 22:26:45,app-pod-1,22.856910403971433,34.377120691000044,114.59264877174306
2026-01-02 22:27:00,app-pod-1,22.27303363305094,41.73405803814362,79.06031850430462
2026-01-02 22:27:15,app-pod-1,21.20217808258621,36.317955725816105,69.67999815539031
2026-01-02 22:27:30,app-pod-1,25.421402533687427,38.17327159208054,85.12898120032344
2026-01-02 22:27:45,app-pod-1,20.4640028639525,35.62548280038261,70.2476427420081
2026-01-02 22:28:00,app-pod-1,23.165932673636522,39.880682526354065,75.13559394916807
2026-01-02 22:28:15,app-pod-1,24.667129196992803,38.470864903600045,109.93208832795712
2026-01-02 22:28:30,app-pod-1,17.77589697026354,23.395543713439068,56.090961843170035
2026-01-02 22:28:45,app-pod-1,20.00042304359844,39.447840450663264,78.0092588265374
2026-01-02 22:29:00,app-pod-1,22.427363669211058,36.297530608828225,74.26621454238666
2026-01-02 22:29:15,app-pod-1,24.176364927228306,40.34771948516854,79.08854356847463
2026-01-02 22:29:30,app-pod-1,26.569751047479887,36.56910810307012,122.87705188126168
2026-01-02 22:29:45,app-pod-1,21.67854058943897,26.041395682172734,110.75579604490872
2026-01-02 22:30:00,app-pod-1,21.396918224748536,23.58329465795229,104.62269102803822
2026-01-02 22:30:15,app-pod-1,19.74870373632239,29.102253668636823,56.9247772852845
2026-01-02 22:30:30,app-pod-1,23.376613660960228,38.95010074695991,73.51764548603194
2026-01-02 22:30:45,app-pod-1,21.51548728000106,41.550295870822126,115.73763525879166
2026-01-02 22:31:00,app-pod-1,21.60493086447418,36.63330773151151,82.60473265727123
2026-01-02 22:31:15,app-pod-1,22.16555879831004,30.254754111946205,68.04030603315444
2026-01-02 22:31:30,app-pod-1,24.122314152406766,32.9649991884665,112.72281168980211
2026-01-02 22:31:45,app-pod-1,20.796452919851237,41.36143253715175,84.19658731223882
2026-01-02 22:32:00,app-pod-1,20.19139386495505,27.580071352760783,89.30803129480609
2026-01-02 22:32:15,app-pod-1,23.82327315735199,47.18515561771821,61.72473756829063
2026-01-02 22:32:30,app-pod-1,13.471167251470165,38.81000470515226,48.990545952823545
2026-01-02 22:32:45,app-pod-1,20.75755766111606,45.20390071213067,97.26228185439871
2026-01-02 22:33:00,app-pod-1,19.1349227515812,35.29795336352906,66.9342595334077
2026-01-02 22:33:15,app-pod-1,26.218893805168214,36.64560157562528,123.4005807266616
2026-01-02 22:33:30,app-pod-1,21.3065975292992,36.696349601267116,65.47506396224804
2026-01-02 22:33:45,app-pod-1,20.96753292230423,39.220197800872675,82.18142769148079
2026-01-02 22:34:00,app-pod-1,22.524108009754197,32.512996077876345,114.77025428386995
2026-01-02 22:34:15,app-pod-1,20.904161099609198,29.12689658059563,66.35375921372236
2026-01-02 22:34:30,app-pod-1,21.502645527956403,33.63216939941616,90.08273963839714
2026-01-02 22:34:45,app-pod-1,23.022241524853612,32.25403017973569,100.86546256712128
2026-01-02 22:35:00,app-pod-1,21.48511793080714,41.2440149448168,87.31152940877234
2026-01-02 22:35:15,app-pod-1,21.483924443636766,31.95659954189916,82.18497755119618
2026-01-02 22:35:30,app-pod-1,19.761449946631096,34.31122229562848,65.9010240783096
2026-01-02 22:35:45,app-pod-1,19.350926490490547,38.460851146382595,80.35189977616183
2026-01-02 22:36:00,app-pod-1,23.01455170186482,42.50939774303457,90.51835441729683
2026-01-02 22:36:15,app-pod-1,23.772814364017453,37.68376646408582,73.54683399630704
2026-01-02 22:36:30,app-pod-1,18.588923233157665,34.93372744627662,90.8534047301402
2026-01-02 22:36:45,app-pod-1,25.173606220534214,32.53657121685657,87.04366512285152
2026-01-02 22:37:00,app-pod-1,25.20632215951992,42.759708746283465,79.67055485548893
2026-01-02 22:37:15,app-pod-1,25.85865235203643,44.41867285791183,94.49938156785875
2026-01-02 22:37:30,app-pod-1,23.85466629579709,27.346501044962363,82.02787264731664
2026-01-02 22:37:45,app-pod-1,24.88666782974597,46.23539658350029,95.67305735466135
2026-01-02 22:38:00,app-pod-1,29.550929908545626,37.18235360163036,99.56695261892688
2026-01-02 22:38:15,app-pod-1,22.11172675242744,38.451363167375575,95.1664780737607
2026-01-02 22:38:30,app-pod-1,19.89966454263558,34.31757380392435,100.31441978792428
2026-01-02 22:38:45,app-pod-1,18.455015171550322,32.616631389532344,75.40803456097721
2026-01-02 22:39:00,app-pod-1,28.344680649147108,38.808686563018654,91.71443889761869
2026-01-02 22:39:15,app-pod-1,28.40449290875608,34.920328376011476,99.91967650356264
2026-01-02 22:39:30,app-pod-1,20.344812393681767,36.86050872881712,84.69845100728429
2026-01-02 22:39:45,app-pod-1,20.95713785651753,33.23977315578385,54.32424627156975
2026-01-02 22:40:00,app-pod-1,22.187624020893075,28.984225208003195,70.25876415829
2026-01-02 22:40:15,app-pod-1,26.852872728333253,33.6219874675881,82.69893347656658
2026-01-02 22:40:30,app-pod-1,19.338708609939186,27.074864708500513,79.08627333441582
2026-01-02 22:40:45,app-pod-1,17.32127781486568,29.501941718895885,101.71780043351036
2026-01-02 22:41:00,app-pod-1,29.74420906961992,43.24644289089574,100.06201860535793
2026-01-02 22:41:15,app-pod-1,24.199322792915805,33.383935702046664,109.04223678953758
2026-01-02 22:41:30,app-pod-1,24.64598815951685,42.129399495344906,90.12580711970008
2026-01-02 22:41:45,app-pod-1,22.687983528703025,35.2855160730053,70.94934156908485
2026-01-02 22:42:00,app-pod-1,24.72121758647864,35.8578277013282,122.34680287000256
2026-01-02 22:42:15,app-pod-1,18.801814380336776,33.245097217716086,107.60492278460305
2026-01-02 22:42:30,app-pod-1,20.842247464352226,41.56534788382817,89.54692769180163
2026-01-02 22:42:45,app-pod-1,23.701067848127064,29.734054033977408,100.24193096980532
2026-01-02 22:43:00,app-pod-1,16.59351441604353,39.89729494832619,67.30811659166964
2026-01-02 22:43:15,app-pod-1,22.519234999541553,40.56426504430226,87.85324355020656
2026-01-02 22:43:30,app-pod-1,22.35490329776288,35.54014983324702,94.52079409548212
2026-01-02 22:43:45,app-pod-1,22.55994207771648,41.7070878782521,100.38154457659114
2026-01-02 22:44:00,app-pod-1,21.835391487393935,33.67240978080419,112.2916754543186
2026-01-02 22:44:15,app-pod-1,20.52159301846965,35.793506989563625,74.24537269612264
2026-01-02 22:44:30,app-pod-1,18.063812853913525,29.937596460030804,74.16604968236277
2026-01-02 22:44:45,app-pod-1,23.984796853699223,41.62173361701592,94.61240507633633
2026-01-02 22:45:00,app-pod-1,22.670838733547996,32.33330908730526,106.04428500737502
2026-01-02 22:45:15,app-pod-1,19.466028685661968,33.36938113495467,113.86532611786214
2026-01-02 22:45:30,app-pod-1,23.80014382040532,40.0557947659097,111.07904203599558
2026-01-02 22:45:45,app-pod-1,22.748370853730886,41.16480780505253,102.96714207330689
2026-01-02 22:46:00,app-pod-1,22.27083501691178,31.483809302993834,102.70145616968604
2026-01-02 22:46:15,app-pod-1,17.203915195715282,35.80843181260253,87.82700120724073
2026-01-02 22:46:30,app-pod-1,25.74360290396829,33.110596627146904,139.19112080204377
2026-01-02 22:46:45,app-pod-1,20.016855259659888,23.260144553717275,54.78664231239178
2026-01-02 22:47:00,app-pod-1,23.92653463484871,33.00825600824016,104.70006264004265
2026-01-02 22:47:15,app-pod-1,21.33264148311003,39.1061489185586,46.61242126103194
2026-01-02 22:47:30,app-pod-1,22.61199763193424,35.76731394746473,104.71829307298383
2026-01-02 22:47:45,app-pod-1,27.255792434417586,36.40406484531134,117.28873905294977
2026-01-02 22:48:00,app-pod-1,25.414514714911164,38.06755191789286,93.45565429683322
2026-01-02 22:48:15,app-pod-1,27.23053245876125,39.17337108621665,68.8716699873788
2026-01-02 22:48:30,app-pod-1,24.85232894051428,40.506123002681626,99.19339419855176
2026-01-02 22:48:45,app-pod-1,25.070370351091274,29.490709623635652,103.62411519582061
2026-01-02 22:49:00,app-pod-1,18.559297018761256,32.47974312896029,73.29057043677153
2026-01-02 22:49:15,app-pod-1,22.970920714442737,36.701030857817535,82.56226324700954
2026-01-02 22:49:30,app-pod-1,23.269557807602656,29.461839646050574,79.6264035812945
2026-01-02 22:49:45,app-pod-1,27.636075177076997,32.44984051778072,109.76751951206343
2026-01-02 22:50:00,app-pod-1,22.46719602619377,33.90349512342369,77.84063561732484
2026-01-02 22:50:15,app-pod-1,24.80127298724322,37.40351250742088,111.34459658696022
2026-01-02 22:50:30,app-pod-1,24.704784070993696,37.35357897497323,97.6385952248814
2026-01-02 22:50:45,app-pod-1,27.521362210979373,36.48321114096933,84.21545990253206
2026-01-02 22:51:00,app-pod-1,23.667936253570137,33.58088241266347,97.32223701411326
2026-01-02 22:51:15,app-pod-1,26.573368174085058,36.62547611446319,112.50634465375069
2026-01-02 22:51:30,app-pod-1,18.996257785479386,34.78998925657929,100.25484926002456
2026-01-02 22:51:45,app-pod-1,19.289647756511044,39.72585846352432,91.08067699341856
2026-01-02 22:52:00,app-pod-1,17.30253287167166,21.00978857794956,55.729768152440265
2026-01-02 22:52:15,app-pod-1,26.53138763907779,41.68698195386358,127.51294747600696
2026-01-02 22:52:30,app-pod-1,26.21530726827697,37.79495678182648,84.07074643632991
2026-01-02 22:52:45,app-pod-1,26.9056698261041,41.462580283767046,108.04518340816601
2026-01-02 22:53:00,app-pod-1,22.203989130199616,41.470509077444675,100.12697800862611
2026-01-02 22:53:15,app-pod-1,22.566326056188274,32.02079786024892,112.14573613132798
2026-01-02 22:53:30,app-pod-1,23.914727325978937,41.46183251767149,123.99242455632236
2026-01-02 22:53:45,app-pod-1,28.629876196811544,33.77069901612843,133.6403617574485
2026-01-02 22:54:00,app-pod-1,29.401177488787695,41.218820405987664,115.55549083248762
2026-01-02 22:54:15,app-pod-1,26.722040152462107,37.492844260043555,115.58323899238897
2026-01-02 22:54:30,app-pod-1,25.35460216853364,37.97961885801048,104.78446880771709
2026-01-02 22:54:45,app-pod-1,28.38862610767454,34.92686685112468,102.91298117367427
2026-01-02 22:55:00,app-pod-1,23.635892347931488,38.72954192380305,92.80919090217907
2026-01-02 22:55:15,app-pod-1,23.25154349217548,44.20751677209674,119.9734809608106
2026-01-02 22:55:30,app-pod-1,24.058256720532697,31.98149535029099,105.92545073622017
2026-01-02 22:55:45,app-pod-1,21.530141582442134,36.01932671602561,117.01108014284199
2026-01-02 22:56:00,app-pod-1,23.96222479054516,41.052922958776676,79.61142050330102
2026-01-02 22:56:15,app-pod-1,21.156003504949517,33.325498812637406,78.90065078349002
2026-01-02 22:56:30,app-pod-1,27.60423238036548,46.12492727403912,116.6458069601322
2026-01-02 22:56:45,app-pod-1,26.181258893889435,36.17843951862903,115.8604034675774
2026-01-02 22:57:00,app-pod-1,28.859878195341953,39.62044122074539,113.68775149553208
2026-01-02 22:57:15,app-pod-1,19.704343335667325,28.82726935283427,90.82488614440143
2026-01-02 22:57:30,app-pod-1,30.3182897617017,41.85575461854013,133.16753002302838
2026-01-02 22:57:45,app-pod-1,19.91678626589822,33.95686511362361,58.84830148243988
2026-01-02 22:58:00,app-pod-1,21.06030825318522,37.921722001453986,95.5428566375889
2026-01-02 22:58:15,app-pod-1,22.813794168803184,32.78862571605076,107.35414234584388
2026-01-02 22:58:30,app-pod-1,28.620453551041447,36.624339362976144,118.9241401538087
2026-01-02 22:58:45,app-pod-1,25.395050942311734,40.08899624911812,73.98078417383023
2026-01-02 22:59:00,app-pod-1,24.007887959275774,43.79147402186586,91.8790074756016
2026-01-02 22:59:15,app-pod-1,22.382544926797788,38.81283268691337,96.09928322184373
2026-01-02 22:59:30,app-pod-1,20.65367953327268,43.694636916346596,69.62914868408457
2026-01-02 22:59:45,app-pod-1,28.200430920427376,42.51683900040892,126.57634144827635
2026-01-02 23:00:00,app-pod-1,27.2195368810955,41.65014009603869,119.82200105158655
2026-01-02 23:00:15,app-pod-1,28.90204653726392,43.62789697943434,117.62548630230965
2026-01-02 23:00:30,app-pod-1,26.0562322293247,45.680216339423104,104.48653094192152
2026-01-02 23:00:45,app-pod-1,16.96055902438011,38.060241647652006,70.73553171267078
2026-01-02 23:01:00,app-pod-1,21.1742122378451,29.397557400947722,84.63595641072246
2026-01-02 23:01:15,app-pod-1,26.323675648348917,42.429482391894595,86.01239038237598
2026-01-02 23:01:30,app-pod-1,23.84101738398876,38.015494697784675,88.91246582478145
2026-01-02 23:01:45,app-pod-1,23.294755296654028,35.33615362821318,94.26615469955486
2026-01-02 23:02:00,app-pod-1,21.682719624242573,26.313257959682694,108.00992093876427
2026-01-02 23:02:15,app-pod-1,27.856293301229375,31.798600759559168,121.80583241753989
2026-01-02 23:02:30,app-pod-1,26.40323312476859,36.65992708677252,127.697702067371
2026-01-02 23:02:45,app-pod-1,26.559365403111727,31.268598240004486,85.16313519034988
2026-01-02 23:03:00,app-pod-1,23.17612739306493,34.50450508137588,87.3618506194511
2026-01-02 23:03:15,app-pod-1,25.62694567916594,41.51056823922594,133.61565455514722
2026-01-02 23:03:30,app-pod-1,21.10594171977243,31.86937758655992,73.27924390556645
2026-01-02 23:03:45,app-pod-1,24.750912459396115,37.74295173533346,87.559734263847
2026-01-02 23:04:00,app-pod-1,17.577773352227293,26.954681555163766,66.23477339013893
2026-01-02 23:04:15,app-pod-1,20.478385113988693,35.82870600464624,112.18521660992494
2026-01-02 23:04:30,app-pod-1,24.23697517414362,39.50655957924836,86.87503791864873
2026-01-02 23:04:45,app-pod-1,32.35044802815443,35.53064233463739,137.76405930372832
2026-01-02 23:05:00,app-pod-1,19.84405293320193,30.13140557025141,85.25672248694312
2026-01-02 23:05:15,app-pod-1,21.53673459650824,28.73986288051899,57.219606047920465
2026-01-02 23:05:30,app-pod-1,25.93900061614262,40.70337441538909,103.52084299149602
2026-01-02 23:05:45,app-pod-1,30.61815040210357,42.252738084213405,114.17872371270188
2026-01-02 23:06:00,app-pod-1,25.93761021384611,37.907768178514374,113.92002105482528
2026-01-02 23:06:15,app-pod-1,27.45873487420375,38.57970672123602,135.9209930772248
2026-01-02 23:06:30,app-pod-1,24.36072019001269,38.66668131017184,92.27465570212584
2026-01-02 23:06:45,app-pod-1,23.86289430506383,38.418283473601704,90.28271692035185
2026-01-02 23:07:00,app-pod-1,25.662545237754998,35.48589419736078,140.41760449975462
2026-01-02 23:07:15,app-pod-1,23.462362573907583,33.24566978238323,83.17632759847321
2026-01-02 23:07:30,app-pod-1,27.631282755465755,39.046921953641686,90.38010626684665
2026-01-02 23:07:45,app-pod-1,20.66090844001637,33.5139614180128,103.30721240541376
2026-01-02 23:08:00,app-pod-1,28.170940010823188,50.023069132822826,111.92425695648889
2026-01-02 23:08:15,app-pod-1,25.64017807973828,36.02865129396139,106.81050390412642
2026-01-02 23:08:30,app-pod-1,24.899341894874823,38.87786588698427,133.0699589953673
2026-01-02 23:08:45,app-pod-1,20.635821580801544,36.774707547976824,61.49860046570049
2026-01-02 23:09:00,app-pod-1,22.64668528357637,42.855301151574416,87.65480412152013
2026-01-02 23:09:15,app-pod-1,29.203287009387758,36.38637794784076,98.26911539416014
2026-01-02 23:09:30,app-pod-1,25.002822113192618,44.200214624943186,105.03904032023468
2026-01-02 23:09:45,app-pod-1,26.48510622377281,37.80259648503676,97.64536997181754
2026-01-02 23:10:00,app-pod-1,23.03261168129188,48.629554325136326,74.53638290645142
2026-01-02 23:10:15,app-pod-1,25.605345858525663,39.73675319709871,113.40554526387147
2026-01-02 23:10:30,app-pod-1,21.597360794339032,28.973506909282982,86.54437992309465
2026-01-02 23:10:45,app-pod-1,26.0347759732389,37.2385498180528,85.36462676536742
2026-01-02 23:11:00,app-pod-1,26.86836924868168,45.48920526071844,89.61803204111554
2026-01-02 23:11:15,app-pod-1,26.73961313437571,39.12543496611913,110.07557551253898
2026-01-02 23:11:30,app-pod-1,23.08834188138186,35.86371227898178,67.29176005285807
2026-01-02 23:11:45,app-pod-1,24.79427583928678,40.95097890683917,102.58936738272628
2026-01-02 23:12:00,app-pod-1,27.453348621589708,37.49235558177503,129.90674724692315
2026-01-02 23:12:15,app-pod-1,25.22879573779799,36.60649113754391,110.92108737499593
2026-01-02 23:12:30,app-pod-1,25.022539639134944,32.79240519773671,90.74028208695077
2026-01-02 23:12:45,app-pod-1,31.61621077168909,50.77545144501431,130.57994716057007
2026-01-02 23:13:00,app-pod-1,23.074197620598056,30.038881938180978,73.5231476445403
2026-01-02 23:13:15,app-pod-1,29.18978225916138,41.280180880230404,118.80338684717827
2026-01-02 23:13:30,app-pod-1,22.505851562972854,38.15351883449066,85.12066338687424
2026-01-02 23:13:45,app-pod-1,27.95560830486586,39.50067021381379,96.23216207895916
2026-01-02 23:14:00,app-pod-1,28.137098986027965,33.42665531277046,121.90414648352913
2026-01-02 23:14:15,app-pod-1,24.502926855194048,32.15822866008017,68.34959845640027
2026-01-02 23:14:30,app-pod-1,22.40297748965116,38.2946688345389,71.82471836176408
2026-01-02 23:14:45,app-pod-1,20.16549885841551,30.216452657910086,64.6782780908588
2026-01-02 23:15:00,app-pod-1,24.25285303290143,26.616911010588677,89.43929878434102
2026-01-02 23:15:15,app-pod-1,27.698249236191096,41.32366607927926,130.28305896676585
2026-01-02 23:15:30,app-pod-1,22.9081131710333,31.673202319944405,102.9463507292231
2026-01-02 23:15:45,app-pod-1,26.453252326973132,41.67337299673245,107.39269025095773
2026-01-02 23:16:00,app-pod-1,21.75453069873655,34.22006499799416,87.8905840146143
2026-01-02 23:16:15,app-pod-1,25.5035735653414,36.60343985316996,101.83794019747876
2026-01-02 23:16:30,app-pod-1,22.78552899367269,36.211061210656254,111.71949022406754
2026-01-02 23:16:45,app-pod-1,26.014146255141718,32.51743572829729,76.82125760164669
2026-01-02 23:17:00,app-pod-1,24.766280871002703,33.209131171713835,110.63849405832599
2026-01-02 23:17:15,app-pod-1,22.71985682905534,34.60427953656542,83.2565148429633
2026-01-02 23:17:30,app-pod-1,24.335775175479913,31.313327998983087,104.88795547636587
2026-01-02 23:17:45,app-pod-1,23.531369781722837,40.0410471445142,101.74211857165243
2026-01-02 23:18:00,app-pod-1,22.413515389444818,34.15256587017092,100.65273568747104
2026-01-02 23:18:15,app-pod-1,29.624980424617114,33.490303288977444,142.25463417010974
2026-01-02 23:18:30,app-pod-1,25.31767612534384,34.927228393795545,80.70517288507656
2026-01-02 23:18:45,app-pod-1,19.812986427246365,34.37510332368199,94.33361623311643
2026-01-02 23:19:00,app-pod-1,24.57128666773909,34.96944839985793,97.32732361752517
2026-01-02 23:19:15,app-pod-1,29.20673478277582,42.44379377992152,109.91409973145569
2026-01-02 23:19:30,app-pod-1,24.19999850154077,39.81018069864173,127.30642582172867
2026-01-02 23:19:45,app-pod-1,30.998784979346553,53.70765086530816,134.5238085091469
2026-01-02 23:20:00,app-pod-1,23.95705028177662,42.52315620404726,89.57013270817815
2026-01-02 23:20:15,app-pod-1,28.05874784834633,31.459271772025737,126.59467629007976
2026-01-02 23:20:30,app-pod-1,29.679930775857553,38.97478911810691,118.0288459779489
2026-01-02 23:20:45,app-pod-1,27.942092361585516,38.22625819087003,105.27509668747742
2026-01-02 23:21:00,app-pod-1,22.489527999096424,38.61802421149069,80.86680534912593
2026-01-02 23:21:15,app-pod-1,23.807107700842124,31.99704503708093,99.79687844022283
2026-01-02 23:21:30,app-pod-1,30.16623391598561,38.46010292019823,111.45685588220319
2026-01-02 23:21:45,app-pod-1,24.26369806808874,30.762529268115507,99.38622564310668
2026-01-02 23:22:00,app-pod-1,29.62607742449308,37.72692557968761,131.8095478597828
2026-01-02 23:22:15,app-pod-1,25.429713090884796,34.97597142735897,103.37651913010016
2026-01-02 23:22:30,app-pod-1,27.16640248976567,37.451452678554006,138.31312584635216
2026-01-02 23:22:45,app-pod-1,22.605295853448432,29.89114341281512,90.61927688541317
2026-01-02 23:23:00,app-pod-1,24.96034596378598,42.38237087165464,120.0769625755044
2026-01-02 23:23:15,app-pod-1,24.180764375405577,39.287604376950824,111.36748876391083
2026-01-02 23:23:30,app-pod-1,27.50502109696518,32.00936590430337,132.89960302105817
2026-01-02 23:23:45,app-pod-1,27.129357287139698,39.12041479683493,138.09899033063533
2026-01-02 23:24:00,app-pod-1,28.259260387932258,31.955207872839836,86.6169865225301
2026-01-02 23:24:15,app-pod-1,25.421293063984617,44.50618377492239,105.66263668868865
2026-01-02 23:24:30,app-pod-1,24.1237239306677,44.957148617250525,94.8168658286966
2026-01-02 23:24:45,app-pod-1,27.48415864404777,38.96022458139071,111.60813052068394
2026-01-02 23:25:00,app-pod-1,23.868765567180546,32.444910060253044,89.51406307612517
2026-01-02 23:25:15,app-pod-1,30.21436436452413,37.828708417189006,112.70560870031902
2026-01-02 23:25:30,app-pod-1,26.65709772915175,36.391257999027204,90.13457388508817
2026-01-02 23:25:45,app-pod-1,26.043831232410792,37.696545683064556,105.63607413349715
2026-01-02 23:26:00,app-pod-1,28.43033864565842,46.75358528899253,127.73158613351319
2026-01-02 23:26:15,app-pod-1,26.836297012597615,43.563416960363654,99.93975710589568
2026-01-02 23:26:30,app-pod-1,22.112817585798226,40.33399482872923,83.52365763081153
2026-01-02 23:26:45,app-pod-1,23.924268729791756,37.599879464218475,85.2259840105355
2026-01-02 23:27:00,app-pod-1,30.30327367177027,35.444232950530605,106.29783580065623
2026-01-02 23:27:15,app-pod-1,27.403393150797438,35.33209165740006,106.07141653551689
2026-01-02 23:27:30,app-pod-1,22.128632636438304,35.79364916126897,93.66277787615392
2026-01-02 23:27:45,app-pod-1,28.251271543419556,33.770389596173224,131.86527818023424
2026-01-02 23:28:00,app-pod-1,25.538761521189464,39.39704781759316,84.27349869297048
2026-01-02 23:28:15,app-pod-1,24.61464407287088,41.25586845806136,98.0028068218509
2026-01-02 23:28:30,app-pod-1,23.825134989459094,39.40432145241299,112.97258953498195
2026-01-02 23:28:45,app-pod-1,30.281154076931774,43.72275521844391,103.44204712332377
2026-01-02 23:29:00,app-pod-1,21.40648627850949,25.65312714517464,104.63119185535918
2026-01-02 23:29:15,app-pod-1,24.812004111970793,44.03518186173504,92.66370876825599
2026-01-02 23:29:30,app-pod-1,27.70660275727609,31.557695279933192,121.49648786661865
2026-01-02 23:29:45,app-pod-1,32.10293694826681,41.70830979455765,125.14074935426004
2026-01-02 23:30:00,app-pod-1,29.051050744649903,43.428453240185306,123.08543103412555
2026-01-02 23:30:15,app-pod-1,24.873033829336006,39.20411131045932,123.62773720268629
2026-01-02 23:30:30,app-pod-1,32.020802639143575,36.025380212170695,126.26199893961699
2026-01-02 23:30:45,app-pod-1,23.3890097334068,30.88067869886628,108.50353991206296
2026-01-02 23:31:00,app-pod-1,28.272029113348857,41.22577849137811,117.20767356445913
2026-01-02 23:31:15,app-pod-1,28.96101824261425,42.82693783867743,104.05377715360873
2026-01-02 23:31:30,app-pod-1,24.875964221388998,31.87715573190816,97.3200487159804
2026-01-02 23:31:45,app-pod-1,29.63373974408854,42.706581015686865,115.41339261874822
2026-01-02 23:32:00,app-pod-1,26.020942745074173,30.6382925230816,82.9066353768258
2026-01-02 23:32:15,app-pod-1,29.66969585819928,43.89073338725844,125.5643574343035
2026-01-02 23:32:30,app-pod-1,22.08714041614209,31.041789182464314,98.21813093083333
2026-01-02 23:32:45,app-pod-1,28.63251633157826,40.4453287216958,126.71592771444676
2026-01-02 23:33:00,app-pod-1,26.412932032762445,38.052063961456184,127.09857589878163
2026-01-02 23:33:15,app-pod-1,31.12003018688071,47.58730777037284,138.78900213166966
2026-01-02 23:33:30,app-pod-1,27.560646207199294,40.50310248854119,101.19718689723831
2026-01-02 23:33:45,app-pod-1,31.461949301823417,39.02785523807381,119.99478621332895
2026-01-02 23:34:00,app-pod-1,29.258774019741047,42.279105341539605,129.61646597477593
2026-01-02 23:34:15,app-pod-1,27.375088065512703,49.87462784196378,115.34597182959735
2026-01-02 23:34:30,app-pod-1,30.142301757757323,44.8002258368643,120.30181875066106
2026-01-02 23:34:45,app-pod-1,30.183152251197285,40.832371507169626,107.61179858031664
2026-01-02 23:35:00,app-pod-1,29.238392516434317,36.298809904814135,108.9928082953798
2026-01-02 23:35:15,app-pod-1,20.967446615269232,31.594755127649883,92.6119276218375
2026-01-02 23:35:30,app-pod-1,24.918360068067962,40.842816655823725,70.4107304870982
2026-01-02 23:35:45,app-pod-1,32.04005242031735,37.99902383261377,93.0606678725425
2026-01-02 23:36:00,app-pod-1,24.141593168341114,36.91255902323446,106.96703353605201
2026-01-02 23:36:15,app-pod-1,30.578512526284474,48.59305333009618,114.31184498166519
2026-01-02 23:36:30,app-pod-1,30.07218784963991,41.80249345986621,127.31681066022941
2026-01-02 23:36:45,app-pod-1,25.79727603372023,32.66243426711701,126.8391880780772
2026-01-02 23:37:00,app-pod-1,22.010543886408293,46.296619983848856,72.84618858235827
2026-01-02 23:37:15,app-pod-1,26.311209007505724,47.230087794983554,80.2009383054735
2026-01-02 23:37:30,app-pod-1,34.273702324307784,46.49747441891091,132.94884455147292
2026-01-02 23:37:45,app-pod-1,25.471538041474766,44.20885368572777,91.61415054974286
2026-01-02 23:38:00,app-pod-1,25.700312915797713,36.65532063538687,102.42086655772032
2026-01-02 23:38:15,app-pod-1,25.112055031118302,41.20071091011006,108.51870878943028
2026-01-02 23:38:30,app-pod-1,31.770875259266486,40.12191365558277,131.9839151607174
2026-01-02 23:38:45,app-pod-1,27.419496491586344,32.41657239433567,110.37176357773325
2026-01-02 23:39:00,app-pod-1,26.29224893988455,51.36418731212257,121.04137627941111
2026-01-02 23:39:15,app-pod-1,32.43211585616515,35.669790766199085,139.78895759730676
2026-01-02 23:39:30,app-pod-1,29.951904397957524,42.4541237338598,117.08662653463915
2026-01-02 23:39:45,app-pod-1,25.47728186446182,39.26348073101413,111.43785688241913
2026-01-02 23:40:00,app-pod-1,24.586133411861525,39.79032130925066,75.16031860462678
2026-01-02 23:40:15,app-pod-1,31.7531296692937,41.778769437546345,142.96874729983156
2026-01-02 23:40:30,app-pod-1,28.35072094377631,39.44925544450288,113.73573410205427
2026-01-02 23:40:45,app-pod-1,23.674903093305915,37.26449083226577,76.68941991525172
2026-01-02 23:41:00,app-pod-1,22.994488789075238,38.49548455905659,85.728379222989
2026-01-02 23:41:15,app-pod-1,25.017462371727333,37.50314185305798,115.63295537989849
2026-01-02 23:41:30,app-pod-1,24.668869365405488,36.926402826659356,87.16058810188011
2026-01-02 23:41:45,app-pod-1,22.27083874834121,28.98403740914197,95.24232456355769
2026-01-02 23:42:00,app-pod-1,25.132297125497594,47.661020336335206,113.71084303565279
2026-01-02 23:42:15,app-pod-1,25.695326692096973,40.66522443097971,103.14787753596273
2026-01-02 23:42:30,app-pod-1,27.086276644767263,40.00492745785786,95.37620949409727
2026-01-02 23:42:45,app-pod-1,33.57480459362033,40.380026743836176,133.34067133368708
2026-01-02 23:43:00,app-pod-1,27.717300379797187,34.38403930160881,89.72831416878668
2026-01-02 23:43:15,app-pod-1,28.03686318436534,43.92573646929342,104.81761920079387
2026-01-02 23:43:30,app-pod-1,30.089113028262403,40.26306719436099,103.74801320333655
2026-01-02 23:43:45,app-pod-1,27.87115367480364,42.61513049522702,110.78097327771005
2026-01-02 23:44:00,app-pod-1,29.805329416777628,34.10297992323859,100.1816269257674
2026-01-02 23:44:15,app-pod-1,29.468479453167696,48.36220983710054,119.12520457629371
2026-01-02 23:44:30,app-pod-1,29.016166450488523,44.81820369238915,133.05771755803227
2026-01-02 23:44:45,app-pod-1,36.9695665466097,45.473383118803575,165.81323924987342
2026-01-02 23:45:00,app-pod-1,31.42531494753021,44.33584755538568,107.01961585100175
2026-01-02 23:45:15,app-pod-1,25.468542139800174,41.5330012955342,91.88270815332547
2026-01-02 23:45:30,app-pod-1,29.846146861584867,34.207400051037055,132.17606648615885
2026-01-02 23:45:45,app-pod-1,26.382043596801974,46.85656497470098,116.08882851900066
2026-01-02 23:46:00,app-pod-1,30.117781501482384,43.498752041452505,111.24310655970636
2026-01-02 23:46:15,app-pod-1,24.675243603347173,33.752159084679505,91.40393070337562
2026-01-02 23:46:30,app-pod-1,25.499245582724285,32.366513624584194,103.23095365991551
2026-01-02 23:46:45,app-pod-1,29.876086087771977,45.84874896836062,92.00495609298625
2026-01-02 23:47:00,app-pod-1,31.859151589526498,43.357202098803576,135.31656487458554
2026-01-02 23:47:15,app-pod-1,30.39585949261056,43.690106159487854,137.82950912830415
2026-01-02 23:47:30,app-pod-1,31.47206197084554,42.16376615237327,120.0515721496974
2026-01-02 23:47:45,app-pod-1,30.052950461768603,36.02334687735777,98.9235166552964
2026-01-02 23:48:00,app-pod-1,29.470769172238104,43.17262737020726,139.0722810339442
2026-01-02 23:48:15,app-pod-1,27.463988387533153,38.237116175520924,113.14739177949666
2026-01-02 23:48:30,app-pod-1,31.435862191204478,41.896647901377435,136.3778430738935
2026-01-02 23:48:45,app-pod-1,32.093284211931554,54.35031247687997,108.55614766807507
2026-01-02 23:49:00,app-pod-1,28.851090355583793,44.5411089377322,95.64213947502554
2026-01-02 23:49:15,app-pod-1,28.711451362153337,44.73184050229696,121.05762356322263
2026-01-02 23:49:30,app-pod-1,33.85824009643626,57.303383704693175,150.84643401379108
2026-01-02 23:49:45,app-pod-1,29.04455158553333,42.25405547077392,99.23963263391573
2026-01-02 23:50:00,app-pod-1,29.354669863791198,41.146806586900404,115.89164611837957
2026-01-02 23:50:15,app-pod-1,30.6020863417276,38.02542369225311,98.60000258801087
2026-01-02 23:50:30,app-pod-1,28.87778722851073,37.95169176882078,104.98773656961447
2026-01-02 23:50:45,app-pod-1,26.73198339223985,28.476869541826836,103.07257458873394
2026-01-02 23:51:00,app-pod-1,30.348700411389213,45.19620698200532,128.72688023543873
2026-01-02 23:51:15,app-pod-1,29.12033891341539,34.04963225283878,84.89472077986693
2026-01-02 23:51:30,app-pod-1,34.78515437994347,48.8632879757392,158.94659539771138
2026-01-02 23:51:45,app-pod-1,31.645552810867155,41.93675688280414,124.02397515060382
2026-01-02 23:52:00,app-pod-1,27.51556320662094,39.901187818456485,129.4780640831095
2026-01-02 23:52:15,app-pod-1,31.51099446002743,41.8458564712972,136.52443831047867
2026-01-02 23:52:30,app-pod-1,30.269215847757422,48.11882323784503,133.86136820651672
2026-01-02 23:52:45,app-pod-1,33.295702569165535,49.35420359809802,163.48725446419328
2026-01-02 23:53:00,app-pod-1,27.815867097316403,39.326649939848366,99.53924946055344
2026-01-02 23:53:15,app-pod-1,29.977064980119323,36.48892510401704,121.93991100776837
2026-01-02 23:53:30,app-pod-1,29.13556308781497,45.014339688130676,101.68162970584444
2026-01-02 23:53:45,app-pod-1,29.630090479184513,35.86818847835285,116.98722279932858
2026-01-02 23:54:00,app-pod-1,26.820864186830676,31.000298475190665,118.084876434324
2026-01-02 23:54:15,app-pod-1,31.22600548438009,44.3499531815047,141.81406625339218
2026-01-02 23:54:30,app-pod-1,30.77397335200087,47.63423095541674,117.36199901930578
2026-01-02 23:54:45,app-pod-1,33.39756199009144,41.35286755409463,115.51845252110627
2026-01-02 23:55:00,app-pod-1,29.533624743348433,42.696125761517706,119.23408923633704
2026-01-02 23:55:15,app-pod-1,28.34999545370279,37.766627758903454,100.61746236593187
2026-01-02 23:55:30,app-pod-1,31.975209284619517,45.992613242662756,119.2326309895265
2026-01-02 23:55:45,app-pod-1,27.246525645575797,44.54771638396413,119.06209308706825
2026-01-02 23:56:00,app-pod-1,32.90590547650622,41.71980776114424,138.90806668954804
2026-01-02 23:56:15,app-pod-1,32.921291359711354,37.9068881631853,144.19820031129854
2026-01-02 23:56:30,app-pod-1,33.46641595646972,36.14133815647111,128.80738381746005
2026-01-02 23:56:45,app-pod-1,30.84626245612497,46.220825881588716,138.51965596226955
2026-01-02 23:57:00,app-pod-1,28.278718940779765,34.1122708000067,113.33010688510943
2026-01-02 23:57:15,app-pod-1,30.087586165485085,42.92143152185139,116.08801315149047
2026-01-02 23:57:30,app-pod-1,30.922044855353967,45.53246674096036,107.20614060025656
2026-01-02 23:57:45,app-pod-1,28.123228677693376,37.17975068163265,81.14388554294578
2026-01-02 23:58:00,app-pod-1,33.824818156808135,42.84631845886591,111.84035685931411
2026-01-02 23:58:15,app-pod-1,31.5875376771898,47.10649361156672,129.582084369109
2026-01-02 23:58:30,app-pod-1,27.192432374686955,34.99373372560707,95.15693082540977
2026-01-02 23:58:45,app-pod-1,35.53953849197703,40.32911891921343,117.47920256250909
2026-01-02 23:59:00,app-pod-1,30.204901639815578,39.97147504182555,114.52897636546749
2026-01-02 23:59:15,app-pod-1,26.652241141319525,45.04613210930553,110.80566511499009
2026-01-02 23:59:30,app-pod-1,27.465604435071427,47.27957857756801,116.0884592585145
2026-01-02 23:59:45,app-pod-1,34.44153418017273,43.61515882391724,137.33308414869813
